{"type": "FeatureCollection", "metadata": {"generated": "2026-09-30T17:26:00Z", "count": 1500}, "features": [{"type": "Feature", "geometry": {"type": "Point", "coordinates": [141.1933, -8.2866]}, "properties": {"layer": "fire", "frp": 357.1, "confidence": "l", "acq_date": "2026-09-30", "acq_time": "338", "satellite": "N", "daynight": "D", "scope": "world"}}, {"type": "Feature", "geometry": {"type": "Point", "coordinates": [29.6118, -10.5039]}, "properties": {"layer": "fire", "frp": 317.13, "confidence": "l", "acq_date": "2026-09-30", "acq_time": "1204", "satellite": "N", "daynight": "D", "scope": "world"}}, {"type": "Feature", "geometry": {"type": "Point", "coordinates": [37.3955, -2.9584]}, "properties": {"layer": "fire", "frp": 301.88, "confidence": "l", "acq_date": "2026-09-30", "acq_time": "1026", "satellite": "N", "daynight": "D", "scope": "world"}}, {"type": "Feature", "geometry": {"type": "Point", "coordinates": [105.5413, -3.2635]}, "properties": {"layer": "fire", "frp": 278.18, "confidence": "h", "acq_date": "2026-09-30", "acq_time": "701", "satellite": "N", "daynight": "D", "scope": "world"}}, {"type": "Feature", "geometry": {"type": "Point", "coordinates": [37.2203, -2.9723]}, "properties": {"layer": "fire", "frp": 242.97, "confidence": "n", "acq_date": "2026-09-30", "acq_time": "1206", "satellite": "N", "daynight": "D", "scope": "world"}}, {"type": "Feature", "geometry": {"type": "Point", "coordinates": [47.9297, -15.6804]}, "properties": {"layer": "fire", "frp": 226.8, "confidence": "h", "acq_date": "2026-09-30", "acq_time": "1021", "satellite": "N", "daynight": "D", "scope": "world"}}, {"type": "Feature", "geometry": {"type": "Point", "coordinates": [34.5546, -5.4573]}, "properties": {"layer": "fire", "frp": 213.39, "confidence": "h", "acq_date": "2026-09-30", "acq_time": "1204", "satellite": "N", "daynight": "D", "scope": "world"}}, {"type": "Feature", "geometry": {"type": "Point", "coordinates": [37.4688, -3.0593]}, "properties": {"layer": "fire", "frp": 208.27, "confidence": "n", "acq_date": "2026-09-30", "acq_time": "1026", "satellite": "N", "daynight": "D", "scope": "world"}}, {"type": "Feature", "geometry": {"type": "Point", "coordinates": [37.4663, -3.0534]}, "properties": {"layer": "fire", "frp": 208.27, "confidence": "l", "acq_date": "2026-09-30", "acq_time": "1026", "satellite": "N", "daynight": "D", "scope": "world"}}, {"type": "Feature", "geometry": {"type": "Point", "coordinates": [17.8978, -16.3999]}, "properties": {"layer": "fire", "frp": 207.46, "confidence": "n", "acq_date": "2026-09-30", "acq_time": "1202", "satellite": "N", "daynight": "D", "scope": "world"}}, {"type": "Feature", "geometry": {"type": "Point", "coordinates": [15.1918, -15.4996]}, "properties": {"layer": "fire", "frp": 203.22, "confidence": "n", "acq_date": "2026-09-30", "acq_time": "1204", "satellite": "N", "daynight": "D", "scope": "world"}}, {"type": "Feature", "geometry": {"type": "Point", "coordinates": [34.5535, -5.4543]}, "properties": {"layer": "fire", "frp": 198.69, "confidence": "h", "acq_date": "2026-09-30", "acq_time": "1204", "satellite": "N", "daynight": "D", "scope": "world"}}, {"type": "Feature", "geometry": {"type": "Point", "coordinates": [15.0433, -15.1965]}, "properties": {"layer": "fire", "frp": 193.43, "confidence": "n", "acq_date": "2026-09-30", "acq_time": "1344", "satellite": "N", "daynight": "D", "scope": "world"}}, {"type": "Feature", "geometry": {"type": "Point", "coordinates": [17.8856, -16.4014]}, "properties": {"layer": "fire", "frp": 190.4, "confidence": "l", "acq_date": "2026-09-30", "acq_time": "1202", "satellite": "N", "daynight": "D", "scope": "world"}}, {"type": "Feature", "geometry": {"type": "Point", "coordinates": [126.8918, -3.5281]}, "properties": {"layer": "fire", "frp": 185.89, "confidence": "h", "acq_date": "2026-09-30", "acq_time": "521", "satellite": "N", "daynight": "D", "scope": "world"}}, {"type": "Feature", "geometry": {"type": "Point", "coordinates": [126.8913, -3.5247]}, "properties": {"layer": "fire", "frp": 185.89, "confidence": "n", "acq_date": "2026-09-30", "acq_time": "521", "satellite": "N", "daynight": "D", "scope": "world"}}, {"type": "Feature", "geometry": {"type": "Point", "coordinates": [139.0087, -7.4523]}, "properties": {"layer": "fire", "frp": 182.7, "confidence": "l", "acq_date": "2026-09-30", "acq_time": "518", "satellite": "N", "daynight": "D", "scope": "world"}}, {"type": "Feature", "geometry": {"type": "Point", "coordinates": [49.0478, -14.0406]}, "properties": {"layer": "fire", "frp": 181.27, "confidence": "h", "acq_date": "2026-09-30", "acq_time": "1021", "satellite": "N", "daynight": "D", "scope": "world"}}, {"type": "Feature", "geometry": {"type": "Point", "coordinates": [-3.8877, 16.2574]}, "properties": {"layer": "fire", "frp": 180.96, "confidence": "h", "acq_date": "2026-09-30", "acq_time": "1353", "satellite": "N", "daynight": "D", "scope": "world"}}, {"type": "Feature", "geometry": {"type": "Point", "coordinates": [-78.3428, -2.0106]}, "properties": {"layer": "fire", "frp": 180.77, "confidence": "h", "acq_date": "2026-09-30", "acq_time": "612", "satellite": "N", "daynight": "N", "scope": "world"}}, {"type": "Feature", "geometry": {"type": "Point", "coordinates": [-78.3466, -2.01]}, "properties": {"layer": "fire", "frp": 180.77, "confidence": "n", "acq_date": "2026-09-30", "acq_time": "612", "satellite": "N", "daynight": "N", "scope": "world"}}, {"type": "Feature", "geometry": {"type": "Point", "coordinates": [37.4795, -3.0462]}, "properties": {"layer": "fire", "frp": 178.62, "confidence": "h", "acq_date": "2026-09-30", "acq_time": "1026", "satellite": "N", "daynight": "D", "scope": "world"}}, {"type": "Feature", "geometry": {"type": "Point", "coordinates": [37.4725, -2.9594]}, "properties": {"layer": "fire", "frp": 173.15, "confidence": "l", "acq_date": "2026-09-30", "acq_time": "1026", "satellite": "N", "daynight": "D", "scope": "world"}}, {"type": "Feature", "geometry": {"type": "Point", "coordinates": [37.239, -3.0501]}, "properties": {"layer": "fire", "frp": 171.7, "confidence": "l", "acq_date": "2026-09-30", "acq_time": "1026", "satellite": "N", "daynight": "D", "scope": "world"}}, {"type": "Feature", "geometry": {"type": "Point", "coordinates": [37.2378, -3.0439]}, "properties": {"layer": "fire", "frp": 171.7, "confidence": "h", "acq_date": "2026-09-30", "acq_time": "1026", "satellite": "N", "daynight": "D", "scope": "world"}}, {"type": "Feature", "geometry": {"type": "Point", "coordinates": [141.1924, -8.2824]}, "properties": {"layer": "fire", "frp": 169.46, "confidence": "l", "acq_date": "2026-09-30", "acq_time": "338", "satellite": "N", "daynight": "D", "scope": "world"}}, {"type": "Feature", "geometry": {"type": "Point", "coordinates": [141.1964, -8.2819]}, "properties": {"layer": "fire", "frp": 169.46, "confidence": "n", "acq_date": "2026-09-30", "acq_time": "338", "satellite": "N", "daynight": "D", "scope": "world"}}, {"type": "Feature", "geometry": {"type": "Point", "coordinates": [12.7076, -3.865]}, "properties": {"layer": "fire", "frp": 169.3, "confidence": "l", "acq_date": "2026-09-30", "acq_time": "1206", "satellite": "N", "daynight": "D", "scope": "world"}}, {"type": "Feature", "geometry": {"type": "Point", "coordinates": [37.4763, -2.9589]}, "properties": {"layer": "fire", "frp": 161.1, "confidence": "h", "acq_date": "2026-09-30", "acq_time": "1026", "satellite": "N", "daynight": "D", "scope": "world"}}, {"type": "Feature", "geometry": {"type": "Point", "coordinates": [34.5492, -5.455]}, "properties": {"layer": "fire", "frp": 157.2, "confidence": "l", "acq_date": "2026-09-30", "acq_time": "1204", "satellite": "N", "daynight": "D", "scope": "world"}}, {"type": "Feature", "geometry": {"type": "Point", "coordinates": [37.4555, -3.0612]}, "properties": {"layer": "fire", "frp": 157.15, "confidence": "n", "acq_date": "2026-09-30", "acq_time": "1026", "satellite": "N", "daynight": "D", "scope": "world"}}, {"type": "Feature", "geometry": {"type": "Point", "coordinates": [37.2276, -3.0217]}, "properties": {"layer": "fire", "frp": 154.32, "confidence": "n", "acq_date": "2026-09-30", "acq_time": "1026", "satellite": "N", "daynight": "D", "scope": "world"}}, {"type": "Feature", "geometry": {"type": "Point", "coordinates": [141.3025, -8.2661]}, "properties": {"layer": "fire", "frp": 153.27, "confidence": "h", "acq_date": "2026-09-30", "acq_time": "338", "satellite": "N", "daynight": "D", "scope": "world"}}, {"type": "Feature", "geometry": {"type": "Point", "coordinates": [141.3017, -8.2604]}, "properties": {"layer": "fire", "frp": 153.27, "confidence": "l", "acq_date": "2026-09-30", "acq_time": "338", "satellite": "N", "daynight": "D", "scope": "world"}}, {"type": "Feature", "geometry": {"type": "Point", "coordinates": [141.3056, -8.2599]}, "properties": {"layer": "fire", "frp": 153.27, "confidence": "n", "acq_date": "2026-09-30", "acq_time": "338", "satellite": "N", "daynight": "D", "scope": "world"}}, {"type": "Feature", "geometry": {"type": "Point", "coordinates": [103.7015, -3.0541]}, "properties": {"layer": "fire", "frp": 151.71, "confidence": "n", "acq_date": "2026-09-30", "acq_time": "701", "satellite": "N", "daynight": "D", "scope": "world"}}, {"type": "Feature", "geometry": {"type": "Point", "coordinates": [37.2071, -2.9723]}, "properties": {"layer": "fire", "frp": 151.47, "confidence": "n", "acq_date": "2026-09-30", "acq_time": "1206", "satellite": "N", "daynight": "D", "scope": "world"}}, {"type": "Feature", "geometry": {"type": "Point", "coordinates": [124.6539, 1.1133]}, "properties": {"layer": "fire", "frp": 149.87, "confidence": "h", "acq_date": "2026-09-30", "acq_time": "523", "satellite": "N", "daynight": "D", "scope": "world"}}, {"type": "Feature", "geometry": {"type": "Point", "coordinates": [87.1045, 47.8749]}, "properties": {"layer": "fire", "frp": 148.52, "confidence": "n", "acq_date": "2026-09-30", "acq_time": "716", "satellite": "N", "daynight": "D", "scope": "world"}}, {"type": "Feature", "geometry": {"type": "Point", "coordinates": [87.1097, 47.8757]}, "properties": {"layer": "fire", "frp": 148.52, "confidence": "h", "acq_date": "2026-09-30", "acq_time": "716", "satellite": "N", "daynight": "D", "scope": "world"}}, {"type": "Feature", "geometry": {"type": "Point", "coordinates": [87.1086, 47.879]}, "properties": {"layer": "fire", "frp": 148.52, "confidence": "h", "acq_date": "2026-09-30", "acq_time": "716", "satellite": "N", "daynight": "D", "scope": "world"}}, {"type": "Feature", "geometry": {"type": "Point", "coordinates": [48.9277, -13.9428]}, "properties": {"layer": "fire", "frp": 147.26, "confidence": "h", "acq_date": "2026-09-30", "acq_time": "1021", "satellite": "N", "daynight": "D", "scope": "world"}}, {"type": "Feature", "geometry": {"type": "Point", "coordinates": [37.2301, -3.0514]}, "properties": {"layer": "fire", "frp": 146.86, "confidence": "l", "acq_date": "2026-09-30", "acq_time": "1026", "satellite": "N", "daynight": "D", "scope": "world"}}, {"type": "Feature", "geometry": {"type": "Point", "coordinates": [37.2344, -3.0508]}, "properties": {"layer": "fire", "frp": 146.86, "confidence": "l", "acq_date": "2026-09-30", "acq_time": "1026", "satellite": "N", "daynight": "D", "scope": "world"}}, {"type": "Feature", "geometry": {"type": "Point", "coordinates": [37.2295, -3.0451]}, "properties": {"layer": "fire", "frp": 146.86, "confidence": "l", "acq_date": "2026-09-30", "acq_time": "1026", "satellite": "N", "daynight": "D", "scope": "world"}}, {"type": "Feature", "geometry": {"type": "Point", "coordinates": [37.2336, -3.0445]}, "properties": {"layer": "fire", "frp": 146.86, "confidence": "n", "acq_date": "2026-09-30", "acq_time": "1026", "satellite": "N", "daynight": "D", "scope": "world"}}, {"type": "Feature", "geometry": {"type": "Point", "coordinates": [14.5289, -15.2295]}, "properties": {"layer": "fire", "frp": 144.52, "confidence": "n", "acq_date": "2026-09-30", "acq_time": "1204", "satellite": "N", "daynight": "D", "scope": "world"}}, {"type": "Feature", "geometry": {"type": "Point", "coordinates": [37.4677, -3.0542]}, "properties": {"layer": "fire", "frp": 144.4, "confidence": "h", "acq_date": "2026-09-30", "acq_time": "1026", "satellite": "N", "daynight": "D", "scope": "world"}}, {"type": "Feature", "geometry": {"type": "Point", "coordinates": [37.4659, -3.0482]}, "properties": {"layer": "fire", "frp": 144.4, "confidence": "n", "acq_date": "2026-09-30", "acq_time": "1026", "satellite": "N", "daynight": "D", "scope": "world"}}, {"type": "Feature", "geometry": {"type": "Point", "coordinates": [37.4693, -3.0477]}, "properties": {"layer": "fire", "frp": 144.4, "confidence": "n", "acq_date": "2026-09-30", "acq_time": "1026", "satellite": "N", "daynight": "D", "scope": "world"}}, {"type": "Feature", "geometry": {"type": "Point", "coordinates": [48.5952, -14.4792]}, "properties": {"layer": "fire", "frp": 141.89, "confidence": "l", "acq_date": "2026-09-30", "acq_time": "1021", "satellite": "N", "daynight": "D", "scope": "world"}}, {"type": "Feature", "geometry": {"type": "Point", "coordinates": [139.4709, -7.9938]}, "properties": {"layer": "fire", "frp": 141.77, "confidence": "n", "acq_date": "2026-09-30", "acq_time": "338", "satellite": "N", "daynight": "D", "scope": "world"}}, {"type": "Feature", "geometry": {"type": "Point", "coordinates": [14.5342, -15.2352]}, "properties": {"layer": "fire", "frp": 140.17, "confidence": "n", "acq_date": "2026-09-30", "acq_time": "1204", "satellite": "N", "daynight": "D", "scope": "world"}}, {"type": "Feature", "geometry": {"type": "Point", "coordinates": [14.5389, -15.2347]}, "properties": {"layer": "fire", "frp": 140.17, "confidence": "h", "acq_date": "2026-09-30", "acq_time": "1204", "satellite": "N", "daynight": "D", "scope": "world"}}, {"type": "Feature", "geometry": {"type": "Point", "coordinates": [14.5337, -15.229]}, "properties": {"layer": "fire", "frp": 140.17, "confidence": "l", "acq_date": "2026-09-30", "acq_time": "1204", "satellite": "N", "daynight": "D", "scope": "world"}}, {"type": "Feature", "geometry": {"type": "Point", "coordinates": [14.5386, -15.2285]}, "properties": {"layer": "fire", "frp": 140.17, "confidence": "n", "acq_date": "2026-09-30", "acq_time": "1204", "satellite": "N", "daynight": "D", "scope": "world"}}, {"type": "Feature", "geometry": {"type": "Point", "coordinates": [30.0648, -7.8776]}, "properties": {"layer": "fire", "frp": 138.51, "confidence": "n", "acq_date": "2026-09-30", "acq_time": "1204", "satellite": "N", "daynight": "D", "scope": "world"}}, {"type": "Feature", "geometry": {"type": "Point", "coordinates": [30.0601, -7.8741]}, "properties": {"layer": "fire", "frp": 138.51, "confidence": "n", "acq_date": "2026-09-30", "acq_time": "1204", "satellite": "N", "daynight": "D", "scope": "world"}}, {"type": "Feature", "geometry": {"type": "Point", "coordinates": [30.064, -7.8735]}, "properties": {"layer": "fire", "frp": 138.51, "confidence": "h", "acq_date": "2026-09-30", "acq_time": "1204", "satellite": "N", "daynight": "D", "scope": "world"}}, {"type": "Feature", "geometry": {"type": "Point", "coordinates": [144.7132, -18.6113]}, "properties": {"layer": "fire", "frp": 137.81, "confidence": "l", "acq_date": "2026-09-30", "acq_time": "334", "satellite": "N", "daynight": "D", "scope": "world"}}, {"type": "Feature", "geometry": {"type": "Point", "coordinates": [144.7165, -18.611]}, "properties": {"layer": "fire", "frp": 137.81, "confidence": "h", "acq_date": "2026-09-30", "acq_time": "334", "satellite": "N", "daynight": "D", "scope": "world"}}, {"type": "Feature", "geometry": {"type": "Point", "coordinates": [16.4473, -16.0362]}, "properties": {"layer": "fire", "frp": 133.9, "confidence": "h", "acq_date": "2026-09-30", "acq_time": "1202", "satellite": "N", "daynight": "D", "scope": "world"}}, {"type": "Feature", "geometry": {"type": "Point", "coordinates": [17.8878, -16.4045]}, "properties": {"layer": "fire", "frp": 131.23, "confidence": "l", "acq_date": "2026-09-30", "acq_time": "1202", "satellite": "N", "daynight": "D", "scope": "world"}}, {"type": "Feature", "geometry": {"type": "Point", "coordinates": [17.8939, -16.4039]}, "properties": {"layer": "fire", "frp": 131.23, "confidence": "n", "acq_date": "2026-09-30", "acq_time": "1202", "satellite": "N", "daynight": "D", "scope": "world"}}, {"type": "Feature", "geometry": {"type": "Point", "coordinates": [17.8933, -16.3988]}, "properties": {"layer": "fire", "frp": 131.23, "confidence": "h", "acq_date": "2026-09-30", "acq_time": "1202", "satellite": "N", "daynight": "D", "scope": "world"}}, {"type": "Feature", "geometry": {"type": "Point", "coordinates": [29.6225, -8.402]}, "properties": {"layer": "fire", "frp": 130.86, "confidence": "h", "acq_date": "2026-09-30", "acq_time": "1204", "satellite": "N", "daynight": "D", "scope": "world"}}, {"type": "Feature", "geometry": {"type": "Point", "coordinates": [29.6182, -8.3986]}, "properties": {"layer": "fire", "frp": 130.86, "confidence": "n", "acq_date": "2026-09-30", "acq_time": "1204", "satellite": "N", "daynight": "D", "scope": "world"}}, {"type": "Feature", "geometry": {"type": "Point", "coordinates": [29.6218, -8.3979]}, "properties": {"layer": "fire", "frp": 130.86, "confidence": "n", "acq_date": "2026-09-30", "acq_time": "1204", "satellite": "N", "daynight": "D", "scope": "world"}}, {"type": "Feature", "geometry": {"type": "Point", "coordinates": [29.6175, -10.507]}, "properties": {"layer": "fire", "frp": 129.89, "confidence": "n", "acq_date": "2026-09-30", "acq_time": "1204", "satellite": "N", "daynight": "D", "scope": "world"}}, {"type": "Feature", "geometry": {"type": "Point", "coordinates": [16.0767, -15.8891]}, "properties": {"layer": "fire", "frp": 129.7, "confidence": "l", "acq_date": "2026-09-30", "acq_time": "1202", "satellite": "N", "daynight": "D", "scope": "world"}}, {"type": "Feature", "geometry": {"type": "Point", "coordinates": [119.9711, -1.8569]}, "properties": {"layer": "fire", "frp": 129.68, "confidence": "h", "acq_date": "2026-09-30", "acq_time": "521", "satellite": "N", "daynight": "D", "scope": "world"}}, {"type": "Feature", "geometry": {"type": "Point", "coordinates": [119.976, -1.8561]}, "properties": {"layer": "fire", "frp": 129.68, "confidence": "n", "acq_date": "2026-09-30", "acq_time": "521", "satellite": "N", "daynight": "D", "scope": "world"}}, {"type": "Feature", "geometry": {"type": "Point", "coordinates": [119.9754, -1.8522]}, "properties": {"layer": "fire", "frp": 129.68, "confidence": "n", "acq_date": "2026-09-30", "acq_time": "521", "satellite": "N", "daynight": "D", "scope": "world"}}, {"type": "Feature", "geometry": {"type": "Point", "coordinates": [141.2003, -8.2813]}, "properties": {"layer": "fire", "frp": 128.06, "confidence": "h", "acq_date": "2026-09-30", "acq_time": "338", "satellite": "N", "daynight": "D", "scope": "world"}}, {"type": "Feature", "geometry": {"type": "Point", "coordinates": [141.3142, -8.2646]}, "properties": {"layer": "fire", "frp": 127.86, "confidence": "h", "acq_date": "2026-09-30", "acq_time": "338", "satellite": "N", "daynight": "D", "scope": "world"}}, {"type": "Feature", "geometry": {"type": "Point", "coordinates": [141.3095, -8.2594]}, "properties": {"layer": "fire", "frp": 127.86, "confidence": "h", "acq_date": "2026-09-30", "acq_time": "338", "satellite": "N", "daynight": "D", "scope": "world"}}, {"type": "Feature", "geometry": {"type": "Point", "coordinates": [129.8343, -20.6307]}, "properties": {"layer": "fire", "frp": 127.63, "confidence": "h", "acq_date": "2026-09-30", "acq_time": "516", "satellite": "N", "daynight": "D", "scope": "world"}}, {"type": "Feature", "geometry": {"type": "Point", "coordinates": [129.8381, -20.6301]}, "properties": {"layer": "fire", "frp": 127.63, "confidence": "l", "acq_date": "2026-09-30", "acq_time": "516", "satellite": "N", "daynight": "D", "scope": "world"}}, {"type": "Feature", "geometry": {"type": "Point", "coordinates": [129.8337, -20.6274]}, "properties": {"layer": "fire", "frp": 127.63, "confidence": "l", "acq_date": "2026-09-30", "acq_time": "516", "satellite": "N", "daynight": "D", "scope": "world"}}, {"type": "Feature", "geometry": {"type": "Point", "coordinates": [129.8375, -20.6268]}, "properties": {"layer": "fire", "frp": 127.63, "confidence": "l", "acq_date": "2026-09-30", "acq_time": "516", "satellite": "N", "daynight": "D", "scope": "world"}}, {"type": "Feature", "geometry": {"type": "Point", "coordinates": [144.1243, -20.9316]}, "properties": {"layer": "fire", "frp": 127.28, "confidence": "n", "acq_date": "2026-09-30", "acq_time": "514", "satellite": "N", "daynight": "D", "scope": "world"}}, {"type": "Feature", "geometry": {"type": "Point", "coordinates": [144.1317, -20.9297]}, "properties": {"layer": "fire", "frp": 127.28, "confidence": "h", "acq_date": "2026-09-30", "acq_time": "514", "satellite": "N", "daynight": "D", "scope": "world"}}, {"type": "Feature", "geometry": {"type": "Point", "coordinates": [20.4331, -12.0968]}, "properties": {"layer": "fire", "frp": 126.91, "confidence": "n", "acq_date": "2026-09-30", "acq_time": "1204", "satellite": "N", "daynight": "D", "scope": "world"}}, {"type": "Feature", "geometry": {"type": "Point", "coordinates": [129.8355, -20.6374]}, "properties": {"layer": "fire", "frp": 123.52, "confidence": "h", "acq_date": "2026-09-30", "acq_time": "516", "satellite": "N", "daynight": "D", "scope": "world"}}, {"type": "Feature", "geometry": {"type": "Point", "coordinates": [129.8393, -20.6368]}, "properties": {"layer": "fire", "frp": 123.52, "confidence": "n", "acq_date": "2026-09-30", "acq_time": "516", "satellite": "N", "daynight": "D", "scope": "world"}}, {"type": "Feature", "geometry": {"type": "Point", "coordinates": [129.8349, -20.6341]}, "properties": {"layer": "fire", "frp": 123.52, "confidence": "h", "acq_date": "2026-09-30", "acq_time": "516", "satellite": "N", "daynight": "D", "scope": "world"}}, {"type": "Feature", "geometry": {"type": "Point", "coordinates": [129.8387, -20.6335]}, "properties": {"layer": "fire", "frp": 123.52, "confidence": "n", "acq_date": "2026-09-30", "acq_time": "516", "satellite": "N", "daynight": "D", "scope": "world"}}, {"type": "Feature", "geometry": {"type": "Point", "coordinates": [124.6445, 1.1289]}, "properties": {"layer": "fire", "frp": 123.27, "confidence": "n", "acq_date": "2026-09-30", "acq_time": "523", "satellite": "N", "daynight": "D", "scope": "world"}}, {"type": "Feature", "geometry": {"type": "Point", "coordinates": [48.857, -13.8845]}, "properties": {"layer": "fire", "frp": 122.3, "confidence": "h", "acq_date": "2026-09-30", "acq_time": "1021", "satellite": "N", "daynight": "D", "scope": "world"}}, {"type": "Feature", "geometry": {"type": "Point", "coordinates": [48.9611, -15.0557]}, "properties": {"layer": "fire", "frp": 122.26, "confidence": "n", "acq_date": "2026-09-30", "acq_time": "1021", "satellite": "N", "daynight": "D", "scope": "world"}}, {"type": "Feature", "geometry": {"type": "Point", "coordinates": [48.9568, -15.0527]}, "properties": {"layer": "fire", "frp": 122.26, "confidence": "h", "acq_date": "2026-09-30", "acq_time": "1021", "satellite": "N", "daynight": "D", "scope": "world"}}, {"type": "Feature", "geometry": {"type": "Point", "coordinates": [48.9607, -15.0522]}, "properties": {"layer": "fire", "frp": 122.26, "confidence": "l", "acq_date": "2026-09-30", "acq_time": "1021", "satellite": "N", "daynight": "D", "scope": "world"}}, {"type": "Feature", "geometry": {"type": "Point", "coordinates": [30.0687, -7.877]}, "properties": {"layer": "fire", "frp": 121.84, "confidence": "n", "acq_date": "2026-09-30", "acq_time": "1204", "satellite": "N", "daynight": "D", "scope": "world"}}, {"type": "Feature", "geometry": {"type": "Point", "coordinates": [30.0679, -7.8728]}, "properties": {"layer": "fire", "frp": 121.84, "confidence": "n", "acq_date": "2026-09-30", "acq_time": "1204", "satellite": "N", "daynight": "D", "scope": "world"}}, {"type": "Feature", "geometry": {"type": "Point", "coordinates": [22.6959, -12.4687]}, "properties": {"layer": "fire", "frp": 120.61, "confidence": "l", "acq_date": "2026-09-30", "acq_time": "1204", "satellite": "N", "daynight": "D", "scope": "world"}}, {"type": "Feature", "geometry": {"type": "Point", "coordinates": [48.594, -14.4688]}, "properties": {"layer": "fire", "frp": 120.15, "confidence": "l", "acq_date": "2026-09-30", "acq_time": "1021", "satellite": "N", "daynight": "D", "scope": "world"}}, {"type": "Feature", "geometry": {"type": "Point", "coordinates": [23.5195, -13.5391]}, "properties": {"layer": "fire", "frp": 118.08, "confidence": "h", "acq_date": "2026-09-30", "acq_time": "1204", "satellite": "N", "daynight": "D", "scope": "world"}}, {"type": "Feature", "geometry": {"type": "Point", "coordinates": [23.5153, -13.5412]}, "properties": {"layer": "fire", "frp": 117.71, "confidence": "h", "acq_date": "2026-09-30", "acq_time": "1204", "satellite": "N", "daynight": "D", "scope": "world"}}, {"type": "Feature", "geometry": {"type": "Point", "coordinates": [37.2247, -3.0547]}, "properties": {"layer": "fire", "frp": 117.71, "confidence": "n", "acq_date": "2026-09-30", "acq_time": "1206", "satellite": "N", "daynight": "D", "scope": "world"}}, {"type": "Feature", "geometry": {"type": "Point", "coordinates": [37.2322, -3.0534]}, "properties": {"layer": "fire", "frp": 117.71, "confidence": "l", "acq_date": "2026-09-30", "acq_time": "1206", "satellite": "N", "daynight": "D", "scope": "world"}}, {"type": "Feature", "geometry": {"type": "Point", "coordinates": [37.0723, -1.7511]}, "properties": {"layer": "fire", "frp": 116.31, "confidence": "l", "acq_date": "2026-09-30", "acq_time": "1026", "satellite": "N", "daynight": "D", "scope": "world"}}, {"type": "Feature", "geometry": {"type": "Point", "coordinates": [37.077, -1.7504]}, "properties": {"layer": "fire", "frp": 116.31, "confidence": "h", "acq_date": "2026-09-30", "acq_time": "1026", "satellite": "N", "daynight": "D", "scope": "world"}}, {"type": "Feature", "geometry": {"type": "Point", "coordinates": [15.0405, -15.1933]}, "properties": {"layer": "fire", "frp": 114.13, "confidence": "n", "acq_date": "2026-09-30", "acq_time": "1344", "satellite": "N", "daynight": "D", "scope": "world"}}, {"type": "Feature", "geometry": {"type": "Point", "coordinates": [15.0476, -15.1916]}, "properties": {"layer": "fire", "frp": 114.13, "confidence": "h", "acq_date": "2026-09-30", "acq_time": "1344", "satellite": "N", "daynight": "D", "scope": "world"}}, {"type": "Feature", "geometry": {"type": "Point", "coordinates": [37.4732, -3.0524]}, "properties": {"layer": "fire", "frp": 113.65, "confidence": "n", "acq_date": "2026-09-30", "acq_time": "1026", "satellite": "N", "daynight": "D", "scope": "world"}}, {"type": "Feature", "geometry": {"type": "Point", "coordinates": [37.4766, -3.0519]}, "properties": {"layer": "fire", "frp": 113.65, "confidence": "h", "acq_date": "2026-09-30", "acq_time": "1026", "satellite": "N", "daynight": "D", "scope": "world"}}, {"type": "Feature", "geometry": {"type": "Point", "coordinates": [47.7386, -19.9483]}, "properties": {"layer": "fire", "frp": 113.62, "confidence": "n", "acq_date": "2026-09-30", "acq_time": "1019", "satellite": "N", "daynight": "D", "scope": "world"}}, {"type": "Feature", "geometry": {"type": "Point", "coordinates": [47.738, -19.9444]}, "properties": {"layer": "fire", "frp": 113.62, "confidence": "n", "acq_date": "2026-09-30", "acq_time": "1019", "satellite": "N", "daynight": "D", "scope": "world"}}, {"type": "Feature", "geometry": {"type": "Point", "coordinates": [31.1023, -10.1035]}, "properties": {"layer": "fire", "frp": 112.23, "confidence": "n", "acq_date": "2026-09-30", "acq_time": "1204", "satellite": "N", "daynight": "D", "scope": "world"}}, {"type": "Feature", "geometry": {"type": "Point", "coordinates": [15.0504, -15.1949]}, "properties": {"layer": "fire", "frp": 110.25, "confidence": "h", "acq_date": "2026-09-30", "acq_time": "1344", "satellite": "N", "daynight": "D", "scope": "world"}}, {"type": "Feature", "geometry": {"type": "Point", "coordinates": [15.0577, -15.1933]}, "properties": {"layer": "fire", "frp": 110.25, "confidence": "n", "acq_date": "2026-09-30", "acq_time": "1344", "satellite": "N", "daynight": "D", "scope": "world"}}, {"type": "Feature", "geometry": {"type": "Point", "coordinates": [140.9818, -6.871]}, "properties": {"layer": "fire", "frp": 110.23, "confidence": "h", "acq_date": "2026-09-30", "acq_time": "338", "satellite": "N", "daynight": "D", "scope": "world"}}, {"type": "Feature", "geometry": {"type": "Point", "coordinates": [47.9341, -15.6798]}, "properties": {"layer": "fire", "frp": 109.88, "confidence": "l", "acq_date": "2026-09-30", "acq_time": "1021", "satellite": "N", "daynight": "D", "scope": "world"}}, {"type": "Feature", "geometry": {"type": "Point", "coordinates": [37.4606, -3.0678]}, "properties": {"layer": "fire", "frp": 109.67, "confidence": "n", "acq_date": "2026-09-30", "acq_time": "1026", "satellite": "N", "daynight": "D", "scope": "world"}}, {"type": "Feature", "geometry": {"type": "Point", "coordinates": [37.457, -3.0621]}, "properties": {"layer": "fire", "frp": 109.67, "confidence": "n", "acq_date": "2026-09-30", "acq_time": "1026", "satellite": "N", "daynight": "D", "scope": "world"}}, {"type": "Feature", "geometry": {"type": "Point", "coordinates": [121.2212, 1.078]}, "properties": {"layer": "fire", "frp": 109.11, "confidence": "n", "acq_date": "2026-09-30", "acq_time": "523", "satellite": "N", "daynight": "D", "scope": "world"}}, {"type": "Feature", "geometry": {"type": "Point", "coordinates": [105.5864, -3.4274]}, "properties": {"layer": "fire", "frp": 107.47, "confidence": "n", "acq_date": "2026-09-30", "acq_time": "701", "satellite": "N", "daynight": "D", "scope": "world"}}, {"type": "Feature", "geometry": {"type": "Point", "coordinates": [37.4609, -3.0552]}, "properties": {"layer": "fire", "frp": 106.29, "confidence": "n", "acq_date": "2026-09-30", "acq_time": "1026", "satellite": "N", "daynight": "D", "scope": "world"}}, {"type": "Feature", "geometry": {"type": "Point", "coordinates": [37.4643, -3.0547]}, "properties": {"layer": "fire", "frp": 106.29, "confidence": "l", "acq_date": "2026-09-30", "acq_time": "1026", "satellite": "N", "daynight": "D", "scope": "world"}}, {"type": "Feature", "geometry": {"type": "Point", "coordinates": [16.077, -15.8921]}, "properties": {"layer": "fire", "frp": 105.65, "confidence": "n", "acq_date": "2026-09-30", "acq_time": "1202", "satellite": "N", "daynight": "D", "scope": "world"}}, {"type": "Feature", "geometry": {"type": "Point", "coordinates": [105.2972, -3.6597]}, "properties": {"layer": "fire", "frp": 104.88, "confidence": "n", "acq_date": "2026-09-30", "acq_time": "701", "satellite": "N", "daynight": "D", "scope": "world"}}, {"type": "Feature", "geometry": {"type": "Point", "coordinates": [19.775, 28.9103]}, "properties": {"layer": "fire", "frp": 104.29, "confidence": "l", "acq_date": "2026-09-30", "acq_time": "1217", "satellite": "N", "daynight": "D", "scope": "world"}}, {"type": "Feature", "geometry": {"type": "Point", "coordinates": [144.1329, -20.9314]}, "properties": {"layer": "fire", "frp": 103.31, "confidence": "h", "acq_date": "2026-09-30", "acq_time": "514", "satellite": "N", "daynight": "D", "scope": "world"}}, {"type": "Feature", "geometry": {"type": "Point", "coordinates": [47.2855, 31.0276]}, "properties": {"layer": "fire", "frp": 103.17, "confidence": "n", "acq_date": "2026-09-30", "acq_time": "1034", "satellite": "N", "daynight": "D", "scope": "world"}}, {"type": "Feature", "geometry": {"type": "Point", "coordinates": [47.7201, -15.1329]}, "properties": {"layer": "fire", "frp": 102.53, "confidence": "l", "acq_date": "2026-09-30", "acq_time": "1021", "satellite": "N", "daynight": "D", "scope": "world"}}, {"type": "Feature", "geometry": {"type": "Point", "coordinates": [140.9626, -6.8483]}, "properties": {"layer": "fire", "frp": 101.84, "confidence": "h", "acq_date": "2026-09-30", "acq_time": "338", "satellite": "N", "daynight": "D", "scope": "world"}}, {"type": "Feature", "geometry": {"type": "Point", "coordinates": [140.9618, -6.8426]}, "properties": {"layer": "fire", "frp": 101.84, "confidence": "h", "acq_date": "2026-09-30", "acq_time": "338", "satellite": "N", "daynight": "D", "scope": "world"}}, {"type": "Feature", "geometry": {"type": "Point", "coordinates": [105.5816, -3.4237]}, "properties": {"layer": "fire", "frp": 101.57, "confidence": "n", "acq_date": "2026-09-30", "acq_time": "701", "satellite": "N", "daynight": "D", "scope": "world"}}, {"type": "Feature", "geometry": {"type": "Point", "coordinates": [140.9546, -6.8456]}, "properties": {"layer": "fire", "frp": 101.53, "confidence": "n", "acq_date": "2026-09-30", "acq_time": "338", "satellite": "N", "daynight": "D", "scope": "world"}}, {"type": "Feature", "geometry": {"type": "Point", "coordinates": [140.9585, -6.845]}, "properties": {"layer": "fire", "frp": 101.53, "confidence": "l", "acq_date": "2026-09-30", "acq_time": "338", "satellite": "N", "daynight": "D", "scope": "world"}}, {"type": "Feature", "geometry": {"type": "Point", "coordinates": [37.2249, -3.0604]}, "properties": {"layer": "fire", "frp": 101.12, "confidence": "n", "acq_date": "2026-09-30", "acq_time": "1206", "satellite": "N", "daynight": "D", "scope": "world"}}, {"type": "Feature", "geometry": {"type": "Point", "coordinates": [47.7221, -15.1355]}, "properties": {"layer": "fire", "frp": 100.85, "confidence": "l", "acq_date": "2026-09-30", "acq_time": "1021", "satellite": "N", "daynight": "D", "scope": "world"}}, {"type": "Feature", "geometry": {"type": "Point", "coordinates": [117.9895, 2.2653]}, "properties": {"layer": "fire", "frp": 100.24, "confidence": "n", "acq_date": "2026-09-30", "acq_time": "523", "satellite": "N", "daynight": "D", "scope": "world"}}, {"type": "Feature", "geometry": {"type": "Point", "coordinates": [117.9888, 2.2695]}, "properties": {"layer": "fire", "frp": 100.24, "confidence": "n", "acq_date": "2026-09-30", "acq_time": "523", "satellite": "N", "daynight": "D", "scope": "world"}}, {"type": "Feature", "geometry": {"type": "Point", "coordinates": [117.9926, 2.2701]}, "properties": {"layer": "fire", "frp": 100.24, "confidence": "n", "acq_date": "2026-09-30", "acq_time": "523", "satellite": "N", "daynight": "D", "scope": "world"}}, {"type": "Feature", "geometry": {"type": "Point", "coordinates": [25.2061, -8.9266]}, "properties": {"layer": "fire", "frp": 100.03, "confidence": "n", "acq_date": "2026-09-30", "acq_time": "1204", "satellite": "N", "daynight": "D", "scope": "world"}}, {"type": "Feature", "geometry": {"type": "Point", "coordinates": [129.7425, -20.6763]}, "properties": {"layer": "fire", "frp": 99.44, "confidence": "n", "acq_date": "2026-09-30", "acq_time": "516", "satellite": "N", "daynight": "D", "scope": "world"}}, {"type": "Feature", "geometry": {"type": "Point", "coordinates": [37.4025, -2.9632]}, "properties": {"layer": "fire", "frp": 98.77, "confidence": "h", "acq_date": "2026-09-30", "acq_time": "1026", "satellite": "N", "daynight": "D", "scope": "world"}}, {"type": "Feature", "geometry": {"type": "Point", "coordinates": [37.3962, -2.9578]}, "properties": {"layer": "fire", "frp": 98.77, "confidence": "n", "acq_date": "2026-09-30", "acq_time": "1026", "satellite": "N", "daynight": "D", "scope": "world"}}, {"type": "Feature", "geometry": {"type": "Point", "coordinates": [37.4004, -2.9572]}, "properties": {"layer": "fire", "frp": 98.77, "confidence": "h", "acq_date": "2026-09-30", "acq_time": "1026", "satellite": "N", "daynight": "D", "scope": "world"}}, {"type": "Feature", "geometry": {"type": "Point", "coordinates": [34.546, -5.4588]}, "properties": {"layer": "fire", "frp": 98.71, "confidence": "n", "acq_date": "2026-09-30", "acq_time": "1204", "satellite": "N", "daynight": "D", "scope": "world"}}, {"type": "Feature", "geometry": {"type": "Point", "coordinates": [34.5503, -5.4581]}, "properties": {"layer": "fire", "frp": 98.71, "confidence": "l", "acq_date": "2026-09-30", "acq_time": "1204", "satellite": "N", "daynight": "D", "scope": "world"}}, {"type": "Feature", "geometry": {"type": "Point", "coordinates": [131.5514, -22.4962]}, "properties": {"layer": "fire", "frp": 97.98, "confidence": "h", "acq_date": "2026-09-30", "acq_time": "514", "satellite": "N", "daynight": "D", "scope": "world"}}, {"type": "Feature", "geometry": {"type": "Point", "coordinates": [131.5507, -22.4927]}, "properties": {"layer": "fire", "frp": 97.98, "confidence": "n", "acq_date": "2026-09-30", "acq_time": "514", "satellite": "N", "daynight": "D", "scope": "world"}}, {"type": "Feature", "geometry": {"type": "Point", "coordinates": [37.2263, -2.9713]}, "properties": {"layer": "fire", "frp": 97.85, "confidence": "l", "acq_date": "2026-09-30", "acq_time": "1206", "satellite": "N", "daynight": "D", "scope": "world"}}, {"type": "Feature", "geometry": {"type": "Point", "coordinates": [30.0759, -9.1414]}, "properties": {"layer": "fire", "frp": 97.21, "confidence": "h", "acq_date": "2026-09-30", "acq_time": "1204", "satellite": "N", "daynight": "D", "scope": "world"}}, {"type": "Feature", "geometry": {"type": "Point", "coordinates": [25.2131, -8.9255]}, "properties": {"layer": "fire", "frp": 96.77, "confidence": "n", "acq_date": "2026-09-30", "acq_time": "1204", "satellite": "N", "daynight": "D", "scope": "world"}}, {"type": "Feature", "geometry": {"type": "Point", "coordinates": [25.534, -14.0856]}, "properties": {"layer": "fire", "frp": 96.3, "confidence": "h", "acq_date": "2026-09-30", "acq_time": "1204", "satellite": "N", "daynight": "D", "scope": "world"}}, {"type": "Feature", "geometry": {"type": "Point", "coordinates": [139.4742, -7.9948]}, "properties": {"layer": "fire", "frp": 95.76, "confidence": "h", "acq_date": "2026-09-30", "acq_time": "338", "satellite": "N", "daynight": "D", "scope": "world"}}, {"type": "Feature", "geometry": {"type": "Point", "coordinates": [118.2271, -8.4599]}, "properties": {"layer": "fire", "frp": 95.49, "confidence": "n", "acq_date": "2026-09-30", "acq_time": "521", "satellite": "N", "daynight": "D", "scope": "world"}}, {"type": "Feature", "geometry": {"type": "Point", "coordinates": [28.3561, -11.6078]}, "properties": {"layer": "fire", "frp": 95.19, "confidence": "l", "acq_date": "2026-09-30", "acq_time": "1204", "satellite": "N", "daynight": "D", "scope": "world"}}, {"type": "Feature", "geometry": {"type": "Point", "coordinates": [28.3597, -11.6035]}, "properties": {"layer": "fire", "frp": 95.19, "confidence": "n", "acq_date": "2026-09-30", "acq_time": "1204", "satellite": "N", "daynight": "D", "scope": "world"}}, {"type": "Feature", "geometry": {"type": "Point", "coordinates": [25.201, -8.9171]}, "properties": {"layer": "fire", "frp": 93.53, "confidence": "h", "acq_date": "2026-09-30", "acq_time": "1204", "satellite": "N", "daynight": "D", "scope": "world"}}, {"type": "Feature", "geometry": {"type": "Point", "coordinates": [25.2046, -8.9166]}, "properties": {"layer": "fire", "frp": 93.53, "confidence": "n", "acq_date": "2026-09-30", "acq_time": "1204", "satellite": "N", "daynight": "D", "scope": "world"}}, {"type": "Feature", "geometry": {"type": "Point", "coordinates": [29.8436, -4.1257]}, "properties": {"layer": "fire", "frp": 92.52, "confidence": "n", "acq_date": "2026-09-30", "acq_time": "1206", "satellite": "N", "daynight": "D", "scope": "world"}}, {"type": "Feature", "geometry": {"type": "Point", "coordinates": [29.8472, -4.1206]}, "properties": {"layer": "fire", "frp": 92.52, "confidence": "n", "acq_date": "2026-09-30", "acq_time": "1206", "satellite": "N", "daynight": "D", "scope": "world"}}, {"type": "Feature", "geometry": {"type": "Point", "coordinates": [31.9584, -11.1367]}, "properties": {"layer": "fire", "frp": 92.25, "confidence": "n", "acq_date": "2026-09-30", "acq_time": "1204", "satellite": "N", "daynight": "D", "scope": "world"}}, {"type": "Feature", "geometry": {"type": "Point", "coordinates": [48.5385, -14.4871]}, "properties": {"layer": "fire", "frp": 91.87, "confidence": "l", "acq_date": "2026-09-30", "acq_time": "1021", "satellite": "N", "daynight": "D", "scope": "world"}}, {"type": "Feature", "geometry": {"type": "Point", "coordinates": [16.7139, -8.5457]}, "properties": {"layer": "fire", "frp": 91.69, "confidence": "n", "acq_date": "2026-09-30", "acq_time": "1204", "satellite": "N", "daynight": "D", "scope": "world"}}, {"type": "Feature", "geometry": {"type": "Point", "coordinates": [16.7193, -8.5449]}, "properties": {"layer": "fire", "frp": 91.69, "confidence": "n", "acq_date": "2026-09-30", "acq_time": "1204", "satellite": "N", "daynight": "D", "scope": "world"}}, {"type": "Feature", "geometry": {"type": "Point", "coordinates": [16.7186, -8.54]}, "properties": {"layer": "fire", "frp": 91.69, "confidence": "n", "acq_date": "2026-09-30", "acq_time": "1204", "satellite": "N", "daynight": "D", "scope": "world"}}, {"type": "Feature", "geometry": {"type": "Point", "coordinates": [61.4951, 51.654]}, "properties": {"layer": "fire", "frp": 91.47, "confidence": "n", "acq_date": "2026-09-30", "acq_time": "718", "satellite": "N", "daynight": "D", "scope": "world"}}, {"type": "Feature", "geometry": {"type": "Point", "coordinates": [61.5033, 51.6571]}, "properties": {"layer": "fire", "frp": 91.47, "confidence": "h", "acq_date": "2026-09-30", "acq_time": "718", "satellite": "N", "daynight": "D", "scope": "world"}}, {"type": "Feature", "geometry": {"type": "Point", "coordinates": [61.4893, 51.6597]}, "properties": {"layer": "fire", "frp": 91.47, "confidence": "h", "acq_date": "2026-09-30", "acq_time": "718", "satellite": "N", "daynight": "D", "scope": "world"}}, {"type": "Feature", "geometry": {"type": "Point", "coordinates": [48.2832, 30.7536]}, "properties": {"layer": "fire", "frp": 91.46, "confidence": "n", "acq_date": "2026-09-30", "acq_time": "1034", "satellite": "N", "daynight": "D", "scope": "world"}}, {"type": "Feature", "geometry": {"type": "Point", "coordinates": [37.3877, -2.959]}, "properties": {"layer": "fire", "frp": 90.8, "confidence": "n", "acq_date": "2026-09-30", "acq_time": "1026", "satellite": "N", "daynight": "D", "scope": "world"}}, {"type": "Feature", "geometry": {"type": "Point", "coordinates": [37.3919, -2.9584]}, "properties": {"layer": "fire", "frp": 90.8, "confidence": "l", "acq_date": "2026-09-30", "acq_time": "1026", "satellite": "N", "daynight": "D", "scope": "world"}}, {"type": "Feature", "geometry": {"type": "Point", "coordinates": [20.2187, -12.1303]}, "properties": {"layer": "fire", "frp": 90.77, "confidence": "n", "acq_date": "2026-09-30", "acq_time": "1204", "satellite": "N", "daynight": "D", "scope": "world"}}, {"type": "Feature", "geometry": {"type": "Point", "coordinates": [20.4917, -11.8072]}, "properties": {"layer": "fire", "frp": 90.4, "confidence": "n", "acq_date": "2026-09-30", "acq_time": "1204", "satellite": "N", "daynight": "D", "scope": "world"}}, {"type": "Feature", "geometry": {"type": "Point", "coordinates": [126.8881, -3.5314]}, "properties": {"layer": "fire", "frp": 90.19, "confidence": "n", "acq_date": "2026-09-30", "acq_time": "521", "satellite": "N", "daynight": "D", "scope": "world"}}, {"type": "Feature", "geometry": {"type": "Point", "coordinates": [126.8919, -3.5309]}, "properties": {"layer": "fire", "frp": 90.19, "confidence": "l", "acq_date": "2026-09-30", "acq_time": "521", "satellite": "N", "daynight": "D", "scope": "world"}}, {"type": "Feature", "geometry": {"type": "Point", "coordinates": [126.8876, -3.528]}, "properties": {"layer": "fire", "frp": 90.19, "confidence": "n", "acq_date": "2026-09-30", "acq_time": "521", "satellite": "N", "daynight": "D", "scope": "world"}}, {"type": "Feature", "geometry": {"type": "Point", "coordinates": [126.8914, -3.5274]}, "properties": {"layer": "fire", "frp": 90.19, "confidence": "h", "acq_date": "2026-09-30", "acq_time": "521", "satellite": "N", "daynight": "D", "scope": "world"}}, {"type": "Feature", "geometry": {"type": "Point", "coordinates": [140.9632, -6.8502]}, "properties": {"layer": "fire", "frp": 89.4, "confidence": "n", "acq_date": "2026-09-30", "acq_time": "338", "satellite": "N", "daynight": "D", "scope": "world"}}, {"type": "Feature", "geometry": {"type": "Point", "coordinates": [140.9624, -6.8445]}, "properties": {"layer": "fire", "frp": 89.4, "confidence": "h", "acq_date": "2026-09-30", "acq_time": "338", "satellite": "N", "daynight": "D", "scope": "world"}}, {"type": "Feature", "geometry": {"type": "Point", "coordinates": [37.2339, -3.0254]}, "properties": {"layer": "fire", "frp": 88.87, "confidence": "h", "acq_date": "2026-09-30", "acq_time": "1026", "satellite": "N", "daynight": "D", "scope": "world"}}, {"type": "Feature", "geometry": {"type": "Point", "coordinates": [37.2375, -3.0185]}, "properties": {"layer": "fire", "frp": 88.87, "confidence": "h", "acq_date": "2026-09-30", "acq_time": "1026", "satellite": "N", "daynight": "D", "scope": "world"}}, {"type": "Feature", "geometry": {"type": "Point", "coordinates": [18.1024, -16.8767]}, "properties": {"layer": "fire", "frp": 88.68, "confidence": "n", "acq_date": "2026-09-30", "acq_time": "1202", "satellite": "N", "daynight": "D", "scope": "world"}}, {"type": "Feature", "geometry": {"type": "Point", "coordinates": [18.1017, -16.8717]}, "properties": {"layer": "fire", "frp": 88.68, "confidence": "n", "acq_date": "2026-09-30", "acq_time": "1202", "satellite": "N", "daynight": "D", "scope": "world"}}, {"type": "Feature", "geometry": {"type": "Point", "coordinates": [37.4747, -2.9654]}, "properties": {"layer": "fire", "frp": 88.22, "confidence": "n", "acq_date": "2026-09-30", "acq_time": "1026", "satellite": "N", "daynight": "D", "scope": "world"}}, {"type": "Feature", "geometry": {"type": "Point", "coordinates": [37.4786, -2.9648]}, "properties": {"layer": "fire", "frp": 88.22, "confidence": "n", "acq_date": "2026-09-30", "acq_time": "1026", "satellite": "N", "daynight": "D", "scope": "world"}}, {"type": "Feature", "geometry": {"type": "Point", "coordinates": [37.4772, -2.9588]}, "properties": {"layer": "fire", "frp": 88.22, "confidence": "h", "acq_date": "2026-09-30", "acq_time": "1026", "satellite": "N", "daynight": "D", "scope": "world"}}, {"type": "Feature", "geometry": {"type": "Point", "coordinates": [48.1927, -15.7041]}, "properties": {"layer": "fire", "frp": 87.99, "confidence": "l", "acq_date": "2026-09-30", "acq_time": "1021", "satellite": "N", "daynight": "D", "scope": "world"}}, {"type": "Feature", "geometry": {"type": "Point", "coordinates": [48.1971, -15.7035]}, "properties": {"layer": "fire", "frp": 87.99, "confidence": "n", "acq_date": "2026-09-30", "acq_time": "1021", "satellite": "N", "daynight": "D", "scope": "world"}}, {"type": "Feature", "geometry": {"type": "Point", "coordinates": [47.3363, 30.3582]}, "properties": {"layer": "fire", "frp": 87.49, "confidence": "n", "acq_date": "2026-09-30", "acq_time": "1034", "satellite": "N", "daynight": "D", "scope": "world"}}, {"type": "Feature", "geometry": {"type": "Point", "coordinates": [47.9303, -15.6841]}, "properties": {"layer": "fire", "frp": 87.2, "confidence": "h", "acq_date": "2026-09-30", "acq_time": "1021", "satellite": "N", "daynight": "D", "scope": "world"}}, {"type": "Feature", "geometry": {"type": "Point", "coordinates": [118.2249, -8.4626]}, "properties": {"layer": "fire", "frp": 87.02, "confidence": "n", "acq_date": "2026-09-30", "acq_time": "521", "satellite": "N", "daynight": "D", "scope": "world"}}, {"type": "Feature", "geometry": {"type": "Point", "coordinates": [61.5033, 51.6519]}, "properties": {"layer": "fire", "frp": 86.41, "confidence": "n", "acq_date": "2026-09-30", "acq_time": "718", "satellite": "N", "daynight": "D", "scope": "world"}}, {"type": "Feature", "geometry": {"type": "Point", "coordinates": [61.4894, 51.6545]}, "properties": {"layer": "fire", "frp": 86.41, "confidence": "l", "acq_date": "2026-09-30", "acq_time": "718", "satellite": "N", "daynight": "D", "scope": "world"}}, {"type": "Feature", "geometry": {"type": "Point", "coordinates": [61.4976, 51.6577]}, "properties": {"layer": "fire", "frp": 86.41, "confidence": "n", "acq_date": "2026-09-30", "acq_time": "718", "satellite": "N", "daynight": "D", "scope": "world"}}, {"type": "Feature", "geometry": {"type": "Point", "coordinates": [37.3997, -2.9578]}, "properties": {"layer": "fire", "frp": 86.07, "confidence": "h", "acq_date": "2026-09-30", "acq_time": "1026", "satellite": "N", "daynight": "D", "scope": "world"}}, {"type": "Feature", "geometry": {"type": "Point", "coordinates": [37.4038, -2.9572]}, "properties": {"layer": "fire", "frp": 86.07, "confidence": "n", "acq_date": "2026-09-30", "acq_time": "1026", "satellite": "N", "daynight": "D", "scope": "world"}}, {"type": "Feature", "geometry": {"type": "Point", "coordinates": [20.9776, -18.4493]}, "properties": {"layer": "fire", "frp": 85.98, "confidence": "h", "acq_date": "2026-09-30", "acq_time": "1202", "satellite": "N", "daynight": "D", "scope": "world"}}, {"type": "Feature", "geometry": {"type": "Point", "coordinates": [144.1968, -15.4442]}, "properties": {"layer": "fire", "frp": 85.55, "confidence": "h", "acq_date": "2026-09-30", "acq_time": "336", "satellite": "N", "daynight": "D", "scope": "world"}}, {"type": "Feature", "geometry": {"type": "Point", "coordinates": [139.469, -7.9954]}, "properties": {"layer": "fire", "frp": 85.17, "confidence": "l", "acq_date": "2026-09-30", "acq_time": "338", "satellite": "N", "daynight": "D", "scope": "world"}}, {"type": "Feature", "geometry": {"type": "Point", "coordinates": [129.8224, -20.5862]}, "properties": {"layer": "fire", "frp": 84.98, "confidence": "l", "acq_date": "2026-09-30", "acq_time": "516", "satellite": "N", "daynight": "D", "scope": "world"}}, {"type": "Feature", "geometry": {"type": "Point", "coordinates": [129.8218, -20.5829]}, "properties": {"layer": "fire", "frp": 84.98, "confidence": "l", "acq_date": "2026-09-30", "acq_time": "516", "satellite": "N", "daynight": "D", "scope": "world"}}, {"type": "Feature", "geometry": {"type": "Point", "coordinates": [32.2052, -9.6335]}, "properties": {"layer": "fire", "frp": 84.67, "confidence": "n", "acq_date": "2026-09-30", "acq_time": "1204", "satellite": "N", "daynight": "D", "scope": "world"}}, {"type": "Feature", "geometry": {"type": "Point", "coordinates": [35.0393, -5.3387]}, "properties": {"layer": "fire", "frp": 84.29, "confidence": "n", "acq_date": "2026-09-30", "acq_time": "1204", "satellite": "N", "daynight": "D", "scope": "world"}}, {"type": "Feature", "geometry": {"type": "Point", "coordinates": [124.6574, 1.1138]}, "properties": {"layer": "fire", "frp": 84.21, "confidence": "h", "acq_date": "2026-09-30", "acq_time": "523", "satellite": "N", "daynight": "D", "scope": "world"}}, {"type": "Feature", "geometry": {"type": "Point", "coordinates": [124.6569, 1.1171]}, "properties": {"layer": "fire", "frp": 84.21, "confidence": "l", "acq_date": "2026-09-30", "acq_time": "523", "satellite": "N", "daynight": "D", "scope": "world"}}, {"type": "Feature", "geometry": {"type": "Point", "coordinates": [124.6604, 1.1177]}, "properties": {"layer": "fire", "frp": 84.21, "confidence": "n", "acq_date": "2026-09-30", "acq_time": "523", "satellite": "N", "daynight": "D", "scope": "world"}}, {"type": "Feature", "geometry": {"type": "Point", "coordinates": [41.3181, 11.5387]}, "properties": {"layer": "fire", "frp": 83.77, "confidence": "l", "acq_date": "2026-09-30", "acq_time": "1028", "satellite": "N", "daynight": "D", "scope": "world"}}, {"type": "Feature", "geometry": {"type": "Point", "coordinates": [32.0212, -9.6778]}, "properties": {"layer": "fire", "frp": 82.55, "confidence": "n", "acq_date": "2026-09-30", "acq_time": "1204", "satellite": "N", "daynight": "D", "scope": "world"}}, {"type": "Feature", "geometry": {"type": "Point", "coordinates": [37.2695, -3.0453]}, "properties": {"layer": "fire", "frp": 81.89, "confidence": "l", "acq_date": "2026-09-30", "acq_time": "1206", "satellite": "N", "daynight": "D", "scope": "world"}}, {"type": "Feature", "geometry": {"type": "Point", "coordinates": [37.2689, -3.038]}, "properties": {"layer": "fire", "frp": 81.89, "confidence": "n", "acq_date": "2026-09-30", "acq_time": "1206", "satellite": "N", "daynight": "D", "scope": "world"}}, {"type": "Feature", "geometry": {"type": "Point", "coordinates": [104.8971, -3.6259]}, "properties": {"layer": "fire", "frp": 81.84, "confidence": "l", "acq_date": "2026-09-30", "acq_time": "701", "satellite": "N", "daynight": "D", "scope": "world"}}, {"type": "Feature", "geometry": {"type": "Point", "coordinates": [140.9587, -6.8489]}, "properties": {"layer": "fire", "frp": 81.76, "confidence": "n", "acq_date": "2026-09-30", "acq_time": "338", "satellite": "N", "daynight": "D", "scope": "world"}}, {"type": "Feature", "geometry": {"type": "Point", "coordinates": [140.954, -6.8437]}, "properties": {"layer": "fire", "frp": 81.76, "confidence": "n", "acq_date": "2026-09-30", "acq_time": "338", "satellite": "N", "daynight": "D", "scope": "world"}}, {"type": "Feature", "geometry": {"type": "Point", "coordinates": [140.9579, -6.8431]}, "properties": {"layer": "fire", "frp": 81.76, "confidence": "l", "acq_date": "2026-09-30", "acq_time": "338", "satellite": "N", "daynight": "D", "scope": "world"}}, {"type": "Feature", "geometry": {"type": "Point", "coordinates": [129.8212, -20.5795]}, "properties": {"layer": "fire", "frp": 81.74, "confidence": "l", "acq_date": "2026-09-30", "acq_time": "516", "satellite": "N", "daynight": "D", "scope": "world"}}, {"type": "Feature", "geometry": {"type": "Point", "coordinates": [129.8206, -20.5762]}, "properties": {"layer": "fire", "frp": 81.74, "confidence": "l", "acq_date": "2026-09-30", "acq_time": "516", "satellite": "N", "daynight": "D", "scope": "world"}}, {"type": "Feature", "geometry": {"type": "Point", "coordinates": [141.3026, -8.2684]}, "properties": {"layer": "fire", "frp": 81.7, "confidence": "n", "acq_date": "2026-09-30", "acq_time": "338", "satellite": "N", "daynight": "D", "scope": "world"}}, {"type": "Feature", "geometry": {"type": "Point", "coordinates": [141.3065, -8.2679]}, "properties": {"layer": "fire", "frp": 81.7, "confidence": "n", "acq_date": "2026-09-30", "acq_time": "338", "satellite": "N", "daynight": "D", "scope": "world"}}, {"type": "Feature", "geometry": {"type": "Point", "coordinates": [141.3019, -8.2627]}, "properties": {"layer": "fire", "frp": 81.7, "confidence": "l", "acq_date": "2026-09-30", "acq_time": "338", "satellite": "N", "daynight": "D", "scope": "world"}}, {"type": "Feature", "geometry": {"type": "Point", "coordinates": [141.3058, -8.2622]}, "properties": {"layer": "fire", "frp": 81.7, "confidence": "l", "acq_date": "2026-09-30", "acq_time": "338", "satellite": "N", "daynight": "D", "scope": "world"}}, {"type": "Feature", "geometry": {"type": "Point", "coordinates": [20.5674, -14.4277]}, "properties": {"layer": "fire", "frp": 81.52, "confidence": "n", "acq_date": "2026-09-30", "acq_time": "1204", "satellite": "N", "daynight": "D", "scope": "world"}}, {"type": "Feature", "geometry": {"type": "Point", "coordinates": [14.4576, -15.8202]}, "properties": {"layer": "fire", "frp": 81.36, "confidence": "n", "acq_date": "2026-09-30", "acq_time": "1344", "satellite": "N", "daynight": "D", "scope": "world"}}, {"type": "Feature", "geometry": {"type": "Point", "coordinates": [14.4641, -15.8187]}, "properties": {"layer": "fire", "frp": 81.36, "confidence": "h", "acq_date": "2026-09-30", "acq_time": "1344", "satellite": "N", "daynight": "D", "scope": "world"}}, {"type": "Feature", "geometry": {"type": "Point", "coordinates": [14.4562, -15.8134]}, "properties": {"layer": "fire", "frp": 81.36, "confidence": "h", "acq_date": "2026-09-30", "acq_time": "1344", "satellite": "N", "daynight": "D", "scope": "world"}}, {"type": "Feature", "geometry": {"type": "Point", "coordinates": [37.2332, -3.0589]}, "properties": {"layer": "fire", "frp": 81.28, "confidence": "l", "acq_date": "2026-09-30", "acq_time": "1206", "satellite": "N", "daynight": "D", "scope": "world"}}, {"type": "Feature", "geometry": {"type": "Point", "coordinates": [37.2399, -3.0578]}, "properties": {"layer": "fire", "frp": 81.28, "confidence": "n", "acq_date": "2026-09-30", "acq_time": "1206", "satellite": "N", "daynight": "D", "scope": "world"}}, {"type": "Feature", "geometry": {"type": "Point", "coordinates": [49.5398, -13.8226]}, "properties": {"layer": "fire", "frp": 81.13, "confidence": "n", "acq_date": "2026-09-30", "acq_time": "1021", "satellite": "N", "daynight": "D", "scope": "world"}}, {"type": "Feature", "geometry": {"type": "Point", "coordinates": [23.5772, -13.5024]}, "properties": {"layer": "fire", "frp": 81.06, "confidence": "n", "acq_date": "2026-09-30", "acq_time": "1204", "satellite": "N", "daynight": "D", "scope": "world"}}, {"type": "Feature", "geometry": {"type": "Point", "coordinates": [37.1974, -2.988]}, "properties": {"layer": "fire", "frp": 80.72, "confidence": "n", "acq_date": "2026-09-30", "acq_time": "1026", "satellite": "N", "daynight": "D", "scope": "world"}}, {"type": "Feature", "geometry": {"type": "Point", "coordinates": [37.1895, -2.9828]}, "properties": {"layer": "fire", "frp": 80.72, "confidence": "n", "acq_date": "2026-09-30", "acq_time": "1026", "satellite": "N", "daynight": "D", "scope": "world"}}, {"type": "Feature", "geometry": {"type": "Point", "coordinates": [141.4083, -8.2347]}, "properties": {"layer": "fire", "frp": 80.44, "confidence": "n", "acq_date": "2026-09-30", "acq_time": "338", "satellite": "N", "daynight": "D", "scope": "world"}}, {"type": "Feature", "geometry": {"type": "Point", "coordinates": [141.4121, -8.2341]}, "properties": {"layer": "fire", "frp": 80.44, "confidence": "n", "acq_date": "2026-09-30", "acq_time": "338", "satellite": "N", "daynight": "D", "scope": "world"}}, {"type": "Feature", "geometry": {"type": "Point", "coordinates": [37.4745, -3.0532]}, "properties": {"layer": "fire", "frp": 80.33, "confidence": "h", "acq_date": "2026-09-30", "acq_time": "1026", "satellite": "N", "daynight": "D", "scope": "world"}}, {"type": "Feature", "geometry": {"type": "Point", "coordinates": [37.4779, -3.0527]}, "properties": {"layer": "fire", "frp": 80.33, "confidence": "n", "acq_date": "2026-09-30", "acq_time": "1026", "satellite": "N", "daynight": "D", "scope": "world"}}, {"type": "Feature", "geometry": {"type": "Point", "coordinates": [37.4727, -3.0472]}, "properties": {"layer": "fire", "frp": 80.33, "confidence": "n", "acq_date": "2026-09-30", "acq_time": "1026", "satellite": "N", "daynight": "D", "scope": "world"}}, {"type": "Feature", "geometry": {"type": "Point", "coordinates": [37.4761, -3.0467]}, "properties": {"layer": "fire", "frp": 80.33, "confidence": "l", "acq_date": "2026-09-30", "acq_time": "1026", "satellite": "N", "daynight": "D", "scope": "world"}}, {"type": "Feature", "geometry": {"type": "Point", "coordinates": [146.0164, -6.1727]}, "properties": {"layer": "fire", "frp": 80.18, "confidence": "n", "acq_date": "2026-09-30", "acq_time": "338", "satellite": "N", "daynight": "D", "scope": "world"}}, {"type": "Feature", "geometry": {"type": "Point", "coordinates": [144.5695, -15.556]}, "properties": {"layer": "fire", "frp": 78.92, "confidence": "n", "acq_date": "2026-09-30", "acq_time": "336", "satellite": "N", "daynight": "D", "scope": "world"}}, {"type": "Feature", "geometry": {"type": "Point", "coordinates": [144.5756, -15.5553]}, "properties": {"layer": "fire", "frp": 78.92, "confidence": "h", "acq_date": "2026-09-30", "acq_time": "336", "satellite": "N", "daynight": "D", "scope": "world"}}, {"type": "Feature", "geometry": {"type": "Point", "coordinates": [87.1149, 47.8764]}, "properties": {"layer": "fire", "frp": 78.64, "confidence": "l", "acq_date": "2026-09-30", "acq_time": "716", "satellite": "N", "daynight": "D", "scope": "world"}}, {"type": "Feature", "geometry": {"type": "Point", "coordinates": [87.1138, 47.8797]}, "properties": {"layer": "fire", "frp": 78.64, "confidence": "n", "acq_date": "2026-09-30", "acq_time": "716", "satellite": "N", "daynight": "D", "scope": "world"}}, {"type": "Feature", "geometry": {"type": "Point", "coordinates": [35.3989, -1.5815]}, "properties": {"layer": "fire", "frp": 78.35, "confidence": "h", "acq_date": "2026-09-30", "acq_time": "1026", "satellite": "N", "daynight": "D", "scope": "world"}}, {"type": "Feature", "geometry": {"type": "Point", "coordinates": [105.2944, -3.4661]}, "properties": {"layer": "fire", "frp": 78.18, "confidence": "n", "acq_date": "2026-09-30", "acq_time": "701", "satellite": "N", "daynight": "D", "scope": "world"}}, {"type": "Feature", "geometry": {"type": "Point", "coordinates": [105.2984, -3.4655]}, "properties": {"layer": "fire", "frp": 78.18, "confidence": "n", "acq_date": "2026-09-30", "acq_time": "701", "satellite": "N", "daynight": "D", "scope": "world"}}, {"type": "Feature", "geometry": {"type": "Point", "coordinates": [37.2194, -2.9776]}, "properties": {"layer": "fire", "frp": 77.41, "confidence": "n", "acq_date": "2026-09-30", "acq_time": "1206", "satellite": "N", "daynight": "D", "scope": "world"}}, {"type": "Feature", "geometry": {"type": "Point", "coordinates": [37.225, -2.9766]}, "properties": {"layer": "fire", "frp": 77.41, "confidence": "l", "acq_date": "2026-09-30", "acq_time": "1206", "satellite": "N", "daynight": "D", "scope": "world"}}, {"type": "Feature", "geometry": {"type": "Point", "coordinates": [37.2188, -2.9703]}, "properties": {"layer": "fire", "frp": 77.41, "confidence": "l", "acq_date": "2026-09-30", "acq_time": "1206", "satellite": "N", "daynight": "D", "scope": "world"}}, {"type": "Feature", "geometry": {"type": "Point", "coordinates": [37.2251, -2.9692]}, "properties": {"layer": "fire", "frp": 77.41, "confidence": "l", "acq_date": "2026-09-30", "acq_time": "1206", "satellite": "N", "daynight": "D", "scope": "world"}}, {"type": "Feature", "geometry": {"type": "Point", "coordinates": [37.2369, -3.0203]}, "properties": {"layer": "fire", "frp": 76.85, "confidence": "h", "acq_date": "2026-09-30", "acq_time": "1026", "satellite": "N", "daynight": "D", "scope": "world"}}, {"type": "Feature", "geometry": {"type": "Point", "coordinates": [37.2354, -3.0141]}, "properties": {"layer": "fire", "frp": 76.85, "confidence": "h", "acq_date": "2026-09-30", "acq_time": "1026", "satellite": "N", "daynight": "D", "scope": "world"}}, {"type": "Feature", "geometry": {"type": "Point", "coordinates": [15.7587, -8.9367]}, "properties": {"layer": "fire", "frp": 76.69, "confidence": "n", "acq_date": "2026-09-30", "acq_time": "1204", "satellite": "N", "daynight": "D", "scope": "world"}}, {"type": "Feature", "geometry": {"type": "Point", "coordinates": [103.6995, -3.0519]}, "properties": {"layer": "fire", "frp": 76.36, "confidence": "l", "acq_date": "2026-09-30", "acq_time": "701", "satellite": "N", "daynight": "D", "scope": "world"}}, {"type": "Feature", "geometry": {"type": "Point", "coordinates": [103.7043, -3.0512]}, "properties": {"layer": "fire", "frp": 76.36, "confidence": "n", "acq_date": "2026-09-30", "acq_time": "701", "satellite": "N", "daynight": "D", "scope": "world"}}, {"type": "Feature", "geometry": {"type": "Point", "coordinates": [47.412, 32.1152]}, "properties": {"layer": "fire", "frp": 76.17, "confidence": "n", "acq_date": "2026-09-30", "acq_time": "1034", "satellite": "N", "daynight": "D", "scope": "world"}}, {"type": "Feature", "geometry": {"type": "Point", "coordinates": [14.9586, -6.4926]}, "properties": {"layer": "fire", "frp": 75.8, "confidence": "h", "acq_date": "2026-09-30", "acq_time": "1206", "satellite": "N", "daynight": "D", "scope": "world"}}, {"type": "Feature", "geometry": {"type": "Point", "coordinates": [14.9614, -6.4868]}, "properties": {"layer": "fire", "frp": 75.8, "confidence": "l", "acq_date": "2026-09-30", "acq_time": "1206", "satellite": "N", "daynight": "D", "scope": "world"}}, {"type": "Feature", "geometry": {"type": "Point", "coordinates": [40.2903, 39.3319]}, "properties": {"layer": "fire", "frp": 75.49, "confidence": "l", "acq_date": "2026-09-30", "acq_time": "1036", "satellite": "N", "daynight": "D", "scope": "world"}}, {"type": "Feature", "geometry": {"type": "Point", "coordinates": [41.3576, 11.5225]}, "properties": {"layer": "fire", "frp": 75.41, "confidence": "l", "acq_date": "2026-09-30", "acq_time": "1028", "satellite": "N", "daynight": "D", "scope": "world"}}, {"type": "Feature", "geometry": {"type": "Point", "coordinates": [38.9625, -12.0076]}, "properties": {"layer": "fire", "frp": 75.39, "confidence": "n", "acq_date": "2026-09-30", "acq_time": "1021", "satellite": "N", "daynight": "D", "scope": "world"}}, {"type": "Feature", "geometry": {"type": "Point", "coordinates": [38.9675, -12.007]}, "properties": {"layer": "fire", "frp": 75.39, "confidence": "h", "acq_date": "2026-09-30", "acq_time": "1021", "satellite": "N", "daynight": "D", "scope": "world"}}, {"type": "Feature", "geometry": {"type": "Point", "coordinates": [110.2024, 0.1404]}, "properties": {"layer": "fire", "frp": 75.24, "confidence": "h", "acq_date": "2026-09-30", "acq_time": "701", "satellite": "N", "daynight": "D", "scope": "world"}}, {"type": "Feature", "geometry": {"type": "Point", "coordinates": [37.2574, -3.0474]}, "properties": {"layer": "fire", "frp": 75.1, "confidence": "n", "acq_date": "2026-09-30", "acq_time": "1206", "satellite": "N", "daynight": "D", "scope": "world"}}, {"type": "Feature", "geometry": {"type": "Point", "coordinates": [37.2636, -3.0463]}, "properties": {"layer": "fire", "frp": 75.1, "confidence": "h", "acq_date": "2026-09-30", "acq_time": "1206", "satellite": "N", "daynight": "D", "scope": "world"}}, {"type": "Feature", "geometry": {"type": "Point", "coordinates": [37.2568, -3.0401]}, "properties": {"layer": "fire", "frp": 75.1, "confidence": "l", "acq_date": "2026-09-30", "acq_time": "1206", "satellite": "N", "daynight": "D", "scope": "world"}}, {"type": "Feature", "geometry": {"type": "Point", "coordinates": [37.2629, -3.039]}, "properties": {"layer": "fire", "frp": 75.1, "confidence": "l", "acq_date": "2026-09-30", "acq_time": "1206", "satellite": "N", "daynight": "D", "scope": "world"}}, {"type": "Feature", "geometry": {"type": "Point", "coordinates": [53.4174, 51.2761]}, "properties": {"layer": "fire", "frp": 74.75, "confidence": "l", "acq_date": "2026-09-30", "acq_time": "858", "satellite": "N", "daynight": "D", "scope": "world"}}, {"type": "Feature", "geometry": {"type": "Point", "coordinates": [53.4156, 51.2796]}, "properties": {"layer": "fire", "frp": 74.75, "confidence": "n", "acq_date": "2026-09-30", "acq_time": "858", "satellite": "N", "daynight": "D", "scope": "world"}}, {"type": "Feature", "geometry": {"type": "Point", "coordinates": [116.1221, -0.4504]}, "properties": {"layer": "fire", "frp": 74.73, "confidence": "n", "acq_date": "2026-09-30", "acq_time": "523", "satellite": "N", "daynight": "D", "scope": "world"}}, {"type": "Feature", "geometry": {"type": "Point", "coordinates": [24.5512, -13.7151]}, "properties": {"layer": "fire", "frp": 74.56, "confidence": "l", "acq_date": "2026-09-30", "acq_time": "1204", "satellite": "N", "daynight": "D", "scope": "world"}}, {"type": "Feature", "geometry": {"type": "Point", "coordinates": [24.5549, -13.7146]}, "properties": {"layer": "fire", "frp": 74.56, "confidence": "l", "acq_date": "2026-09-30", "acq_time": "1204", "satellite": "N", "daynight": "D", "scope": "world"}}, {"type": "Feature", "geometry": {"type": "Point", "coordinates": [24.5507, -13.7118]}, "properties": {"layer": "fire", "frp": 74.56, "confidence": "n", "acq_date": "2026-09-30", "acq_time": "1204", "satellite": "N", "daynight": "D", "scope": "world"}}, {"type": "Feature", "geometry": {"type": "Point", "coordinates": [30.924, -10.298]}, "properties": {"layer": "fire", "frp": 74.39, "confidence": "n", "acq_date": "2026-09-30", "acq_time": "1204", "satellite": "N", "daynight": "D", "scope": "world"}}, {"type": "Feature", "geometry": {"type": "Point", "coordinates": [103.92, -1.8682]}, "properties": {"layer": "fire", "frp": 74.35, "confidence": "n", "acq_date": "2026-09-30", "acq_time": "701", "satellite": "N", "daynight": "D", "scope": "world"}}, {"type": "Feature", "geometry": {"type": "Point", "coordinates": [20.2648, -12.2068]}, "properties": {"layer": "fire", "frp": 74.33, "confidence": "n", "acq_date": "2026-09-30", "acq_time": "1204", "satellite": "N", "daynight": "D", "scope": "world"}}, {"type": "Feature", "geometry": {"type": "Point", "coordinates": [37.4638, -3.0611]}, "properties": {"layer": "fire", "frp": 73.6, "confidence": "h", "acq_date": "2026-09-30", "acq_time": "1026", "satellite": "N", "daynight": "D", "scope": "world"}}, {"type": "Feature", "geometry": {"type": "Point", "coordinates": [37.4669, -3.0606]}, "properties": {"layer": "fire", "frp": 73.6, "confidence": "n", "acq_date": "2026-09-30", "acq_time": "1026", "satellite": "N", "daynight": "D", "scope": "world"}}, {"type": "Feature", "geometry": {"type": "Point", "coordinates": [140.6359, -7.2937]}, "properties": {"layer": "fire", "frp": 73.54, "confidence": "h", "acq_date": "2026-09-30", "acq_time": "338", "satellite": "N", "daynight": "D", "scope": "world"}}, {"type": "Feature", "geometry": {"type": "Point", "coordinates": [140.631, -7.2884]}, "properties": {"layer": "fire", "frp": 73.54, "confidence": "n", "acq_date": "2026-09-30", "acq_time": "338", "satellite": "N", "daynight": "D", "scope": "world"}}, {"type": "Feature", "geometry": {"type": "Point", "coordinates": [140.6352, -7.2878]}, "properties": {"layer": "fire", "frp": 73.54, "confidence": "n", "acq_date": "2026-09-30", "acq_time": "338", "satellite": "N", "daynight": "D", "scope": "world"}}, {"type": "Feature", "geometry": {"type": "Point", "coordinates": [35.0312, -5.3464]}, "properties": {"layer": "fire", "frp": 73.34, "confidence": "n", "acq_date": "2026-09-30", "acq_time": "1204", "satellite": "N", "daynight": "D", "scope": "world"}}, {"type": "Feature", "geometry": {"type": "Point", "coordinates": [35.0357, -5.3456]}, "properties": {"layer": "fire", "frp": 73.34, "confidence": "h", "acq_date": "2026-09-30", "acq_time": "1204", "satellite": "N", "daynight": "D", "scope": "world"}}, {"type": "Feature", "geometry": {"type": "Point", "coordinates": [35.0301, -5.3403]}, "properties": {"layer": "fire", "frp": 73.34, "confidence": "n", "acq_date": "2026-09-30", "acq_time": "1204", "satellite": "N", "daynight": "D", "scope": "world"}}, {"type": "Feature", "geometry": {"type": "Point", "coordinates": [35.0346, -5.3395]}, "properties": {"layer": "fire", "frp": 73.34, "confidence": "n", "acq_date": "2026-09-30", "acq_time": "1204", "satellite": "N", "daynight": "D", "scope": "world"}}, {"type": "Feature", "geometry": {"type": "Point", "coordinates": [118.5246, -8.5762]}, "properties": {"layer": "fire", "frp": 73.07, "confidence": "n", "acq_date": "2026-09-30", "acq_time": "521", "satellite": "N", "daynight": "D", "scope": "world"}}, {"type": "Feature", "geometry": {"type": "Point", "coordinates": [20.3539, -12.1528]}, "properties": {"layer": "fire", "frp": 72.56, "confidence": "h", "acq_date": "2026-09-30", "acq_time": "1204", "satellite": "N", "daynight": "D", "scope": "world"}}, {"type": "Feature", "geometry": {"type": "Point", "coordinates": [12.7128, -3.8703]}, "properties": {"layer": "fire", "frp": 72.2, "confidence": "l", "acq_date": "2026-09-30", "acq_time": "1206", "satellite": "N", "daynight": "D", "scope": "world"}}, {"type": "Feature", "geometry": {"type": "Point", "coordinates": [15.0548, -15.19]}, "properties": {"layer": "fire", "frp": 72.17, "confidence": "n", "acq_date": "2026-09-30", "acq_time": "1344", "satellite": "N", "daynight": "D", "scope": "world"}}, {"type": "Feature", "geometry": {"type": "Point", "coordinates": [105.2973, -3.6604]}, "properties": {"layer": "fire", "frp": 71.9, "confidence": "n", "acq_date": "2026-09-30", "acq_time": "701", "satellite": "N", "daynight": "D", "scope": "world"}}, {"type": "Feature", "geometry": {"type": "Point", "coordinates": [37.2662, -3.0473]}, "properties": {"layer": "fire", "frp": 71.88, "confidence": "l", "acq_date": "2026-09-30", "acq_time": "1206", "satellite": "N", "daynight": "D", "scope": "world"}}, {"type": "Feature", "geometry": {"type": "Point", "coordinates": [37.272, -3.0463]}, "properties": {"layer": "fire", "frp": 71.88, "confidence": "l", "acq_date": "2026-09-30", "acq_time": "1206", "satellite": "N", "daynight": "D", "scope": "world"}}, {"type": "Feature", "geometry": {"type": "Point", "coordinates": [37.2655, -3.04]}, "properties": {"layer": "fire", "frp": 71.88, "confidence": "l", "acq_date": "2026-09-30", "acq_time": "1206", "satellite": "N", "daynight": "D", "scope": "world"}}, {"type": "Feature", "geometry": {"type": "Point", "coordinates": [37.2713, -3.039]}, "properties": {"layer": "fire", "frp": 71.88, "confidence": "n", "acq_date": "2026-09-30", "acq_time": "1206", "satellite": "N", "daynight": "D", "scope": "world"}}, {"type": "Feature", "geometry": {"type": "Point", "coordinates": [15.7627, -8.9415]}, "properties": {"layer": "fire", "frp": 71.64, "confidence": "h", "acq_date": "2026-09-30", "acq_time": "1204", "satellite": "N", "daynight": "D", "scope": "world"}}, {"type": "Feature", "geometry": {"type": "Point", "coordinates": [15.7619, -8.9363]}, "properties": {"layer": "fire", "frp": 71.64, "confidence": "l", "acq_date": "2026-09-30", "acq_time": "1204", "satellite": "N", "daynight": "D", "scope": "world"}}, {"type": "Feature", "geometry": {"type": "Point", "coordinates": [15.7652, -8.9359]}, "properties": {"layer": "fire", "frp": 71.64, "confidence": "h", "acq_date": "2026-09-30", "acq_time": "1204", "satellite": "N", "daynight": "D", "scope": "world"}}, {"type": "Feature", "geometry": {"type": "Point", "coordinates": [122.5089, -5.0634]}, "properties": {"layer": "fire", "frp": 71.5, "confidence": "l", "acq_date": "2026-09-30", "acq_time": "521", "satellite": "N", "daynight": "D", "scope": "world"}}, {"type": "Feature", "geometry": {"type": "Point", "coordinates": [20.3534, -12.1538]}, "properties": {"layer": "fire", "frp": 71.42, "confidence": "n", "acq_date": "2026-09-30", "acq_time": "1204", "satellite": "N", "daynight": "D", "scope": "world"}}, {"type": "Feature", "geometry": {"type": "Point", "coordinates": [32.0191, -9.6851]}, "properties": {"layer": "fire", "frp": 71.17, "confidence": "n", "acq_date": "2026-09-30", "acq_time": "1204", "satellite": "N", "daynight": "D", "scope": "world"}}, {"type": "Feature", "geometry": {"type": "Point", "coordinates": [32.0183, -9.6804]}, "properties": {"layer": "fire", "frp": 71.17, "confidence": "l", "acq_date": "2026-09-30", "acq_time": "1204", "satellite": "N", "daynight": "D", "scope": "world"}}, {"type": "Feature", "geometry": {"type": "Point", "coordinates": [16.081, -15.8916]}, "properties": {"layer": "fire", "frp": 71.14, "confidence": "l", "acq_date": "2026-09-30", "acq_time": "1202", "satellite": "N", "daynight": "D", "scope": "world"}}, {"type": "Feature", "geometry": {"type": "Point", "coordinates": [16.0849, -15.8912]}, "properties": {"layer": "fire", "frp": 71.14, "confidence": "h", "acq_date": "2026-09-30", "acq_time": "1202", "satellite": "N", "daynight": "D", "scope": "world"}}, {"type": "Feature", "geometry": {"type": "Point", "coordinates": [16.0804, -15.886]}, "properties": {"layer": "fire", "frp": 71.14, "confidence": "n", "acq_date": "2026-09-30", "acq_time": "1202", "satellite": "N", "daynight": "D", "scope": "world"}}, {"type": "Feature", "geometry": {"type": "Point", "coordinates": [16.0844, -15.8856]}, "properties": {"layer": "fire", "frp": 71.14, "confidence": "n", "acq_date": "2026-09-30", "acq_time": "1202", "satellite": "N", "daynight": "D", "scope": "world"}}, {"type": "Feature", "geometry": {"type": "Point", "coordinates": [16.0806, -15.8886]}, "properties": {"layer": "fire", "frp": 70.09, "confidence": "l", "acq_date": "2026-09-30", "acq_time": "1202", "satellite": "N", "daynight": "D", "scope": "world"}}, {"type": "Feature", "geometry": {"type": "Point", "coordinates": [16.0846, -15.8882]}, "properties": {"layer": "fire", "frp": 70.09, "confidence": "h", "acq_date": "2026-09-30", "acq_time": "1202", "satellite": "N", "daynight": "D", "scope": "world"}}, {"type": "Feature", "geometry": {"type": "Point", "coordinates": [16.0802, -15.8829]}, "properties": {"layer": "fire", "frp": 70.09, "confidence": "h", "acq_date": "2026-09-30", "acq_time": "1202", "satellite": "N", "daynight": "D", "scope": "world"}}, {"type": "Feature", "geometry": {"type": "Point", "coordinates": [16.0841, -15.8825]}, "properties": {"layer": "fire", "frp": 70.09, "confidence": "h", "acq_date": "2026-09-30", "acq_time": "1202", "satellite": "N", "daynight": "D", "scope": "world"}}, {"type": "Feature", "geometry": {"type": "Point", "coordinates": [117.9497, 1.6843]}, "properties": {"layer": "fire", "frp": 70.03, "confidence": "n", "acq_date": "2026-09-30", "acq_time": "523", "satellite": "N", "daynight": "D", "scope": "world"}}, {"type": "Feature", "geometry": {"type": "Point", "coordinates": [144.118, -20.9353]}, "properties": {"layer": "fire", "frp": 68.91, "confidence": "n", "acq_date": "2026-09-30", "acq_time": "514", "satellite": "N", "daynight": "D", "scope": "world"}}, {"type": "Feature", "geometry": {"type": "Point", "coordinates": [144.1255, -20.9333]}, "properties": {"layer": "fire", "frp": 68.91, "confidence": "n", "acq_date": "2026-09-30", "acq_time": "514", "satellite": "N", "daynight": "D", "scope": "world"}}, {"type": "Feature", "geometry": {"type": "Point", "coordinates": [144.1236, -20.9262]}, "properties": {"layer": "fire", "frp": 68.91, "confidence": "h", "acq_date": "2026-09-30", "acq_time": "514", "satellite": "N", "daynight": "D", "scope": "world"}}, {"type": "Feature", "geometry": {"type": "Point", "coordinates": [33.8856, 0.6797]}, "properties": {"layer": "fire", "frp": 68.76, "confidence": "h", "acq_date": "2026-09-30", "acq_time": "1026", "satellite": "N", "daynight": "D", "scope": "world"}}, {"type": "Feature", "geometry": {"type": "Point", "coordinates": [140.5932, -7.8404]}, "properties": {"layer": "fire", "frp": 68.69, "confidence": "n", "acq_date": "2026-09-30", "acq_time": "338", "satellite": "N", "daynight": "D", "scope": "world"}}, {"type": "Feature", "geometry": {"type": "Point", "coordinates": [140.5975, -7.8398]}, "properties": {"layer": "fire", "frp": 68.69, "confidence": "n", "acq_date": "2026-09-30", "acq_time": "338", "satellite": "N", "daynight": "D", "scope": "world"}}, {"type": "Feature", "geometry": {"type": "Point", "coordinates": [141.3104, -8.2674]}, "properties": {"layer": "fire", "frp": 68.51, "confidence": "n", "acq_date": "2026-09-30", "acq_time": "338", "satellite": "N", "daynight": "D", "scope": "world"}}, {"type": "Feature", "geometry": {"type": "Point", "coordinates": [141.3143, -8.2669]}, "properties": {"layer": "fire", "frp": 68.51, "confidence": "h", "acq_date": "2026-09-30", "acq_time": "338", "satellite": "N", "daynight": "D", "scope": "world"}}, {"type": "Feature", "geometry": {"type": "Point", "coordinates": [141.3097, -8.2617]}, "properties": {"layer": "fire", "frp": 68.51, "confidence": "n", "acq_date": "2026-09-30", "acq_time": "338", "satellite": "N", "daynight": "D", "scope": "world"}}, {"type": "Feature", "geometry": {"type": "Point", "coordinates": [141.3136, -8.2612]}, "properties": {"layer": "fire", "frp": 68.51, "confidence": "n", "acq_date": "2026-09-30", "acq_time": "338", "satellite": "N", "daynight": "D", "scope": "world"}}, {"type": "Feature", "geometry": {"type": "Point", "coordinates": [123.0696, -5.3536]}, "properties": {"layer": "fire", "frp": 68.31, "confidence": "l", "acq_date": "2026-09-30", "acq_time": "521", "satellite": "N", "daynight": "D", "scope": "world"}}, {"type": "Feature", "geometry": {"type": "Point", "coordinates": [123.0734, -5.353]}, "properties": {"layer": "fire", "frp": 68.31, "confidence": "n", "acq_date": "2026-09-30", "acq_time": "521", "satellite": "N", "daynight": "D", "scope": "world"}}, {"type": "Feature", "geometry": {"type": "Point", "coordinates": [123.0729, -5.3495]}, "properties": {"layer": "fire", "frp": 68.31, "confidence": "n", "acq_date": "2026-09-30", "acq_time": "521", "satellite": "N", "daynight": "D", "scope": "world"}}, {"type": "Feature", "geometry": {"type": "Point", "coordinates": [30.0531, -7.8796]}, "properties": {"layer": "fire", "frp": 67.94, "confidence": "l", "acq_date": "2026-09-30", "acq_time": "1204", "satellite": "N", "daynight": "D", "scope": "world"}}, {"type": "Feature", "geometry": {"type": "Point", "coordinates": [30.057, -7.879]}, "properties": {"layer": "fire", "frp": 67.94, "confidence": "l", "acq_date": "2026-09-30", "acq_time": "1204", "satellite": "N", "daynight": "D", "scope": "world"}}, {"type": "Feature", "geometry": {"type": "Point", "coordinates": [30.0523, -7.8754]}, "properties": {"layer": "fire", "frp": 67.94, "confidence": "h", "acq_date": "2026-09-30", "acq_time": "1204", "satellite": "N", "daynight": "D", "scope": "world"}}, {"type": "Feature", "geometry": {"type": "Point", "coordinates": [30.0562, -7.8748]}, "properties": {"layer": "fire", "frp": 67.94, "confidence": "h", "acq_date": "2026-09-30", "acq_time": "1204", "satellite": "N", "daynight": "D", "scope": "world"}}, {"type": "Feature", "geometry": {"type": "Point", "coordinates": [37.4623, -3.0602]}, "properties": {"layer": "fire", "frp": 67.66, "confidence": "h", "acq_date": "2026-09-30", "acq_time": "1026", "satellite": "N", "daynight": "D", "scope": "world"}}, {"type": "Feature", "geometry": {"type": "Point", "coordinates": [37.4656, -3.0598]}, "properties": {"layer": "fire", "frp": 67.66, "confidence": "h", "acq_date": "2026-09-30", "acq_time": "1026", "satellite": "N", "daynight": "D", "scope": "world"}}, {"type": "Feature", "geometry": {"type": "Point", "coordinates": [37.4595, -3.0543]}, "properties": {"layer": "fire", "frp": 67.66, "confidence": "n", "acq_date": "2026-09-30", "acq_time": "1026", "satellite": "N", "daynight": "D", "scope": "world"}}, {"type": "Feature", "geometry": {"type": "Point", "coordinates": [37.4629, -3.0539]}, "properties": {"layer": "fire", "frp": 67.66, "confidence": "n", "acq_date": "2026-09-30", "acq_time": "1026", "satellite": "N", "daynight": "D", "scope": "world"}}, {"type": "Feature", "geometry": {"type": "Point", "coordinates": [139.476, -7.9931]}, "properties": {"layer": "fire", "frp": 67.54, "confidence": "n", "acq_date": "2026-09-30", "acq_time": "338", "satellite": "N", "daynight": "D", "scope": "world"}}, {"type": "Feature", "geometry": {"type": "Point", "coordinates": [47.3262, 30.686]}, "properties": {"layer": "fire", "frp": 67.46, "confidence": "n", "acq_date": "2026-09-30", "acq_time": "1034", "satellite": "N", "daynight": "D", "scope": "world"}}, {"type": "Feature", "geometry": {"type": "Point", "coordinates": [116.327, -0.3368]}, "properties": {"layer": "fire", "frp": 67.39, "confidence": "n", "acq_date": "2026-09-30", "acq_time": "523", "satellite": "N", "daynight": "D", "scope": "world"}}, {"type": "Feature", "geometry": {"type": "Point", "coordinates": [20.4278, -12.0976]}, "properties": {"layer": "fire", "frp": 67.21, "confidence": "n", "acq_date": "2026-09-30", "acq_time": "1204", "satellite": "N", "daynight": "D", "scope": "world"}}, {"type": "Feature", "geometry": {"type": "Point", "coordinates": [122.8558, -4.9106]}, "properties": {"layer": "fire", "frp": 67.19, "confidence": "l", "acq_date": "2026-09-30", "acq_time": "521", "satellite": "N", "daynight": "D", "scope": "world"}}, {"type": "Feature", "geometry": {"type": "Point", "coordinates": [30.107, -10.038]}, "properties": {"layer": "fire", "frp": 66.95, "confidence": "n", "acq_date": "2026-09-30", "acq_time": "1204", "satellite": "N", "daynight": "D", "scope": "world"}}, {"type": "Feature", "geometry": {"type": "Point", "coordinates": [15.829, -6.0117]}, "properties": {"layer": "fire", "frp": 66.64, "confidence": "n", "acq_date": "2026-09-30", "acq_time": "1206", "satellite": "N", "daynight": "D", "scope": "world"}}, {"type": "Feature", "geometry": {"type": "Point", "coordinates": [134.6656, -15.3011]}, "properties": {"layer": "fire", "frp": 66.43, "confidence": "n", "acq_date": "2026-09-30", "acq_time": "516", "satellite": "N", "daynight": "D", "scope": "world"}}, {"type": "Feature", "geometry": {"type": "Point", "coordinates": [22.7131, -12.4765]}, "properties": {"layer": "fire", "frp": 66.36, "confidence": "l", "acq_date": "2026-09-30", "acq_time": "1204", "satellite": "N", "daynight": "D", "scope": "world"}}, {"type": "Feature", "geometry": {"type": "Point", "coordinates": [17.8811, -16.4002]}, "properties": {"layer": "fire", "frp": 66.12, "confidence": "l", "acq_date": "2026-09-30", "acq_time": "1202", "satellite": "N", "daynight": "D", "scope": "world"}}, {"type": "Feature", "geometry": {"type": "Point", "coordinates": [16.9124, -4.2837]}, "properties": {"layer": "fire", "frp": 65.97, "confidence": "n", "acq_date": "2026-09-30", "acq_time": "1206", "satellite": "N", "daynight": "D", "scope": "world"}}, {"type": "Feature", "geometry": {"type": "Point", "coordinates": [47.9659, -16.0206]}, "properties": {"layer": "fire", "frp": 65.78, "confidence": "l", "acq_date": "2026-09-30", "acq_time": "1021", "satellite": "N", "daynight": "D", "scope": "world"}}, {"type": "Feature", "geometry": {"type": "Point", "coordinates": [140.6347, -7.2949]}, "properties": {"layer": "fire", "frp": 65.68, "confidence": "h", "acq_date": "2026-09-30", "acq_time": "338", "satellite": "N", "daynight": "D", "scope": "world"}}, {"type": "Feature", "geometry": {"type": "Point", "coordinates": [140.6388, -7.2943]}, "properties": {"layer": "fire", "frp": 65.68, "confidence": "h", "acq_date": "2026-09-30", "acq_time": "338", "satellite": "N", "daynight": "D", "scope": "world"}}, {"type": "Feature", "geometry": {"type": "Point", "coordinates": [140.634, -7.289]}, "properties": {"layer": "fire", "frp": 65.68, "confidence": "h", "acq_date": "2026-09-30", "acq_time": "338", "satellite": "N", "daynight": "D", "scope": "world"}}, {"type": "Feature", "geometry": {"type": "Point", "coordinates": [14.5437, -15.2342]}, "properties": {"layer": "fire", "frp": 65.67, "confidence": "h", "acq_date": "2026-09-30", "acq_time": "1204", "satellite": "N", "daynight": "D", "scope": "world"}}, {"type": "Feature", "geometry": {"type": "Point", "coordinates": [14.5485, -15.2337]}, "properties": {"layer": "fire", "frp": 65.67, "confidence": "n", "acq_date": "2026-09-30", "acq_time": "1204", "satellite": "N", "daynight": "D", "scope": "world"}}, {"type": "Feature", "geometry": {"type": "Point", "coordinates": [14.5434, -15.228]}, "properties": {"layer": "fire", "frp": 65.67, "confidence": "n", "acq_date": "2026-09-30", "acq_time": "1204", "satellite": "N", "daynight": "D", "scope": "world"}}, {"type": "Feature", "geometry": {"type": "Point", "coordinates": [146.7026, -6.0613]}, "properties": {"layer": "fire", "frp": 65.61, "confidence": "l", "acq_date": "2026-09-30", "acq_time": "338", "satellite": "N", "daynight": "D", "scope": "world"}}, {"type": "Feature", "geometry": {"type": "Point", "coordinates": [146.6983, -6.058]}, "properties": {"layer": "fire", "frp": 65.61, "confidence": "l", "acq_date": "2026-09-30", "acq_time": "338", "satellite": "N", "daynight": "D", "scope": "world"}}, {"type": "Feature", "geometry": {"type": "Point", "coordinates": [37.1019, -5.3478]}, "properties": {"layer": "fire", "frp": 65.19, "confidence": "h", "acq_date": "2026-09-30", "acq_time": "1204", "satellite": "N", "daynight": "D", "scope": "world"}}, {"type": "Feature", "geometry": {"type": "Point", "coordinates": [140.6027, -7.8421]}, "properties": {"layer": "fire", "frp": 65.01, "confidence": "h", "acq_date": "2026-09-30", "acq_time": "338", "satellite": "N", "daynight": "D", "scope": "world"}}, {"type": "Feature", "geometry": {"type": "Point", "coordinates": [140.607, -7.8415]}, "properties": {"layer": "fire", "frp": 65.01, "confidence": "h", "acq_date": "2026-09-30", "acq_time": "338", "satellite": "N", "daynight": "D", "scope": "world"}}, {"type": "Feature", "geometry": {"type": "Point", "coordinates": [141.1932, -8.2881]}, "properties": {"layer": "fire", "frp": 64.94, "confidence": "n", "acq_date": "2026-09-30", "acq_time": "338", "satellite": "N", "daynight": "D", "scope": "world"}}, {"type": "Feature", "geometry": {"type": "Point", "coordinates": [141.1971, -8.2876]}, "properties": {"layer": "fire", "frp": 64.94, "confidence": "n", "acq_date": "2026-09-30", "acq_time": "338", "satellite": "N", "daynight": "D", "scope": "world"}}, {"type": "Feature", "geometry": {"type": "Point", "coordinates": [34.8412, -5.4987]}, "properties": {"layer": "fire", "frp": 64.94, "confidence": "h", "acq_date": "2026-09-30", "acq_time": "1204", "satellite": "N", "daynight": "D", "scope": "world"}}, {"type": "Feature", "geometry": {"type": "Point", "coordinates": [106.6333, -3.0744]}, "properties": {"layer": "fire", "frp": 64.93, "confidence": "n", "acq_date": "2026-09-30", "acq_time": "701", "satellite": "N", "daynight": "D", "scope": "world"}}, {"type": "Feature", "geometry": {"type": "Point", "coordinates": [139.0163, -7.458]}, "properties": {"layer": "fire", "frp": 64.92, "confidence": "n", "acq_date": "2026-09-30", "acq_time": "518", "satellite": "N", "daynight": "D", "scope": "world"}}, {"type": "Feature", "geometry": {"type": "Point", "coordinates": [139.0226, -7.4568]}, "properties": {"layer": "fire", "frp": 64.92, "confidence": "l", "acq_date": "2026-09-30", "acq_time": "518", "satellite": "N", "daynight": "D", "scope": "world"}}, {"type": "Feature", "geometry": {"type": "Point", "coordinates": [139.0151, -7.4511]}, "properties": {"layer": "fire", "frp": 64.92, "confidence": "h", "acq_date": "2026-09-30", "acq_time": "518", "satellite": "N", "daynight": "D", "scope": "world"}}, {"type": "Feature", "geometry": {"type": "Point", "coordinates": [139.0214, -7.4499]}, "properties": {"layer": "fire", "frp": 64.92, "confidence": "n", "acq_date": "2026-09-30", "acq_time": "518", "satellite": "N", "daynight": "D", "scope": "world"}}, {"type": "Feature", "geometry": {"type": "Point", "coordinates": [144.7198, -18.6106]}, "properties": {"layer": "fire", "frp": 64.61, "confidence": "n", "acq_date": "2026-09-30", "acq_time": "334", "satellite": "N", "daynight": "D", "scope": "world"}}, {"type": "Feature", "geometry": {"type": "Point", "coordinates": [144.7231, -18.6103]}, "properties": {"layer": "fire", "frp": 64.61, "confidence": "h", "acq_date": "2026-09-30", "acq_time": "334", "satellite": "N", "daynight": "D", "scope": "world"}}, {"type": "Feature", "geometry": {"type": "Point", "coordinates": [-3.8831, 16.2544]}, "properties": {"layer": "fire", "frp": 64.53, "confidence": "n", "acq_date": "2026-09-30", "acq_time": "1353", "satellite": "N", "daynight": "D", "scope": "world"}}, {"type": "Feature", "geometry": {"type": "Point", "coordinates": [-3.8836, 16.2579]}, "properties": {"layer": "fire", "frp": 64.53, "confidence": "n", "acq_date": "2026-09-30", "acq_time": "1353", "satellite": "N", "daynight": "D", "scope": "world"}}, {"type": "Feature", "geometry": {"type": "Point", "coordinates": [35.0241, -5.7938]}, "properties": {"layer": "fire", "frp": 64.18, "confidence": "n", "acq_date": "2026-09-30", "acq_time": "1204", "satellite": "N", "daynight": "D", "scope": "world"}}, {"type": "Feature", "geometry": {"type": "Point", "coordinates": [35.029, -5.7929]}, "properties": {"layer": "fire", "frp": 64.18, "confidence": "l", "acq_date": "2026-09-30", "acq_time": "1204", "satellite": "N", "daynight": "D", "scope": "world"}}, {"type": "Feature", "geometry": {"type": "Point", "coordinates": [28.8218, -3.27]}, "properties": {"layer": "fire", "frp": 64.12, "confidence": "n", "acq_date": "2026-09-30", "acq_time": "1206", "satellite": "N", "daynight": "D", "scope": "world"}}, {"type": "Feature", "geometry": {"type": "Point", "coordinates": [48.0373, -14.8937]}, "properties": {"layer": "fire", "frp": 63.35, "confidence": "l", "acq_date": "2026-09-30", "acq_time": "1021", "satellite": "N", "daynight": "D", "scope": "world"}}, {"type": "Feature", "geometry": {"type": "Point", "coordinates": [116.727, 2.8903]}, "properties": {"layer": "fire", "frp": 63.23, "confidence": "n", "acq_date": "2026-09-30", "acq_time": "523", "satellite": "N", "daynight": "D", "scope": "world"}}, {"type": "Feature", "geometry": {"type": "Point", "coordinates": [16.4441, -16.0421]}, "properties": {"layer": "fire", "frp": 63.14, "confidence": "h", "acq_date": "2026-09-30", "acq_time": "1202", "satellite": "N", "daynight": "D", "scope": "world"}}, {"type": "Feature", "geometry": {"type": "Point", "coordinates": [16.4479, -16.0417]}, "properties": {"layer": "fire", "frp": 63.14, "confidence": "n", "acq_date": "2026-09-30", "acq_time": "1202", "satellite": "N", "daynight": "D", "scope": "world"}}, {"type": "Feature", "geometry": {"type": "Point", "coordinates": [31.3436, -11.0073]}, "properties": {"layer": "fire", "frp": 62.85, "confidence": "n", "acq_date": "2026-09-30", "acq_time": "1204", "satellite": "N", "daynight": "D", "scope": "world"}}, {"type": "Feature", "geometry": {"type": "Point", "coordinates": [12.704, -3.8716]}, "properties": {"layer": "fire", "frp": 62.83, "confidence": "l", "acq_date": "2026-09-30", "acq_time": "1206", "satellite": "N", "daynight": "D", "scope": "world"}}, {"type": "Feature", "geometry": {"type": "Point", "coordinates": [12.7084, -3.871]}, "properties": {"layer": "fire", "frp": 62.83, "confidence": "n", "acq_date": "2026-09-30", "acq_time": "1206", "satellite": "N", "daynight": "D", "scope": "world"}}, {"type": "Feature", "geometry": {"type": "Point", "coordinates": [14.4637, -15.8252]}, "properties": {"layer": "fire", "frp": 62.74, "confidence": "h", "acq_date": "2026-09-30", "acq_time": "1344", "satellite": "N", "daynight": "D", "scope": "world"}}, {"type": "Feature", "geometry": {"type": "Point", "coordinates": [14.4702, -15.8238]}, "properties": {"layer": "fire", "frp": 62.74, "confidence": "n", "acq_date": "2026-09-30", "acq_time": "1344", "satellite": "N", "daynight": "D", "scope": "world"}}, {"type": "Feature", "geometry": {"type": "Point", "coordinates": [14.4622, -15.8185]}, "properties": {"layer": "fire", "frp": 62.74, "confidence": "h", "acq_date": "2026-09-30", "acq_time": "1344", "satellite": "N", "daynight": "D", "scope": "world"}}, {"type": "Feature", "geometry": {"type": "Point", "coordinates": [116.746, 0.74]}, "properties": {"layer": "fire", "frp": 62.36, "confidence": "n", "acq_date": "2026-09-30", "acq_time": "523", "satellite": "N", "daynight": "D", "scope": "world"}}, {"type": "Feature", "geometry": {"type": "Point", "coordinates": [35.0248, -5.7941]}, "properties": {"layer": "fire", "frp": 62.22, "confidence": "n", "acq_date": "2026-09-30", "acq_time": "1204", "satellite": "N", "daynight": "D", "scope": "world"}}, {"type": "Feature", "geometry": {"type": "Point", "coordinates": [35.0297, -5.7932]}, "properties": {"layer": "fire", "frp": 62.22, "confidence": "h", "acq_date": "2026-09-30", "acq_time": "1204", "satellite": "N", "daynight": "D", "scope": "world"}}, {"type": "Feature", "geometry": {"type": "Point", "coordinates": [30.7923, 50.4498]}, "properties": {"layer": "fire", "frp": 62.17, "confidence": "n", "acq_date": "2026-09-30", "acq_time": "1041", "satellite": "N", "daynight": "D", "scope": "world"}}, {"type": "Feature", "geometry": {"type": "Point", "coordinates": [34.5723, -5.6285]}, "properties": {"layer": "fire", "frp": 62.08, "confidence": "l", "acq_date": "2026-09-30", "acq_time": "1204", "satellite": "N", "daynight": "D", "scope": "world"}}, {"type": "Feature", "geometry": {"type": "Point", "coordinates": [140.3153, -7.9881]}, "properties": {"layer": "fire", "frp": 61.72, "confidence": "n", "acq_date": "2026-09-30", "acq_time": "338", "satellite": "N", "daynight": "D", "scope": "world"}}, {"type": "Feature", "geometry": {"type": "Point", "coordinates": [140.3198, -7.9875]}, "properties": {"layer": "fire", "frp": 61.72, "confidence": "h", "acq_date": "2026-09-30", "acq_time": "338", "satellite": "N", "daynight": "D", "scope": "world"}}, {"type": "Feature", "geometry": {"type": "Point", "coordinates": [39.4332, -9.4241]}, "properties": {"layer": "fire", "frp": 61.66, "confidence": "n", "acq_date": "2026-09-30", "acq_time": "1024", "satellite": "N", "daynight": "D", "scope": "world"}}, {"type": "Feature", "geometry": {"type": "Point", "coordinates": [37.0748, -1.758]}, "properties": {"layer": "fire", "frp": 61.62, "confidence": "n", "acq_date": "2026-09-30", "acq_time": "1026", "satellite": "N", "daynight": "D", "scope": "world"}}, {"type": "Feature", "geometry": {"type": "Point", "coordinates": [37.0795, -1.7572]}, "properties": {"layer": "fire", "frp": 61.62, "confidence": "n", "acq_date": "2026-09-30", "acq_time": "1026", "satellite": "N", "daynight": "D", "scope": "world"}}, {"type": "Feature", "geometry": {"type": "Point", "coordinates": [37.0739, -1.7518]}, "properties": {"layer": "fire", "frp": 61.62, "confidence": "h", "acq_date": "2026-09-30", "acq_time": "1026", "satellite": "N", "daynight": "D", "scope": "world"}}, {"type": "Feature", "geometry": {"type": "Point", "coordinates": [37.0786, -1.7511]}, "properties": {"layer": "fire", "frp": 61.62, "confidence": "h", "acq_date": "2026-09-30", "acq_time": "1026", "satellite": "N", "daynight": "D", "scope": "world"}}, {"type": "Feature", "geometry": {"type": "Point", "coordinates": [13.7345, -6.6697]}, "properties": {"layer": "fire", "frp": 61.38, "confidence": "l", "acq_date": "2026-09-30", "acq_time": "1206", "satellite": "N", "daynight": "D", "scope": "world"}}, {"type": "Feature", "geometry": {"type": "Point", "coordinates": [13.7385, -6.6692]}, "properties": {"layer": "fire", "frp": 61.38, "confidence": "h", "acq_date": "2026-09-30", "acq_time": "1206", "satellite": "N", "daynight": "D", "scope": "world"}}, {"type": "Feature", "geometry": {"type": "Point", "coordinates": [13.7337, -6.6639]}, "properties": {"layer": "fire", "frp": 61.38, "confidence": "n", "acq_date": "2026-09-30", "acq_time": "1206", "satellite": "N", "daynight": "D", "scope": "world"}}, {"type": "Feature", "geometry": {"type": "Point", "coordinates": [13.7377, -6.6634]}, "properties": {"layer": "fire", "frp": 61.38, "confidence": "h", "acq_date": "2026-09-30", "acq_time": "1206", "satellite": "N", "daynight": "D", "scope": "world"}}, {"type": "Feature", "geometry": {"type": "Point", "coordinates": [123.6644, 0.8272]}, "properties": {"layer": "fire", "frp": 61.35, "confidence": "n", "acq_date": "2026-09-30", "acq_time": "523", "satellite": "N", "daynight": "D", "scope": "world"}}, {"type": "Feature", "geometry": {"type": "Point", "coordinates": [14.4926, -16.8382]}, "properties": {"layer": "fire", "frp": 61.16, "confidence": "h", "acq_date": "2026-09-30", "acq_time": "1344", "satellite": "N", "daynight": "D", "scope": "world"}}, {"type": "Feature", "geometry": {"type": "Point", "coordinates": [34.6007, -5.6417]}, "properties": {"layer": "fire", "frp": 61.08, "confidence": "h", "acq_date": "2026-09-30", "acq_time": "1204", "satellite": "N", "daynight": "D", "scope": "world"}}, {"type": "Feature", "geometry": {"type": "Point", "coordinates": [34.605, -5.641]}, "properties": {"layer": "fire", "frp": 61.08, "confidence": "h", "acq_date": "2026-09-30", "acq_time": "1204", "satellite": "N", "daynight": "D", "scope": "world"}}, {"type": "Feature", "geometry": {"type": "Point", "coordinates": [110.5803, -1.0752]}, "properties": {"layer": "fire", "frp": 60.98, "confidence": "n", "acq_date": "2026-09-30", "acq_time": "523", "satellite": "N", "daynight": "D", "scope": "world"}}, {"type": "Feature", "geometry": {"type": "Point", "coordinates": [37.2292, -3.0261]}, "properties": {"layer": "fire", "frp": 60.9, "confidence": "h", "acq_date": "2026-09-30", "acq_time": "1026", "satellite": "N", "daynight": "D", "scope": "world"}}, {"type": "Feature", "geometry": {"type": "Point", "coordinates": [110.1988, 0.1373]}, "properties": {"layer": "fire", "frp": 60.86, "confidence": "n", "acq_date": "2026-09-30", "acq_time": "701", "satellite": "N", "daynight": "D", "scope": "world"}}, {"type": "Feature", "geometry": {"type": "Point", "coordinates": [140.54, -7.53]}, "properties": {"layer": "fire", "frp": 60.78, "confidence": "h", "acq_date": "2026-09-30", "acq_time": "338", "satellite": "N", "daynight": "D", "scope": "world"}}, {"type": "Feature", "geometry": {"type": "Point", "coordinates": [108.4387, 15.3835]}, "properties": {"layer": "fire", "frp": 60.56, "confidence": "l", "acq_date": "2026-09-30", "acq_time": "525", "satellite": "N", "daynight": "D", "scope": "world"}}, {"type": "Feature", "geometry": {"type": "Point", "coordinates": [37.1882, -2.9533]}, "properties": {"layer": "fire", "frp": 60.39, "confidence": "l", "acq_date": "2026-09-30", "acq_time": "1206", "satellite": "N", "daynight": "D", "scope": "world"}}, {"type": "Feature", "geometry": {"type": "Point", "coordinates": [23.5192, -13.5407]}, "properties": {"layer": "fire", "frp": 60.28, "confidence": "h", "acq_date": "2026-09-30", "acq_time": "1204", "satellite": "N", "daynight": "D", "scope": "world"}}, {"type": "Feature", "geometry": {"type": "Point", "coordinates": [23.523, -13.5401]}, "properties": {"layer": "fire", "frp": 60.28, "confidence": "n", "acq_date": "2026-09-30", "acq_time": "1204", "satellite": "N", "daynight": "D", "scope": "world"}}, {"type": "Feature", "geometry": {"type": "Point", "coordinates": [23.5186, -13.5372]}, "properties": {"layer": "fire", "frp": 60.28, "confidence": "l", "acq_date": "2026-09-30", "acq_time": "1204", "satellite": "N", "daynight": "D", "scope": "world"}}, {"type": "Feature", "geometry": {"type": "Point", "coordinates": [104.1018, -4.7364]}, "properties": {"layer": "fire", "frp": 60.22, "confidence": "n", "acq_date": "2026-09-30", "acq_time": "701", "satellite": "N", "daynight": "D", "scope": "world"}}, {"type": "Feature", "geometry": {"type": "Point", "coordinates": [72.2885, 49.8272]}, "properties": {"layer": "fire", "frp": 59.61, "confidence": "l", "acq_date": "2026-09-30", "acq_time": "858", "satellite": "N", "daynight": "D", "scope": "world"}}, {"type": "Feature", "geometry": {"type": "Point", "coordinates": [72.2932, 49.8274]}, "properties": {"layer": "fire", "frp": 59.61, "confidence": "h", "acq_date": "2026-09-30", "acq_time": "858", "satellite": "N", "daynight": "D", "scope": "world"}}, {"type": "Feature", "geometry": {"type": "Point", "coordinates": [127.9395, 1.3889]}, "properties": {"layer": "fire", "frp": 59.48, "confidence": "n", "acq_date": "2026-09-30", "acq_time": "523", "satellite": "N", "daynight": "D", "scope": "world"}}, {"type": "Feature", "geometry": {"type": "Point", "coordinates": [-12.2709, 14.1779]}, "properties": {"layer": "fire", "frp": 59.16, "confidence": "n", "acq_date": "2026-09-30", "acq_time": "1353", "satellite": "N", "daynight": "D", "scope": "world"}}, {"type": "Feature", "geometry": {"type": "Point", "coordinates": [65.8203, 53.9981]}, "properties": {"layer": "fire", "frp": 58.93, "confidence": "n", "acq_date": "2026-09-30", "acq_time": "900", "satellite": "N", "daynight": "D", "scope": "world"}}, {"type": "Feature", "geometry": {"type": "Point", "coordinates": [65.8134, 54.0016]}, "properties": {"layer": "fire", "frp": 58.93, "confidence": "l", "acq_date": "2026-09-30", "acq_time": "900", "satellite": "N", "daynight": "D", "scope": "world"}}, {"type": "Feature", "geometry": {"type": "Point", "coordinates": [65.8194, 54.0021]}, "properties": {"layer": "fire", "frp": 58.93, "confidence": "n", "acq_date": "2026-09-30", "acq_time": "900", "satellite": "N", "daynight": "D", "scope": "world"}}, {"type": "Feature", "geometry": {"type": "Point", "coordinates": [47.9348, -15.6835]}, "properties": {"layer": "fire", "frp": 58.9, "confidence": "l", "acq_date": "2026-09-30", "acq_time": "1021", "satellite": "N", "daynight": "D", "scope": "world"}}, {"type": "Feature", "geometry": {"type": "Point", "coordinates": [47.9393, -15.6828]}, "properties": {"layer": "fire", "frp": 58.9, "confidence": "n", "acq_date": "2026-09-30", "acq_time": "1021", "satellite": "N", "daynight": "D", "scope": "world"}}, {"type": "Feature", "geometry": {"type": "Point", "coordinates": [14.7385, -10.2739]}, "properties": {"layer": "fire", "frp": 58.59, "confidence": "n", "acq_date": "2026-09-30", "acq_time": "1204", "satellite": "N", "daynight": "D", "scope": "world"}}, {"type": "Feature", "geometry": {"type": "Point", "coordinates": [14.7342, -10.2686]}, "properties": {"layer": "fire", "frp": 58.59, "confidence": "h", "acq_date": "2026-09-30", "acq_time": "1204", "satellite": "N", "daynight": "D", "scope": "world"}}, {"type": "Feature", "geometry": {"type": "Point", "coordinates": [14.7382, -10.2681]}, "properties": {"layer": "fire", "frp": 58.59, "confidence": "h", "acq_date": "2026-09-30", "acq_time": "1204", "satellite": "N", "daynight": "D", "scope": "world"}}, {"type": "Feature", "geometry": {"type": "Point", "coordinates": [141.2986, -8.2667]}, "properties": {"layer": "fire", "frp": 58.5, "confidence": "h", "acq_date": "2026-09-30", "acq_time": "338", "satellite": "N", "daynight": "D", "scope": "world"}}, {"type": "Feature", "geometry": {"type": "Point", "coordinates": [141.294, -8.2615]}, "properties": {"layer": "fire", "frp": 58.5, "confidence": "n", "acq_date": "2026-09-30", "acq_time": "338", "satellite": "N", "daynight": "D", "scope": "world"}}, {"type": "Feature", "geometry": {"type": "Point", "coordinates": [141.2979, -8.2609]}, "properties": {"layer": "fire", "frp": 58.5, "confidence": "l", "acq_date": "2026-09-30", "acq_time": "338", "satellite": "N", "daynight": "D", "scope": "world"}}, {"type": "Feature", "geometry": {"type": "Point", "coordinates": [37.0692, -1.7525]}, "properties": {"layer": "fire", "frp": 58.44, "confidence": "n", "acq_date": "2026-09-30", "acq_time": "1026", "satellite": "N", "daynight": "D", "scope": "world"}}, {"type": "Feature", "geometry": {"type": "Point", "coordinates": [15.1777, -15.4951]}, "properties": {"layer": "fire", "frp": 58.41, "confidence": "n", "acq_date": "2026-09-30", "acq_time": "1204", "satellite": "N", "daynight": "D", "scope": "world"}}, {"type": "Feature", "geometry": {"type": "Point", "coordinates": [15.1822, -15.4946]}, "properties": {"layer": "fire", "frp": 58.41, "confidence": "n", "acq_date": "2026-09-30", "acq_time": "1204", "satellite": "N", "daynight": "D", "scope": "world"}}, {"type": "Feature", "geometry": {"type": "Point", "coordinates": [132.3884, -21.8571]}, "properties": {"layer": "fire", "frp": 58.33, "confidence": "l", "acq_date": "2026-09-30", "acq_time": "514", "satellite": "N", "daynight": "D", "scope": "world"}}, {"type": "Feature", "geometry": {"type": "Point", "coordinates": [141.1925, -8.2809]}, "properties": {"layer": "fire", "frp": 58.28, "confidence": "n", "acq_date": "2026-09-30", "acq_time": "338", "satellite": "N", "daynight": "D", "scope": "world"}}, {"type": "Feature", "geometry": {"type": "Point", "coordinates": [141.1965, -8.2804]}, "properties": {"layer": "fire", "frp": 58.28, "confidence": "h", "acq_date": "2026-09-30", "acq_time": "338", "satellite": "N", "daynight": "D", "scope": "world"}}, {"type": "Feature", "geometry": {"type": "Point", "coordinates": [34.5639, -5.6299]}, "properties": {"layer": "fire", "frp": 58.24, "confidence": "n", "acq_date": "2026-09-30", "acq_time": "1204", "satellite": "N", "daynight": "D", "scope": "world"}}, {"type": "Feature", "geometry": {"type": "Point", "coordinates": [34.5681, -5.6292]}, "properties": {"layer": "fire", "frp": 58.24, "confidence": "n", "acq_date": "2026-09-30", "acq_time": "1204", "satellite": "N", "daynight": "D", "scope": "world"}}, {"type": "Feature", "geometry": {"type": "Point", "coordinates": [13.7464, -6.6681]}, "properties": {"layer": "fire", "frp": 58.17, "confidence": "n", "acq_date": "2026-09-30", "acq_time": "1206", "satellite": "N", "daynight": "D", "scope": "world"}}, {"type": "Feature", "geometry": {"type": "Point", "coordinates": [16.2167, -4.5636]}, "properties": {"layer": "fire", "frp": 58.17, "confidence": "n", "acq_date": "2026-09-30", "acq_time": "1206", "satellite": "N", "daynight": "D", "scope": "world"}}, {"type": "Feature", "geometry": {"type": "Point", "coordinates": [127.9375, 1.387]}, "properties": {"layer": "fire", "frp": 58.1, "confidence": "n", "acq_date": "2026-09-30", "acq_time": "523", "satellite": "N", "daynight": "D", "scope": "world"}}, {"type": "Feature", "geometry": {"type": "Point", "coordinates": [31.1106, -10.102]}, "properties": {"layer": "fire", "frp": 57.94, "confidence": "n", "acq_date": "2026-09-30", "acq_time": "1204", "satellite": "N", "daynight": "D", "scope": "world"}}, {"type": "Feature", "geometry": {"type": "Point", "coordinates": [105.3754, -4.3335]}, "properties": {"layer": "fire", "frp": 57.73, "confidence": "n", "acq_date": "2026-09-30", "acq_time": "701", "satellite": "N", "daynight": "D", "scope": "world"}}, {"type": "Feature", "geometry": {"type": "Point", "coordinates": [117.9457, 1.6836]}, "properties": {"layer": "fire", "frp": 57.54, "confidence": "l", "acq_date": "2026-09-30", "acq_time": "523", "satellite": "N", "daynight": "D", "scope": "world"}}, {"type": "Feature", "geometry": {"type": "Point", "coordinates": [14.7765, -15.8658]}, "properties": {"layer": "fire", "frp": 57.53, "confidence": "n", "acq_date": "2026-09-30", "acq_time": "1204", "satellite": "N", "daynight": "D", "scope": "world"}}, {"type": "Feature", "geometry": {"type": "Point", "coordinates": [14.7711, -15.8601]}, "properties": {"layer": "fire", "frp": 57.53, "confidence": "n", "acq_date": "2026-09-30", "acq_time": "1204", "satellite": "N", "daynight": "D", "scope": "world"}}, {"type": "Feature", "geometry": {"type": "Point", "coordinates": [14.7759, -15.8596]}, "properties": {"layer": "fire", "frp": 57.53, "confidence": "l", "acq_date": "2026-09-30", "acq_time": "1204", "satellite": "N", "daynight": "D", "scope": "world"}}, {"type": "Feature", "geometry": {"type": "Point", "coordinates": [135.3453, -16.9337]}, "properties": {"layer": "fire", "frp": 57.14, "confidence": "n", "acq_date": "2026-09-30", "acq_time": "516", "satellite": "N", "daynight": "D", "scope": "world"}}, {"type": "Feature", "geometry": {"type": "Point", "coordinates": [14.7655, -13.3927]}, "properties": {"layer": "fire", "frp": 57.06, "confidence": "n", "acq_date": "2026-09-30", "acq_time": "1204", "satellite": "N", "daynight": "D", "scope": "world"}}, {"type": "Feature", "geometry": {"type": "Point", "coordinates": [14.77, -13.3922]}, "properties": {"layer": "fire", "frp": 57.06, "confidence": "n", "acq_date": "2026-09-30", "acq_time": "1204", "satellite": "N", "daynight": "D", "scope": "world"}}, {"type": "Feature", "geometry": {"type": "Point", "coordinates": [31.919, -9.4245]}, "properties": {"layer": "fire", "frp": 57.06, "confidence": "h", "acq_date": "2026-09-30", "acq_time": "1204", "satellite": "N", "daynight": "D", "scope": "world"}}, {"type": "Feature", "geometry": {"type": "Point", "coordinates": [111.7026, -0.2224]}, "properties": {"layer": "fire", "frp": 56.94, "confidence": "n", "acq_date": "2026-09-30", "acq_time": "701", "satellite": "N", "daynight": "D", "scope": "world"}}, {"type": "Feature", "geometry": {"type": "Point", "coordinates": [111.7088, -0.2214]}, "properties": {"layer": "fire", "frp": 56.94, "confidence": "l", "acq_date": "2026-09-30", "acq_time": "701", "satellite": "N", "daynight": "D", "scope": "world"}}, {"type": "Feature", "geometry": {"type": "Point", "coordinates": [14.2527, -12.7979]}, "properties": {"layer": "fire", "frp": 56.92, "confidence": "h", "acq_date": "2026-09-30", "acq_time": "1344", "satellite": "N", "daynight": "D", "scope": "world"}}, {"type": "Feature", "geometry": {"type": "Point", "coordinates": [37.4695, -2.9598]}, "properties": {"layer": "fire", "frp": 56.6, "confidence": "n", "acq_date": "2026-09-30", "acq_time": "1026", "satellite": "N", "daynight": "D", "scope": "world"}}, {"type": "Feature", "geometry": {"type": "Point", "coordinates": [110.2039, 0.1381]}, "properties": {"layer": "fire", "frp": 56.55, "confidence": "n", "acq_date": "2026-09-30", "acq_time": "701", "satellite": "N", "daynight": "D", "scope": "world"}}, {"type": "Feature", "geometry": {"type": "Point", "coordinates": [37.0954, -5.3489]}, "properties": {"layer": "fire", "frp": 56.45, "confidence": "n", "acq_date": "2026-09-30", "acq_time": "1204", "satellite": "N", "daynight": "D", "scope": "world"}}, {"type": "Feature", "geometry": {"type": "Point", "coordinates": [27.1709, -30.9387]}, "properties": {"layer": "fire", "frp": 56.23, "confidence": "n", "acq_date": "2026-09-30", "acq_time": "1157", "satellite": "N", "daynight": "D", "scope": "world"}}, {"type": "Feature", "geometry": {"type": "Point", "coordinates": [27.1703, -30.9352]}, "properties": {"layer": "fire", "frp": 56.23, "confidence": "n", "acq_date": "2026-09-30", "acq_time": "1157", "satellite": "N", "daynight": "D", "scope": "world"}}, {"type": "Feature", "geometry": {"type": "Point", "coordinates": [27.1749, -30.9346]}, "properties": {"layer": "fire", "frp": 56.23, "confidence": "h", "acq_date": "2026-09-30", "acq_time": "1157", "satellite": "N", "daynight": "D", "scope": "world"}}, {"type": "Feature", "geometry": {"type": "Point", "coordinates": [20.9024, -12.598]}, "properties": {"layer": "fire", "frp": 56.11, "confidence": "n", "acq_date": "2026-09-30", "acq_time": "1204", "satellite": "N", "daynight": "D", "scope": "world"}}, {"type": "Feature", "geometry": {"type": "Point", "coordinates": [37.2537, -3.0496]}, "properties": {"layer": "fire", "frp": 56.07, "confidence": "n", "acq_date": "2026-09-30", "acq_time": "1206", "satellite": "N", "daynight": "D", "scope": "world"}}, {"type": "Feature", "geometry": {"type": "Point", "coordinates": [37.2602, -3.0484]}, "properties": {"layer": "fire", "frp": 56.07, "confidence": "n", "acq_date": "2026-09-30", "acq_time": "1206", "satellite": "N", "daynight": "D", "scope": "world"}}, {"type": "Feature", "geometry": {"type": "Point", "coordinates": [37.2532, -3.0422]}, "properties": {"layer": "fire", "frp": 56.07, "confidence": "n", "acq_date": "2026-09-30", "acq_time": "1206", "satellite": "N", "daynight": "D", "scope": "world"}}, {"type": "Feature", "geometry": {"type": "Point", "coordinates": [37.2595, -3.0411]}, "properties": {"layer": "fire", "frp": 56.07, "confidence": "n", "acq_date": "2026-09-30", "acq_time": "1206", "satellite": "N", "daynight": "D", "scope": "world"}}, {"type": "Feature", "geometry": {"type": "Point", "coordinates": [37.2819, -3.0371]}, "properties": {"layer": "fire", "frp": 55.98, "confidence": "n", "acq_date": "2026-09-30", "acq_time": "1206", "satellite": "N", "daynight": "D", "scope": "world"}}, {"type": "Feature", "geometry": {"type": "Point", "coordinates": [33.884, 0.6773]}, "properties": {"layer": "fire", "frp": 55.95, "confidence": "n", "acq_date": "2026-09-30", "acq_time": "1026", "satellite": "N", "daynight": "D", "scope": "world"}}, {"type": "Feature", "geometry": {"type": "Point", "coordinates": [33.8912, 0.6784]}, "properties": {"layer": "fire", "frp": 55.95, "confidence": "h", "acq_date": "2026-09-30", "acq_time": "1026", "satellite": "N", "daynight": "D", "scope": "world"}}, {"type": "Feature", "geometry": {"type": "Point", "coordinates": [16.4442, -16.0418]}, "properties": {"layer": "fire", "frp": 55.93, "confidence": "h", "acq_date": "2026-09-30", "acq_time": "1202", "satellite": "N", "daynight": "D", "scope": "world"}}, {"type": "Feature", "geometry": {"type": "Point", "coordinates": [16.448, -16.0414]}, "properties": {"layer": "fire", "frp": 55.93, "confidence": "n", "acq_date": "2026-09-30", "acq_time": "1202", "satellite": "N", "daynight": "D", "scope": "world"}}, {"type": "Feature", "geometry": {"type": "Point", "coordinates": [16.4435, -16.0363]}, "properties": {"layer": "fire", "frp": 55.93, "confidence": "n", "acq_date": "2026-09-30", "acq_time": "1202", "satellite": "N", "daynight": "D", "scope": "world"}}, {"type": "Feature", "geometry": {"type": "Point", "coordinates": [16.4473, -16.0359]}, "properties": {"layer": "fire", "frp": 55.93, "confidence": "h", "acq_date": "2026-09-30", "acq_time": "1202", "satellite": "N", "daynight": "D", "scope": "world"}}, {"type": "Feature", "geometry": {"type": "Point", "coordinates": [25.4919, -14.2299]}, "properties": {"layer": "fire", "frp": 55.92, "confidence": "l", "acq_date": "2026-09-30", "acq_time": "1204", "satellite": "N", "daynight": "D", "scope": "world"}}, {"type": "Feature", "geometry": {"type": "Point", "coordinates": [30.182, -10.0798]}, "properties": {"layer": "fire", "frp": 55.87, "confidence": "n", "acq_date": "2026-09-30", "acq_time": "1204", "satellite": "N", "daynight": "D", "scope": "world"}}, {"type": "Feature", "geometry": {"type": "Point", "coordinates": [30.1812, -10.0757]}, "properties": {"layer": "fire", "frp": 55.87, "confidence": "n", "acq_date": "2026-09-30", "acq_time": "1204", "satellite": "N", "daynight": "D", "scope": "world"}}, {"type": "Feature", "geometry": {"type": "Point", "coordinates": [32.0289, -9.6834]}, "properties": {"layer": "fire", "frp": 55.86, "confidence": "n", "acq_date": "2026-09-30", "acq_time": "1204", "satellite": "N", "daynight": "D", "scope": "world"}}, {"type": "Feature", "geometry": {"type": "Point", "coordinates": [32.0232, -9.6796]}, "properties": {"layer": "fire", "frp": 55.86, "confidence": "n", "acq_date": "2026-09-30", "acq_time": "1204", "satellite": "N", "daynight": "D", "scope": "world"}}, {"type": "Feature", "geometry": {"type": "Point", "coordinates": [20.8405, -18.5182]}, "properties": {"layer": "fire", "frp": 55.69, "confidence": "n", "acq_date": "2026-09-30", "acq_time": "1202", "satellite": "N", "daynight": "D", "scope": "world"}}, {"type": "Feature", "geometry": {"type": "Point", "coordinates": [126.8843, -3.5567]}, "properties": {"layer": "fire", "frp": 55.65, "confidence": "n", "acq_date": "2026-09-30", "acq_time": "521", "satellite": "N", "daynight": "D", "scope": "world"}}, {"type": "Feature", "geometry": {"type": "Point", "coordinates": [126.888, -3.5561]}, "properties": {"layer": "fire", "frp": 55.65, "confidence": "n", "acq_date": "2026-09-30", "acq_time": "521", "satellite": "N", "daynight": "D", "scope": "world"}}, {"type": "Feature", "geometry": {"type": "Point", "coordinates": [22.7172, -12.4759]}, "properties": {"layer": "fire", "frp": 55.57, "confidence": "l", "acq_date": "2026-09-30", "acq_time": "1204", "satellite": "N", "daynight": "D", "scope": "world"}}, {"type": "Feature", "geometry": {"type": "Point", "coordinates": [22.7208, -12.4718]}, "properties": {"layer": "fire", "frp": 55.57, "confidence": "l", "acq_date": "2026-09-30", "acq_time": "1204", "satellite": "N", "daynight": "D", "scope": "world"}}, {"type": "Feature", "geometry": {"type": "Point", "coordinates": [14.6148, -10.1362]}, "properties": {"layer": "fire", "frp": 55.49, "confidence": "n", "acq_date": "2026-09-30", "acq_time": "1204", "satellite": "N", "daynight": "D", "scope": "world"}}, {"type": "Feature", "geometry": {"type": "Point", "coordinates": [14.6188, -10.1356]}, "properties": {"layer": "fire", "frp": 55.49, "confidence": "h", "acq_date": "2026-09-30", "acq_time": "1204", "satellite": "N", "daynight": "D", "scope": "world"}}, {"type": "Feature", "geometry": {"type": "Point", "coordinates": [62.8051, 52.452]}, "properties": {"layer": "fire", "frp": 55.46, "confidence": "l", "acq_date": "2026-09-30", "acq_time": "858", "satellite": "N", "daynight": "D", "scope": "world"}}, {"type": "Feature", "geometry": {"type": "Point", "coordinates": [106.1044, -2.7056]}, "properties": {"layer": "fire", "frp": 55.45, "confidence": "n", "acq_date": "2026-09-30", "acq_time": "701", "satellite": "N", "daynight": "D", "scope": "world"}}, {"type": "Feature", "geometry": {"type": "Point", "coordinates": [87.1024, 47.8816]}, "properties": {"layer": "fire", "frp": 55.45, "confidence": "h", "acq_date": "2026-09-30", "acq_time": "716", "satellite": "N", "daynight": "D", "scope": "world"}}, {"type": "Feature", "geometry": {"type": "Point", "coordinates": [87.1076, 47.8823]}, "properties": {"layer": "fire", "frp": 55.45, "confidence": "n", "acq_date": "2026-09-30", "acq_time": "716", "satellite": "N", "daynight": "D", "scope": "world"}}, {"type": "Feature", "geometry": {"type": "Point", "coordinates": [30.0814, -10.5377]}, "properties": {"layer": "fire", "frp": 55.32, "confidence": "n", "acq_date": "2026-09-30", "acq_time": "1204", "satellite": "N", "daynight": "D", "scope": "world"}}, {"type": "Feature", "geometry": {"type": "Point", "coordinates": [30.085, -10.5371]}, "properties": {"layer": "fire", "frp": 55.32, "confidence": "n", "acq_date": "2026-09-30", "acq_time": "1204", "satellite": "N", "daynight": "D", "scope": "world"}}, {"type": "Feature", "geometry": {"type": "Point", "coordinates": [37.2139, -2.966]}, "properties": {"layer": "fire", "frp": 55.27, "confidence": "n", "acq_date": "2026-09-30", "acq_time": "1206", "satellite": "N", "daynight": "D", "scope": "world"}}, {"type": "Feature", "geometry": {"type": "Point", "coordinates": [37.2205, -2.9649]}, "properties": {"layer": "fire", "frp": 55.27, "confidence": "n", "acq_date": "2026-09-30", "acq_time": "1206", "satellite": "N", "daynight": "D", "scope": "world"}}, {"type": "Feature", "geometry": {"type": "Point", "coordinates": [14.4905, -10.3404]}, "properties": {"layer": "fire", "frp": 55.18, "confidence": "n", "acq_date": "2026-09-30", "acq_time": "1204", "satellite": "N", "daynight": "D", "scope": "world"}}, {"type": "Feature", "geometry": {"type": "Point", "coordinates": [14.4948, -10.3399]}, "properties": {"layer": "fire", "frp": 55.18, "confidence": "h", "acq_date": "2026-09-30", "acq_time": "1204", "satellite": "N", "daynight": "D", "scope": "world"}}, {"type": "Feature", "geometry": {"type": "Point", "coordinates": [14.4889, -10.3347]}, "properties": {"layer": "fire", "frp": 55.18, "confidence": "h", "acq_date": "2026-09-30", "acq_time": "1204", "satellite": "N", "daynight": "D", "scope": "world"}}, {"type": "Feature", "geometry": {"type": "Point", "coordinates": [105.5455, -3.2629]}, "properties": {"layer": "fire", "frp": 55.03, "confidence": "h", "acq_date": "2026-09-30", "acq_time": "701", "satellite": "N", "daynight": "D", "scope": "world"}}, {"type": "Feature", "geometry": {"type": "Point", "coordinates": [105.5496, -3.2622]}, "properties": {"layer": "fire", "frp": 55.03, "confidence": "h", "acq_date": "2026-09-30", "acq_time": "701", "satellite": "N", "daynight": "D", "scope": "world"}}, {"type": "Feature", "geometry": {"type": "Point", "coordinates": [105.5448, -3.2585]}, "properties": {"layer": "fire", "frp": 55.03, "confidence": "n", "acq_date": "2026-09-30", "acq_time": "701", "satellite": "N", "daynight": "D", "scope": "world"}}, {"type": "Feature", "geometry": {"type": "Point", "coordinates": [105.5489, -3.2579]}, "properties": {"layer": "fire", "frp": 55.03, "confidence": "n", "acq_date": "2026-09-30", "acq_time": "701", "satellite": "N", "daynight": "D", "scope": "world"}}, {"type": "Feature", "geometry": {"type": "Point", "coordinates": [121.8546, -4.496]}, "properties": {"layer": "fire", "frp": 54.47, "confidence": "n", "acq_date": "2026-09-30", "acq_time": "521", "satellite": "N", "daynight": "D", "scope": "world"}}, {"type": "Feature", "geometry": {"type": "Point", "coordinates": [18.4479, -14.687]}, "properties": {"layer": "fire", "frp": 54.35, "confidence": "n", "acq_date": "2026-09-30", "acq_time": "1204", "satellite": "N", "daynight": "D", "scope": "world"}}, {"type": "Feature", "geometry": {"type": "Point", "coordinates": [18.4473, -14.6822]}, "properties": {"layer": "fire", "frp": 54.35, "confidence": "n", "acq_date": "2026-09-30", "acq_time": "1204", "satellite": "N", "daynight": "D", "scope": "world"}}, {"type": "Feature", "geometry": {"type": "Point", "coordinates": [17.6448, -16.3723]}, "properties": {"layer": "fire", "frp": 54.32, "confidence": "n", "acq_date": "2026-09-30", "acq_time": "1202", "satellite": "N", "daynight": "D", "scope": "world"}}, {"type": "Feature", "geometry": {"type": "Point", "coordinates": [17.6479, -16.3719]}, "properties": {"layer": "fire", "frp": 54.32, "confidence": "h", "acq_date": "2026-09-30", "acq_time": "1202", "satellite": "N", "daynight": "D", "scope": "world"}}, {"type": "Feature", "geometry": {"type": "Point", "coordinates": [37.1841, -2.99]}, "properties": {"layer": "fire", "frp": 54.28, "confidence": "n", "acq_date": "2026-09-30", "acq_time": "1026", "satellite": "N", "daynight": "D", "scope": "world"}}, {"type": "Feature", "geometry": {"type": "Point", "coordinates": [38.681, -8.7471]}, "properties": {"layer": "fire", "frp": 54.2, "confidence": "h", "acq_date": "2026-09-30", "acq_time": "1204", "satellite": "N", "daynight": "D", "scope": "world"}}, {"type": "Feature", "geometry": {"type": "Point", "coordinates": [13.7305, -6.6703]}, "properties": {"layer": "fire", "frp": 54.15, "confidence": "n", "acq_date": "2026-09-30", "acq_time": "1206", "satellite": "N", "daynight": "D", "scope": "world"}}, {"type": "Feature", "geometry": {"type": "Point", "coordinates": [15.8282, -6.0177]}, "properties": {"layer": "fire", "frp": 54.14, "confidence": "n", "acq_date": "2026-09-30", "acq_time": "1206", "satellite": "N", "daynight": "D", "scope": "world"}}, {"type": "Feature", "geometry": {"type": "Point", "coordinates": [15.8274, -6.0127]}, "properties": {"layer": "fire", "frp": 54.14, "confidence": "n", "acq_date": "2026-09-30", "acq_time": "1206", "satellite": "N", "daynight": "D", "scope": "world"}}, {"type": "Feature", "geometry": {"type": "Point", "coordinates": [37.2319, -2.968]}, "properties": {"layer": "fire", "frp": 53.96, "confidence": "n", "acq_date": "2026-09-30", "acq_time": "1206", "satellite": "N", "daynight": "D", "scope": "world"}}, {"type": "Feature", "geometry": {"type": "Point", "coordinates": [140.7193, -8.2084]}, "properties": {"layer": "fire", "frp": 53.92, "confidence": "n", "acq_date": "2026-09-30", "acq_time": "338", "satellite": "N", "daynight": "D", "scope": "world"}}, {"type": "Feature", "geometry": {"type": "Point", "coordinates": [13.6308, -9.7874]}, "properties": {"layer": "fire", "frp": 53.92, "confidence": "h", "acq_date": "2026-09-30", "acq_time": "1346", "satellite": "N", "daynight": "D", "scope": "world"}}, {"type": "Feature", "geometry": {"type": "Point", "coordinates": [14.4862, -10.3406]}, "properties": {"layer": "fire", "frp": 53.89, "confidence": "n", "acq_date": "2026-09-30", "acq_time": "1204", "satellite": "N", "daynight": "D", "scope": "world"}}, {"type": "Feature", "geometry": {"type": "Point", "coordinates": [14.4808, -10.3353]}, "properties": {"layer": "fire", "frp": 53.89, "confidence": "n", "acq_date": "2026-09-30", "acq_time": "1204", "satellite": "N", "daynight": "D", "scope": "world"}}, {"type": "Feature", "geometry": {"type": "Point", "coordinates": [14.4844, -10.3349]}, "properties": {"layer": "fire", "frp": 53.89, "confidence": "n", "acq_date": "2026-09-30", "acq_time": "1204", "satellite": "N", "daynight": "D", "scope": "world"}}, {"type": "Feature", "geometry": {"type": "Point", "coordinates": [141.3717, -8.2222]}, "properties": {"layer": "fire", "frp": 53.82, "confidence": "n", "acq_date": "2026-09-30", "acq_time": "338", "satellite": "N", "daynight": "D", "scope": "world"}}, {"type": "Feature", "geometry": {"type": "Point", "coordinates": [141.371, -8.2166]}, "properties": {"layer": "fire", "frp": 53.82, "confidence": "h", "acq_date": "2026-09-30", "acq_time": "338", "satellite": "N", "daynight": "D", "scope": "world"}}, {"type": "Feature", "geometry": {"type": "Point", "coordinates": [127.4127, -20.9028]}, "properties": {"layer": "fire", "frp": 53.75, "confidence": "n", "acq_date": "2026-09-30", "acq_time": "516", "satellite": "N", "daynight": "D", "scope": "world"}}, {"type": "Feature", "geometry": {"type": "Point", "coordinates": [127.416, -20.8989]}, "properties": {"layer": "fire", "frp": 53.75, "confidence": "n", "acq_date": "2026-09-30", "acq_time": "516", "satellite": "N", "daynight": "D", "scope": "world"}}, {"type": "Feature", "geometry": {"type": "Point", "coordinates": [123.0571, -5.1944]}, "properties": {"layer": "fire", "frp": 53.7, "confidence": "l", "acq_date": "2026-09-30", "acq_time": "521", "satellite": "N", "daynight": "D", "scope": "world"}}, {"type": "Feature", "geometry": {"type": "Point", "coordinates": [131.55, -22.4893]}, "properties": {"layer": "fire", "frp": 53.64, "confidence": "l", "acq_date": "2026-09-30", "acq_time": "514", "satellite": "N", "daynight": "D", "scope": "world"}}, {"type": "Feature", "geometry": {"type": "Point", "coordinates": [131.5541, -22.4886]}, "properties": {"layer": "fire", "frp": 53.64, "confidence": "l", "acq_date": "2026-09-30", "acq_time": "514", "satellite": "N", "daynight": "D", "scope": "world"}}, {"type": "Feature", "geometry": {"type": "Point", "coordinates": [131.5494, -22.4858]}, "properties": {"layer": "fire", "frp": 53.64, "confidence": "n", "acq_date": "2026-09-30", "acq_time": "514", "satellite": "N", "daynight": "D", "scope": "world"}}, {"type": "Feature", "geometry": {"type": "Point", "coordinates": [47.3925, 30.2099]}, "properties": {"layer": "fire", "frp": 53.56, "confidence": "l", "acq_date": "2026-09-30", "acq_time": "1034", "satellite": "N", "daynight": "D", "scope": "world"}}, {"type": "Feature", "geometry": {"type": "Point", "coordinates": [47.3971, 30.2104]}, "properties": {"layer": "fire", "frp": 53.56, "confidence": "n", "acq_date": "2026-09-30", "acq_time": "1034", "satellite": "N", "daynight": "D", "scope": "world"}}, {"type": "Feature", "geometry": {"type": "Point", "coordinates": [39.2809, -14.9539]}, "properties": {"layer": "fire", "frp": 53.34, "confidence": "h", "acq_date": "2026-09-30", "acq_time": "1202", "satellite": "N", "daynight": "D", "scope": "world"}}, {"type": "Feature", "geometry": {"type": "Point", "coordinates": [14.6147, -10.1369]}, "properties": {"layer": "fire", "frp": 52.83, "confidence": "n", "acq_date": "2026-09-30", "acq_time": "1204", "satellite": "N", "daynight": "D", "scope": "world"}}, {"type": "Feature", "geometry": {"type": "Point", "coordinates": [14.6188, -10.1364]}, "properties": {"layer": "fire", "frp": 52.83, "confidence": "h", "acq_date": "2026-09-30", "acq_time": "1204", "satellite": "N", "daynight": "D", "scope": "world"}}, {"type": "Feature", "geometry": {"type": "Point", "coordinates": [14.4898, -10.3401]}, "properties": {"layer": "fire", "frp": 52.67, "confidence": "h", "acq_date": "2026-09-30", "acq_time": "1204", "satellite": "N", "daynight": "D", "scope": "world"}}, {"type": "Feature", "geometry": {"type": "Point", "coordinates": [14.4941, -10.3396]}, "properties": {"layer": "fire", "frp": 52.67, "confidence": "h", "acq_date": "2026-09-30", "acq_time": "1204", "satellite": "N", "daynight": "D", "scope": "world"}}, {"type": "Feature", "geometry": {"type": "Point", "coordinates": [14.4882, -10.3344]}, "properties": {"layer": "fire", "frp": 52.67, "confidence": "h", "acq_date": "2026-09-30", "acq_time": "1204", "satellite": "N", "daynight": "D", "scope": "world"}}, {"type": "Feature", "geometry": {"type": "Point", "coordinates": [140.6112, -7.8441]}, "properties": {"layer": "fire", "frp": 52.38, "confidence": "n", "acq_date": "2026-09-30", "acq_time": "338", "satellite": "N", "daynight": "D", "scope": "world"}}, {"type": "Feature", "geometry": {"type": "Point", "coordinates": [140.6155, -7.8435]}, "properties": {"layer": "fire", "frp": 52.38, "confidence": "h", "acq_date": "2026-09-30", "acq_time": "338", "satellite": "N", "daynight": "D", "scope": "world"}}, {"type": "Feature", "geometry": {"type": "Point", "coordinates": [15.4362, -15.5793]}, "properties": {"layer": "fire", "frp": 52.32, "confidence": "n", "acq_date": "2026-09-30", "acq_time": "1204", "satellite": "N", "daynight": "D", "scope": "world"}}, {"type": "Feature", "geometry": {"type": "Point", "coordinates": [20.7245, -12.6773]}, "properties": {"layer": "fire", "frp": 52.26, "confidence": "n", "acq_date": "2026-09-30", "acq_time": "1204", "satellite": "N", "daynight": "D", "scope": "world"}}, {"type": "Feature", "geometry": {"type": "Point", "coordinates": [141.416, -8.2336]}, "properties": {"layer": "fire", "frp": 52.13, "confidence": "h", "acq_date": "2026-09-30", "acq_time": "338", "satellite": "N", "daynight": "D", "scope": "world"}}, {"type": "Feature", "geometry": {"type": "Point", "coordinates": [141.4198, -8.2331]}, "properties": {"layer": "fire", "frp": 52.13, "confidence": "n", "acq_date": "2026-09-30", "acq_time": "338", "satellite": "N", "daynight": "D", "scope": "world"}}, {"type": "Feature", "geometry": {"type": "Point", "coordinates": [32.2086, -9.6341]}, "properties": {"layer": "fire", "frp": 52.06, "confidence": "n", "acq_date": "2026-09-30", "acq_time": "1204", "satellite": "N", "daynight": "D", "scope": "world"}}, {"type": "Feature", "geometry": {"type": "Point", "coordinates": [32.2136, -9.6332]}, "properties": {"layer": "fire", "frp": 52.06, "confidence": "n", "acq_date": "2026-09-30", "acq_time": "1204", "satellite": "N", "daynight": "D", "scope": "world"}}, {"type": "Feature", "geometry": {"type": "Point", "coordinates": [20.5753, -12.1526]}, "properties": {"layer": "fire", "frp": 51.69, "confidence": "n", "acq_date": "2026-09-30", "acq_time": "1204", "satellite": "N", "daynight": "D", "scope": "world"}}, {"type": "Feature", "geometry": {"type": "Point", "coordinates": [141.3664, -8.2114]}, "properties": {"layer": "fire", "frp": 51.51, "confidence": "n", "acq_date": "2026-09-30", "acq_time": "338", "satellite": "N", "daynight": "D", "scope": "world"}}, {"type": "Feature", "geometry": {"type": "Point", "coordinates": [141.3702, -8.2109]}, "properties": {"layer": "fire", "frp": 51.51, "confidence": "h", "acq_date": "2026-09-30", "acq_time": "338", "satellite": "N", "daynight": "D", "scope": "world"}}, {"type": "Feature", "geometry": {"type": "Point", "coordinates": [129.7734, -20.6129]}, "properties": {"layer": "fire", "frp": 51.38, "confidence": "n", "acq_date": "2026-09-30", "acq_time": "516", "satellite": "N", "daynight": "D", "scope": "world"}}, {"type": "Feature", "geometry": {"type": "Point", "coordinates": [129.7728, -20.6095]}, "properties": {"layer": "fire", "frp": 51.38, "confidence": "n", "acq_date": "2026-09-30", "acq_time": "516", "satellite": "N", "daynight": "D", "scope": "world"}}, {"type": "Feature", "geometry": {"type": "Point", "coordinates": [20.2994, -11.9044]}, "properties": {"layer": "fire", "frp": 51.38, "confidence": "n", "acq_date": "2026-09-30", "acq_time": "1204", "satellite": "N", "daynight": "D", "scope": "world"}}, {"type": "Feature", "geometry": {"type": "Point", "coordinates": [20.3025, -11.8999]}, "properties": {"layer": "fire", "frp": 51.38, "confidence": "h", "acq_date": "2026-09-30", "acq_time": "1204", "satellite": "N", "daynight": "D", "scope": "world"}}, {"type": "Feature", "geometry": {"type": "Point", "coordinates": [21.0978, -13.6811]}, "properties": {"layer": "fire", "frp": 51.37, "confidence": "n", "acq_date": "2026-09-30", "acq_time": "1204", "satellite": "N", "daynight": "D", "scope": "world"}}, {"type": "Feature", "geometry": {"type": "Point", "coordinates": [35.8056, 47.1129]}, "properties": {"layer": "fire", "frp": 51.31, "confidence": "n", "acq_date": "2026-09-30", "acq_time": "1038", "satellite": "N", "daynight": "D", "scope": "world"}}, {"type": "Feature", "geometry": {"type": "Point", "coordinates": [37.2179, -3.0559]}, "properties": {"layer": "fire", "frp": 51.31, "confidence": "n", "acq_date": "2026-09-30", "acq_time": "1206", "satellite": "N", "daynight": "D", "scope": "world"}}, {"type": "Feature", "geometry": {"type": "Point", "coordinates": [-111.5926, 42.6859]}, "properties": {"layer": "fire", "frp": 51.29, "confidence": "n", "acq_date": "2026-09-30", "acq_time": "922", "satellite": "N", "daynight": "N", "scope": "world"}}, {"type": "Feature", "geometry": {"type": "Point", "coordinates": [-78.3551, -2.0086]}, "properties": {"layer": "fire", "frp": 50.71, "confidence": "n", "acq_date": "2026-09-30", "acq_time": "612", "satellite": "N", "daynight": "N", "scope": "world"}}, {"type": "Feature", "geometry": {"type": "Point", "coordinates": [-78.3641, -2.0071]}, "properties": {"layer": "fire", "frp": 50.71, "confidence": "n", "acq_date": "2026-09-30", "acq_time": "612", "satellite": "N", "daynight": "N", "scope": "world"}}, {"type": "Feature", "geometry": {"type": "Point", "coordinates": [-78.3471, -2.0043]}, "properties": {"layer": "fire", "frp": 50.71, "confidence": "h", "acq_date": "2026-09-30", "acq_time": "612", "satellite": "N", "daynight": "N", "scope": "world"}}, {"type": "Feature", "geometry": {"type": "Point", "coordinates": [-78.3628, -2.0017]}, "properties": {"layer": "fire", "frp": 50.71, "confidence": "n", "acq_date": "2026-09-30", "acq_time": "612", "satellite": "N", "daynight": "N", "scope": "world"}}, {"type": "Feature", "geometry": {"type": "Point", "coordinates": [103.8986, -1.817]}, "properties": {"layer": "fire", "frp": 50.64, "confidence": "l", "acq_date": "2026-09-30", "acq_time": "701", "satellite": "N", "daynight": "D", "scope": "world"}}, {"type": "Feature", "geometry": {"type": "Point", "coordinates": [144.8269, -4.2068]}, "properties": {"layer": "fire", "frp": 50.6, "confidence": "n", "acq_date": "2026-09-30", "acq_time": "338", "satellite": "N", "daynight": "D", "scope": "world"}}, {"type": "Feature", "geometry": {"type": "Point", "coordinates": [20.4628, -12.225]}, "properties": {"layer": "fire", "frp": 50.51, "confidence": "n", "acq_date": "2026-09-30", "acq_time": "1204", "satellite": "N", "daynight": "D", "scope": "world"}}, {"type": "Feature", "geometry": {"type": "Point", "coordinates": [30.4609, -9.4487]}, "properties": {"layer": "fire", "frp": 50.37, "confidence": "n", "acq_date": "2026-09-30", "acq_time": "1204", "satellite": "N", "daynight": "D", "scope": "world"}}, {"type": "Feature", "geometry": {"type": "Point", "coordinates": [30.4601, -9.4445]}, "properties": {"layer": "fire", "frp": 50.37, "confidence": "n", "acq_date": "2026-09-30", "acq_time": "1204", "satellite": "N", "daynight": "D", "scope": "world"}}, {"type": "Feature", "geometry": {"type": "Point", "coordinates": [110.4114, -0.9789]}, "properties": {"layer": "fire", "frp": 50.29, "confidence": "n", "acq_date": "2026-09-30", "acq_time": "701", "satellite": "N", "daynight": "D", "scope": "world"}}, {"type": "Feature", "geometry": {"type": "Point", "coordinates": [47.943, -19.4413]}, "properties": {"layer": "fire", "frp": 50.24, "confidence": "n", "acq_date": "2026-09-30", "acq_time": "1019", "satellite": "N", "daynight": "D", "scope": "world"}}, {"type": "Feature", "geometry": {"type": "Point", "coordinates": [-41.8506, -16.6749]}, "properties": {"layer": "fire", "frp": 50.19, "confidence": "n", "acq_date": "2026-09-30", "acq_time": "434", "satellite": "N", "daynight": "N", "scope": "world"}}, {"type": "Feature", "geometry": {"type": "Point", "coordinates": [122.5169, -5.0621]}, "properties": {"layer": "fire", "frp": 50.11, "confidence": "l", "acq_date": "2026-09-30", "acq_time": "521", "satellite": "N", "daynight": "D", "scope": "world"}}, {"type": "Feature", "geometry": {"type": "Point", "coordinates": [117.8311, 1.0666]}, "properties": {"layer": "fire", "frp": 49.99, "confidence": "n", "acq_date": "2026-09-30", "acq_time": "523", "satellite": "N", "daynight": "D", "scope": "world"}}, {"type": "Feature", "geometry": {"type": "Point", "coordinates": [15.5626, -5.2762]}, "properties": {"layer": "fire", "frp": 49.96, "confidence": "n", "acq_date": "2026-09-30", "acq_time": "1206", "satellite": "N", "daynight": "D", "scope": "world"}}, {"type": "Feature", "geometry": {"type": "Point", "coordinates": [15.5655, -5.2757]}, "properties": {"layer": "fire", "frp": 49.96, "confidence": "l", "acq_date": "2026-09-30", "acq_time": "1206", "satellite": "N", "daynight": "D", "scope": "world"}}, {"type": "Feature", "geometry": {"type": "Point", "coordinates": [20.4211, -12.1189]}, "properties": {"layer": "fire", "frp": 49.89, "confidence": "n", "acq_date": "2026-09-30", "acq_time": "1204", "satellite": "N", "daynight": "D", "scope": "world"}}, {"type": "Feature", "geometry": {"type": "Point", "coordinates": [20.4205, -12.1149]}, "properties": {"layer": "fire", "frp": 49.89, "confidence": "n", "acq_date": "2026-09-30", "acq_time": "1204", "satellite": "N", "daynight": "D", "scope": "world"}}, {"type": "Feature", "geometry": {"type": "Point", "coordinates": [29.3982, -10.339]}, "properties": {"layer": "fire", "frp": 49.84, "confidence": "n", "acq_date": "2026-09-30", "acq_time": "1204", "satellite": "N", "daynight": "D", "scope": "world"}}, {"type": "Feature", "geometry": {"type": "Point", "coordinates": [20.7484, -12.9658]}, "properties": {"layer": "fire", "frp": 49.74, "confidence": "n", "acq_date": "2026-09-30", "acq_time": "1204", "satellite": "N", "daynight": "D", "scope": "world"}}, {"type": "Feature", "geometry": {"type": "Point", "coordinates": [105.7193, -4.1193]}, "properties": {"layer": "fire", "frp": 49.72, "confidence": "n", "acq_date": "2026-09-30", "acq_time": "701", "satellite": "N", "daynight": "D", "scope": "world"}}, {"type": "Feature", "geometry": {"type": "Point", "coordinates": [110.4163, -0.9781]}, "properties": {"layer": "fire", "frp": 49.36, "confidence": "n", "acq_date": "2026-09-30", "acq_time": "701", "satellite": "N", "daynight": "D", "scope": "world"}}, {"type": "Feature", "geometry": {"type": "Point", "coordinates": [-49.6278, -20.5062]}, "properties": {"layer": "fire", "frp": 49.03, "confidence": "n", "acq_date": "2026-09-30", "acq_time": "436", "satellite": "N", "daynight": "N", "scope": "world"}}, {"type": "Feature", "geometry": {"type": "Point", "coordinates": [-49.6271, -20.5028]}, "properties": {"layer": "fire", "frp": 49.03, "confidence": "n", "acq_date": "2026-09-30", "acq_time": "436", "satellite": "N", "daynight": "N", "scope": "world"}}, {"type": "Feature", "geometry": {"type": "Point", "coordinates": [14.4835, -10.3413]}, "properties": {"layer": "fire", "frp": 49.03, "confidence": "n", "acq_date": "2026-09-30", "acq_time": "1204", "satellite": "N", "daynight": "D", "scope": "world"}}, {"type": "Feature", "geometry": {"type": "Point", "coordinates": [14.4867, -10.3409]}, "properties": {"layer": "fire", "frp": 49.03, "confidence": "n", "acq_date": "2026-09-30", "acq_time": "1204", "satellite": "N", "daynight": "D", "scope": "world"}}, {"type": "Feature", "geometry": {"type": "Point", "coordinates": [14.4815, -10.3356]}, "properties": {"layer": "fire", "frp": 49.03, "confidence": "n", "acq_date": "2026-09-30", "acq_time": "1204", "satellite": "N", "daynight": "D", "scope": "world"}}, {"type": "Feature", "geometry": {"type": "Point", "coordinates": [14.485, -10.3352]}, "properties": {"layer": "fire", "frp": 49.03, "confidence": "h", "acq_date": "2026-09-30", "acq_time": "1204", "satellite": "N", "daynight": "D", "scope": "world"}}, {"type": "Feature", "geometry": {"type": "Point", "coordinates": [140.3164, -7.9863]}, "properties": {"layer": "fire", "frp": 49.02, "confidence": "n", "acq_date": "2026-09-30", "acq_time": "338", "satellite": "N", "daynight": "D", "scope": "world"}}, {"type": "Feature", "geometry": {"type": "Point", "coordinates": [140.3209, -7.9856]}, "properties": {"layer": "fire", "frp": 49.02, "confidence": "h", "acq_date": "2026-09-30", "acq_time": "338", "satellite": "N", "daynight": "D", "scope": "world"}}, {"type": "Feature", "geometry": {"type": "Point", "coordinates": [140.3202, -7.9796]}, "properties": {"layer": "fire", "frp": 49.02, "confidence": "n", "acq_date": "2026-09-30", "acq_time": "338", "satellite": "N", "daynight": "D", "scope": "world"}}, {"type": "Feature", "geometry": {"type": "Point", "coordinates": [32.022, -9.6824]}, "properties": {"layer": "fire", "frp": 48.99, "confidence": "l", "acq_date": "2026-09-30", "acq_time": "1204", "satellite": "N", "daynight": "D", "scope": "world"}}, {"type": "Feature", "geometry": {"type": "Point", "coordinates": [32.0269, -9.6816]}, "properties": {"layer": "fire", "frp": 48.99, "confidence": "n", "acq_date": "2026-09-30", "acq_time": "1204", "satellite": "N", "daynight": "D", "scope": "world"}}, {"type": "Feature", "geometry": {"type": "Point", "coordinates": [32.4254, -10.9014]}, "properties": {"layer": "fire", "frp": 48.89, "confidence": "n", "acq_date": "2026-09-30", "acq_time": "1204", "satellite": "N", "daynight": "D", "scope": "world"}}, {"type": "Feature", "geometry": {"type": "Point", "coordinates": [32.4246, -10.8967]}, "properties": {"layer": "fire", "frp": 48.89, "confidence": "n", "acq_date": "2026-09-30", "acq_time": "1204", "satellite": "N", "daynight": "D", "scope": "world"}}, {"type": "Feature", "geometry": {"type": "Point", "coordinates": [121.3821, -2.5751]}, "properties": {"layer": "fire", "frp": 48.87, "confidence": "n", "acq_date": "2026-09-30", "acq_time": "521", "satellite": "N", "daynight": "D", "scope": "world"}}, {"type": "Feature", "geometry": {"type": "Point", "coordinates": [110.4322, -1.0177]}, "properties": {"layer": "fire", "frp": 48.87, "confidence": "l", "acq_date": "2026-09-30", "acq_time": "701", "satellite": "N", "daynight": "D", "scope": "world"}}, {"type": "Feature", "geometry": {"type": "Point", "coordinates": [15.9233, -5.3769]}, "properties": {"layer": "fire", "frp": 48.85, "confidence": "n", "acq_date": "2026-09-30", "acq_time": "1206", "satellite": "N", "daynight": "D", "scope": "world"}}, {"type": "Feature", "geometry": {"type": "Point", "coordinates": [127.2724, 62.6146]}, "properties": {"layer": "fire", "frp": 48.66, "confidence": "n", "acq_date": "2026-09-30", "acq_time": "357", "satellite": "N", "daynight": "D", "scope": "world"}}, {"type": "Feature", "geometry": {"type": "Point", "coordinates": [37.231, -3.0131]}, "properties": {"layer": "fire", "frp": 48.57, "confidence": "h", "acq_date": "2026-09-30", "acq_time": "1026", "satellite": "N", "daynight": "D", "scope": "world"}}, {"type": "Feature", "geometry": {"type": "Point", "coordinates": [36.1878, -6.7055]}, "properties": {"layer": "fire", "frp": 48.56, "confidence": "h", "acq_date": "2026-09-30", "acq_time": "1024", "satellite": "N", "daynight": "D", "scope": "world"}}, {"type": "Feature", "geometry": {"type": "Point", "coordinates": [36.1905, -6.698]}, "properties": {"layer": "fire", "frp": 48.56, "confidence": "n", "acq_date": "2026-09-30", "acq_time": "1024", "satellite": "N", "daynight": "D", "scope": "world"}}, {"type": "Feature", "geometry": {"type": "Point", "coordinates": [38.6845, -8.7482]}, "properties": {"layer": "fire", "frp": 48.48, "confidence": "h", "acq_date": "2026-09-30", "acq_time": "1204", "satellite": "N", "daynight": "D", "scope": "world"}}, {"type": "Feature", "geometry": {"type": "Point", "coordinates": [42.7139, 36.8528]}, "properties": {"layer": "fire", "frp": 48.47, "confidence": "n", "acq_date": "2026-09-30", "acq_time": "1036", "satellite": "N", "daynight": "D", "scope": "world"}}, {"type": "Feature", "geometry": {"type": "Point", "coordinates": [47.8454, -16.9394]}, "properties": {"layer": "fire", "frp": 48.37, "confidence": "n", "acq_date": "2026-09-30", "acq_time": "1019", "satellite": "N", "daynight": "D", "scope": "world"}}, {"type": "Feature", "geometry": {"type": "Point", "coordinates": [12.712, -3.8643]}, "properties": {"layer": "fire", "frp": 48.33, "confidence": "n", "acq_date": "2026-09-30", "acq_time": "1206", "satellite": "N", "daynight": "D", "scope": "world"}}, {"type": "Feature", "geometry": {"type": "Point", "coordinates": [20.3632, -12.0654]}, "properties": {"layer": "fire", "frp": 48.31, "confidence": "n", "acq_date": "2026-09-30", "acq_time": "1204", "satellite": "N", "daynight": "D", "scope": "world"}}, {"type": "Feature", "geometry": {"type": "Point", "coordinates": [20.5253, -12.2123]}, "properties": {"layer": "fire", "frp": 48.25, "confidence": "n", "acq_date": "2026-09-30", "acq_time": "1204", "satellite": "N", "daynight": "D", "scope": "world"}}, {"type": "Feature", "geometry": {"type": "Point", "coordinates": [20.5247, -12.2083]}, "properties": {"layer": "fire", "frp": 48.25, "confidence": "n", "acq_date": "2026-09-30", "acq_time": "1204", "satellite": "N", "daynight": "D", "scope": "world"}}, {"type": "Feature", "geometry": {"type": "Point", "coordinates": [15.0136, -15.958]}, "properties": {"layer": "fire", "frp": 48.12, "confidence": "n", "acq_date": "2026-09-30", "acq_time": "1202", "satellite": "N", "daynight": "D", "scope": "world"}}, {"type": "Feature", "geometry": {"type": "Point", "coordinates": [30.1805, -10.0716]}, "properties": {"layer": "fire", "frp": 48.06, "confidence": "n", "acq_date": "2026-09-30", "acq_time": "1204", "satellite": "N", "daynight": "D", "scope": "world"}}, {"type": "Feature", "geometry": {"type": "Point", "coordinates": [30.1798, -10.0675]}, "properties": {"layer": "fire", "frp": 48.06, "confidence": "n", "acq_date": "2026-09-30", "acq_time": "1204", "satellite": "N", "daynight": "D", "scope": "world"}}, {"type": "Feature", "geometry": {"type": "Point", "coordinates": [47.9179, -16.3576]}, "properties": {"layer": "fire", "frp": 48.01, "confidence": "n", "acq_date": "2026-09-30", "acq_time": "1021", "satellite": "N", "daynight": "D", "scope": "world"}}, {"type": "Feature", "geometry": {"type": "Point", "coordinates": [15.0183, -15.9575]}, "properties": {"layer": "fire", "frp": 47.92, "confidence": "h", "acq_date": "2026-09-30", "acq_time": "1202", "satellite": "N", "daynight": "D", "scope": "world"}}, {"type": "Feature", "geometry": {"type": "Point", "coordinates": [38.2755, -11.6518]}, "properties": {"layer": "fire", "frp": 47.72, "confidence": "l", "acq_date": "2026-09-30", "acq_time": "1021", "satellite": "N", "daynight": "D", "scope": "world"}}, {"type": "Feature", "geometry": {"type": "Point", "coordinates": [12.5092, -6.4769]}, "properties": {"layer": "fire", "frp": 47.65, "confidence": "l", "acq_date": "2026-09-30", "acq_time": "1346", "satellite": "N", "daynight": "D", "scope": "world"}}, {"type": "Feature", "geometry": {"type": "Point", "coordinates": [140.2801, -8.1535]}, "properties": {"layer": "fire", "frp": 47.64, "confidence": "h", "acq_date": "2026-09-30", "acq_time": "338", "satellite": "N", "daynight": "D", "scope": "world"}}, {"type": "Feature", "geometry": {"type": "Point", "coordinates": [31.2605, -7.2919]}, "properties": {"layer": "fire", "frp": 47.12, "confidence": "n", "acq_date": "2026-09-30", "acq_time": "1204", "satellite": "N", "daynight": "D", "scope": "world"}}, {"type": "Feature", "geometry": {"type": "Point", "coordinates": [44.0097, 35.63]}, "properties": {"layer": "fire", "frp": 46.99, "confidence": "n", "acq_date": "2026-09-30", "acq_time": "1036", "satellite": "N", "daynight": "D", "scope": "world"}}, {"type": "Feature", "geometry": {"type": "Point", "coordinates": [14.4477, -15.8146]}, "properties": {"layer": "fire", "frp": 46.96, "confidence": "n", "acq_date": "2026-09-30", "acq_time": "1344", "satellite": "N", "daynight": "D", "scope": "world"}}, {"type": "Feature", "geometry": {"type": "Point", "coordinates": [14.4543, -15.8131]}, "properties": {"layer": "fire", "frp": 46.96, "confidence": "h", "acq_date": "2026-09-30", "acq_time": "1344", "satellite": "N", "daynight": "D", "scope": "world"}}, {"type": "Feature", "geometry": {"type": "Point", "coordinates": [62.8069, 52.4511]}, "properties": {"layer": "fire", "frp": 46.79, "confidence": "n", "acq_date": "2026-09-30", "acq_time": "858", "satellite": "N", "daynight": "D", "scope": "world"}}, {"type": "Feature", "geometry": {"type": "Point", "coordinates": [62.8135, 52.4519]}, "properties": {"layer": "fire", "frp": 46.79, "confidence": "n", "acq_date": "2026-09-30", "acq_time": "858", "satellite": "N", "daynight": "D", "scope": "world"}}, {"type": "Feature", "geometry": {"type": "Point", "coordinates": [15.1829, -15.5005]}, "properties": {"layer": "fire", "frp": 46.76, "confidence": "n", "acq_date": "2026-09-30", "acq_time": "1204", "satellite": "N", "daynight": "D", "scope": "world"}}, {"type": "Feature", "geometry": {"type": "Point", "coordinates": [105.3487, -2.0774]}, "properties": {"layer": "fire", "frp": 46.7, "confidence": "n", "acq_date": "2026-09-30", "acq_time": "701", "satellite": "N", "daynight": "D", "scope": "world"}}, {"type": "Feature", "geometry": {"type": "Point", "coordinates": [16.4403, -16.0426]}, "properties": {"layer": "fire", "frp": 46.7, "confidence": "n", "acq_date": "2026-09-30", "acq_time": "1202", "satellite": "N", "daynight": "D", "scope": "world"}}, {"type": "Feature", "geometry": {"type": "Point", "coordinates": [29.7695, -10.3451]}, "properties": {"layer": "fire", "frp": 46.64, "confidence": "n", "acq_date": "2026-09-30", "acq_time": "1204", "satellite": "N", "daynight": "D", "scope": "world"}}, {"type": "Feature", "geometry": {"type": "Point", "coordinates": [31.9981, -11.0592]}, "properties": {"layer": "fire", "frp": 46.63, "confidence": "n", "acq_date": "2026-09-30", "acq_time": "1204", "satellite": "N", "daynight": "D", "scope": "world"}}, {"type": "Feature", "geometry": {"type": "Point", "coordinates": [149.9454, -5.601]}, "properties": {"layer": "fire", "frp": 46.56, "confidence": "n", "acq_date": "2026-09-30", "acq_time": "338", "satellite": "N", "daynight": "D", "scope": "world"}}, {"type": "Feature", "geometry": {"type": "Point", "coordinates": [149.9414, -5.5982]}, "properties": {"layer": "fire", "frp": 46.56, "confidence": "h", "acq_date": "2026-09-30", "acq_time": "338", "satellite": "N", "daynight": "D", "scope": "world"}}, {"type": "Feature", "geometry": {"type": "Point", "coordinates": [30.8304, -9.9521]}, "properties": {"layer": "fire", "frp": 46.54, "confidence": "n", "acq_date": "2026-09-30", "acq_time": "1204", "satellite": "N", "daynight": "D", "scope": "world"}}, {"type": "Feature", "geometry": {"type": "Point", "coordinates": [30.8345, -9.9514]}, "properties": {"layer": "fire", "frp": 46.54, "confidence": "n", "acq_date": "2026-09-30", "acq_time": "1204", "satellite": "N", "daynight": "D", "scope": "world"}}, {"type": "Feature", "geometry": {"type": "Point", "coordinates": [123.0822, -4.6274]}, "properties": {"layer": "fire", "frp": 46.53, "confidence": "l", "acq_date": "2026-09-30", "acq_time": "521", "satellite": "N", "daynight": "D", "scope": "world"}}, {"type": "Feature", "geometry": {"type": "Point", "coordinates": [30.354, -8.1014]}, "properties": {"layer": "fire", "frp": 46.46, "confidence": "n", "acq_date": "2026-09-30", "acq_time": "1204", "satellite": "N", "daynight": "D", "scope": "world"}}, {"type": "Feature", "geometry": {"type": "Point", "coordinates": [34.5545, -5.4602]}, "properties": {"layer": "fire", "frp": 46.43, "confidence": "h", "acq_date": "2026-09-30", "acq_time": "1204", "satellite": "N", "daynight": "D", "scope": "world"}}, {"type": "Feature", "geometry": {"type": "Point", "coordinates": [37.236, -2.9547]}, "properties": {"layer": "fire", "frp": 46.3, "confidence": "n", "acq_date": "2026-09-30", "acq_time": "1206", "satellite": "N", "daynight": "D", "scope": "world"}}, {"type": "Feature", "geometry": {"type": "Point", "coordinates": [13.7979, -9.6631]}, "properties": {"layer": "fire", "frp": 46.3, "confidence": "n", "acq_date": "2026-09-30", "acq_time": "1346", "satellite": "N", "daynight": "D", "scope": "world"}}, {"type": "Feature", "geometry": {"type": "Point", "coordinates": [131.5527, -22.5031]}, "properties": {"layer": "fire", "frp": 46.26, "confidence": "l", "acq_date": "2026-09-30", "acq_time": "514", "satellite": "N", "daynight": "D", "scope": "world"}}, {"type": "Feature", "geometry": {"type": "Point", "coordinates": [140.2756, -8.1541]}, "properties": {"layer": "fire", "frp": 46.14, "confidence": "n", "acq_date": "2026-09-30", "acq_time": "338", "satellite": "N", "daynight": "D", "scope": "world"}}, {"type": "Feature", "geometry": {"type": "Point", "coordinates": [12.5024, -6.4782]}, "properties": {"layer": "fire", "frp": 45.96, "confidence": "n", "acq_date": "2026-09-30", "acq_time": "1346", "satellite": "N", "daynight": "D", "scope": "world"}}, {"type": "Feature", "geometry": {"type": "Point", "coordinates": [47.4099, 32.115]}, "properties": {"layer": "fire", "frp": 45.95, "confidence": "n", "acq_date": "2026-09-30", "acq_time": "1034", "satellite": "N", "daynight": "D", "scope": "world"}}, {"type": "Feature", "geometry": {"type": "Point", "coordinates": [14.2296, -8.0778]}, "properties": {"layer": "fire", "frp": 45.87, "confidence": "n", "acq_date": "2026-09-30", "acq_time": "1206", "satellite": "N", "daynight": "D", "scope": "world"}}, {"type": "Feature", "geometry": {"type": "Point", "coordinates": [24.4566, -13.5682]}, "properties": {"layer": "fire", "frp": 45.84, "confidence": "l", "acq_date": "2026-09-30", "acq_time": "1204", "satellite": "N", "daynight": "D", "scope": "world"}}, {"type": "Feature", "geometry": {"type": "Point", "coordinates": [31.0899, -10.1057]}, "properties": {"layer": "fire", "frp": 45.7, "confidence": "n", "acq_date": "2026-09-30", "acq_time": "1204", "satellite": "N", "daynight": "D", "scope": "world"}}, {"type": "Feature", "geometry": {"type": "Point", "coordinates": [110.8321, -1.2646]}, "properties": {"layer": "fire", "frp": 45.68, "confidence": "h", "acq_date": "2026-09-30", "acq_time": "701", "satellite": "N", "daynight": "D", "scope": "world"}}, {"type": "Feature", "geometry": {"type": "Point", "coordinates": [140.6401, -7.2932]}, "properties": {"layer": "fire", "frp": 45.57, "confidence": "h", "acq_date": "2026-09-30", "acq_time": "338", "satellite": "N", "daynight": "D", "scope": "world"}}, {"type": "Feature", "geometry": {"type": "Point", "coordinates": [150.4339, -5.4859]}, "properties": {"layer": "fire", "frp": 45.43, "confidence": "n", "acq_date": "2026-09-30", "acq_time": "338", "satellite": "N", "daynight": "D", "scope": "world"}}, {"type": "Feature", "geometry": {"type": "Point", "coordinates": [150.4334, -5.4826]}, "properties": {"layer": "fire", "frp": 45.43, "confidence": "n", "acq_date": "2026-09-30", "acq_time": "338", "satellite": "N", "daynight": "D", "scope": "world"}}, {"type": "Feature", "geometry": {"type": "Point", "coordinates": [37.1841, -11.7797]}, "properties": {"layer": "fire", "frp": 45.42, "confidence": "l", "acq_date": "2026-09-30", "acq_time": "1021", "satellite": "N", "daynight": "D", "scope": "world"}}, {"type": "Feature", "geometry": {"type": "Point", "coordinates": [35.5222, -5.6316]}, "properties": {"layer": "fire", "frp": 45.37, "confidence": "n", "acq_date": "2026-09-30", "acq_time": "1204", "satellite": "N", "daynight": "D", "scope": "world"}}, {"type": "Feature", "geometry": {"type": "Point", "coordinates": [16.3858, -15.7484]}, "properties": {"layer": "fire", "frp": 45.19, "confidence": "n", "acq_date": "2026-09-30", "acq_time": "1202", "satellite": "N", "daynight": "D", "scope": "world"}}, {"type": "Feature", "geometry": {"type": "Point", "coordinates": [16.3851, -15.7428]}, "properties": {"layer": "fire", "frp": 45.19, "confidence": "n", "acq_date": "2026-09-30", "acq_time": "1202", "satellite": "N", "daynight": "D", "scope": "world"}}, {"type": "Feature", "geometry": {"type": "Point", "coordinates": [141.2987, -8.2689]}, "properties": {"layer": "fire", "frp": 45.17, "confidence": "n", "acq_date": "2026-09-30", "acq_time": "338", "satellite": "N", "daynight": "D", "scope": "world"}}, {"type": "Feature", "geometry": {"type": "Point", "coordinates": [141.298, -8.2632]}, "properties": {"layer": "fire", "frp": 45.17, "confidence": "n", "acq_date": "2026-09-30", "acq_time": "338", "satellite": "N", "daynight": "D", "scope": "world"}}, {"type": "Feature", "geometry": {"type": "Point", "coordinates": [134.2864, -15.9162]}, "properties": {"layer": "fire", "frp": 44.93, "confidence": "n", "acq_date": "2026-09-30", "acq_time": "516", "satellite": "N", "daynight": "D", "scope": "world"}}, {"type": "Feature", "geometry": {"type": "Point", "coordinates": [32.2957, -10.9779]}, "properties": {"layer": "fire", "frp": 44.72, "confidence": "n", "acq_date": "2026-09-30", "acq_time": "1204", "satellite": "N", "daynight": "D", "scope": "world"}}, {"type": "Feature", "geometry": {"type": "Point", "coordinates": [141.4007, -8.2357]}, "properties": {"layer": "fire", "frp": 44.7, "confidence": "n", "acq_date": "2026-09-30", "acq_time": "338", "satellite": "N", "daynight": "D", "scope": "world"}}, {"type": "Feature", "geometry": {"type": "Point", "coordinates": [141.4045, -8.2352]}, "properties": {"layer": "fire", "frp": 44.7, "confidence": "n", "acq_date": "2026-09-30", "acq_time": "338", "satellite": "N", "daynight": "D", "scope": "world"}}, {"type": "Feature", "geometry": {"type": "Point", "coordinates": [121.3021, 1.0976]}, "properties": {"layer": "fire", "frp": 44.7, "confidence": "n", "acq_date": "2026-09-30", "acq_time": "523", "satellite": "N", "daynight": "D", "scope": "world"}}, {"type": "Feature", "geometry": {"type": "Point", "coordinates": [13.6569, -9.7352]}, "properties": {"layer": "fire", "frp": 44.59, "confidence": "n", "acq_date": "2026-09-30", "acq_time": "1346", "satellite": "N", "daynight": "D", "scope": "world"}}, {"type": "Feature", "geometry": {"type": "Point", "coordinates": [13.6639, -9.7338]}, "properties": {"layer": "fire", "frp": 44.59, "confidence": "l", "acq_date": "2026-09-30", "acq_time": "1346", "satellite": "N", "daynight": "D", "scope": "world"}}, {"type": "Feature", "geometry": {"type": "Point", "coordinates": [42.7163, 36.8531]}, "properties": {"layer": "fire", "frp": 44.54, "confidence": "l", "acq_date": "2026-09-30", "acq_time": "1036", "satellite": "N", "daynight": "D", "scope": "world"}}, {"type": "Feature", "geometry": {"type": "Point", "coordinates": [105.5733, -3.7705]}, "properties": {"layer": "fire", "frp": 44.5, "confidence": "n", "acq_date": "2026-09-30", "acq_time": "701", "satellite": "N", "daynight": "D", "scope": "world"}}, {"type": "Feature", "geometry": {"type": "Point", "coordinates": [105.5773, -3.7698]}, "properties": {"layer": "fire", "frp": 44.5, "confidence": "n", "acq_date": "2026-09-30", "acq_time": "701", "satellite": "N", "daynight": "D", "scope": "world"}}, {"type": "Feature", "geometry": {"type": "Point", "coordinates": [105.5726, -3.7662]}, "properties": {"layer": "fire", "frp": 44.5, "confidence": "n", "acq_date": "2026-09-30", "acq_time": "701", "satellite": "N", "daynight": "D", "scope": "world"}}, {"type": "Feature", "geometry": {"type": "Point", "coordinates": [105.5766, -3.7655]}, "properties": {"layer": "fire", "frp": 44.5, "confidence": "n", "acq_date": "2026-09-30", "acq_time": "701", "satellite": "N", "daynight": "D", "scope": "world"}}, {"type": "Feature", "geometry": {"type": "Point", "coordinates": [36.176, -6.7059]}, "properties": {"layer": "fire", "frp": 44.5, "confidence": "n", "acq_date": "2026-09-30", "acq_time": "1024", "satellite": "N", "daynight": "D", "scope": "world"}}, {"type": "Feature", "geometry": {"type": "Point", "coordinates": [36.1904, -6.7041]}, "properties": {"layer": "fire", "frp": 44.5, "confidence": "h", "acq_date": "2026-09-30", "acq_time": "1024", "satellite": "N", "daynight": "D", "scope": "world"}}, {"type": "Feature", "geometry": {"type": "Point", "coordinates": [116.4403, -0.3892]}, "properties": {"layer": "fire", "frp": 44.34, "confidence": "n", "acq_date": "2026-09-30", "acq_time": "523", "satellite": "N", "daynight": "D", "scope": "world"}}, {"type": "Feature", "geometry": {"type": "Point", "coordinates": [116.4342, -0.3852]}, "properties": {"layer": "fire", "frp": 44.34, "confidence": "n", "acq_date": "2026-09-30", "acq_time": "523", "satellite": "N", "daynight": "D", "scope": "world"}}, {"type": "Feature", "geometry": {"type": "Point", "coordinates": [116.4396, -0.3843]}, "properties": {"layer": "fire", "frp": 44.34, "confidence": "n", "acq_date": "2026-09-30", "acq_time": "523", "satellite": "N", "daynight": "D", "scope": "world"}}, {"type": "Feature", "geometry": {"type": "Point", "coordinates": [25.1986, -8.9243]}, "properties": {"layer": "fire", "frp": 44.33, "confidence": "n", "acq_date": "2026-09-30", "acq_time": "1204", "satellite": "N", "daynight": "D", "scope": "world"}}, {"type": "Feature", "geometry": {"type": "Point", "coordinates": [107.6753, 16.3152]}, "properties": {"layer": "fire", "frp": 44.32, "confidence": "h", "acq_date": "2026-09-30", "acq_time": "525", "satellite": "N", "daynight": "D", "scope": "world"}}, {"type": "Feature", "geometry": {"type": "Point", "coordinates": [35.1733, -5.3592]}, "properties": {"layer": "fire", "frp": 44.29, "confidence": "l", "acq_date": "2026-09-30", "acq_time": "1024", "satellite": "N", "daynight": "D", "scope": "world"}}, {"type": "Feature", "geometry": {"type": "Point", "coordinates": [140.7365, -7.9523]}, "properties": {"layer": "fire", "frp": 44.13, "confidence": "h", "acq_date": "2026-09-30", "acq_time": "338", "satellite": "N", "daynight": "D", "scope": "world"}}, {"type": "Feature", "geometry": {"type": "Point", "coordinates": [15.8298, -6.0167]}, "properties": {"layer": "fire", "frp": 44.1, "confidence": "n", "acq_date": "2026-09-30", "acq_time": "1206", "satellite": "N", "daynight": "D", "scope": "world"}}, {"type": "Feature", "geometry": {"type": "Point", "coordinates": [133.3842, -22.0573]}, "properties": {"layer": "fire", "frp": 44.06, "confidence": "n", "acq_date": "2026-09-30", "acq_time": "514", "satellite": "N", "daynight": "D", "scope": "world"}}, {"type": "Feature", "geometry": {"type": "Point", "coordinates": [20.9816, -14.2111]}, "properties": {"layer": "fire", "frp": 44.04, "confidence": "n", "acq_date": "2026-09-30", "acq_time": "1204", "satellite": "N", "daynight": "D", "scope": "world"}}, {"type": "Feature", "geometry": {"type": "Point", "coordinates": [20.4687, -12.2282]}, "properties": {"layer": "fire", "frp": 43.89, "confidence": "n", "acq_date": "2026-09-30", "acq_time": "1204", "satellite": "N", "daynight": "D", "scope": "world"}}, {"type": "Feature", "geometry": {"type": "Point", "coordinates": [20.4681, -12.2242]}, "properties": {"layer": "fire", "frp": 43.89, "confidence": "n", "acq_date": "2026-09-30", "acq_time": "1204", "satellite": "N", "daynight": "D", "scope": "world"}}, {"type": "Feature", "geometry": {"type": "Point", "coordinates": [37.2204, -3.0528]}, "properties": {"layer": "fire", "frp": 43.79, "confidence": "l", "acq_date": "2026-09-30", "acq_time": "1026", "satellite": "N", "daynight": "D", "scope": "world"}}, {"type": "Feature", "geometry": {"type": "Point", "coordinates": [37.2252, -3.0521]}, "properties": {"layer": "fire", "frp": 43.79, "confidence": "n", "acq_date": "2026-09-30", "acq_time": "1026", "satellite": "N", "daynight": "D", "scope": "world"}}, {"type": "Feature", "geometry": {"type": "Point", "coordinates": [37.2191, -3.0466]}, "properties": {"layer": "fire", "frp": 43.79, "confidence": "n", "acq_date": "2026-09-30", "acq_time": "1026", "satellite": "N", "daynight": "D", "scope": "world"}}, {"type": "Feature", "geometry": {"type": "Point", "coordinates": [37.2241, -3.0459]}, "properties": {"layer": "fire", "frp": 43.79, "confidence": "l", "acq_date": "2026-09-30", "acq_time": "1026", "satellite": "N", "daynight": "D", "scope": "world"}}, {"type": "Feature", "geometry": {"type": "Point", "coordinates": [150.1409, -26.365]}, "properties": {"layer": "fire", "frp": 43.77, "confidence": "n", "acq_date": "2026-09-30", "acq_time": "332", "satellite": "N", "daynight": "D", "scope": "world"}}, {"type": "Feature", "geometry": {"type": "Point", "coordinates": [150.1449, -26.3645]}, "properties": {"layer": "fire", "frp": 43.77, "confidence": "n", "acq_date": "2026-09-30", "acq_time": "332", "satellite": "N", "daynight": "D", "scope": "world"}}, {"type": "Feature", "geometry": {"type": "Point", "coordinates": [15.5717, -5.28]}, "properties": {"layer": "fire", "frp": 43.73, "confidence": "l", "acq_date": "2026-09-30", "acq_time": "1206", "satellite": "N", "daynight": "D", "scope": "world"}}, {"type": "Feature", "geometry": {"type": "Point", "coordinates": [16.4403, -16.0422]}, "properties": {"layer": "fire", "frp": 43.71, "confidence": "n", "acq_date": "2026-09-30", "acq_time": "1202", "satellite": "N", "daynight": "D", "scope": "world"}}, {"type": "Feature", "geometry": {"type": "Point", "coordinates": [16.4397, -16.0367]}, "properties": {"layer": "fire", "frp": 43.71, "confidence": "n", "acq_date": "2026-09-30", "acq_time": "1202", "satellite": "N", "daynight": "D", "scope": "world"}}, {"type": "Feature", "geometry": {"type": "Point", "coordinates": [32.4328, -10.9029]}, "properties": {"layer": "fire", "frp": 43.53, "confidence": "n", "acq_date": "2026-09-30", "acq_time": "1204", "satellite": "N", "daynight": "D", "scope": "world"}}, {"type": "Feature", "geometry": {"type": "Point", "coordinates": [32.4379, -10.902]}, "properties": {"layer": "fire", "frp": 43.53, "confidence": "n", "acq_date": "2026-09-30", "acq_time": "1204", "satellite": "N", "daynight": "D", "scope": "world"}}, {"type": "Feature", "geometry": {"type": "Point", "coordinates": [29.6153, -8.4032]}, "properties": {"layer": "fire", "frp": 43.53, "confidence": "n", "acq_date": "2026-09-30", "acq_time": "1204", "satellite": "N", "daynight": "D", "scope": "world"}}, {"type": "Feature", "geometry": {"type": "Point", "coordinates": [29.6146, -8.3992]}, "properties": {"layer": "fire", "frp": 43.53, "confidence": "n", "acq_date": "2026-09-30", "acq_time": "1204", "satellite": "N", "daynight": "D", "scope": "world"}}, {"type": "Feature", "geometry": {"type": "Point", "coordinates": [48.117, -19.2082]}, "properties": {"layer": "fire", "frp": 43.5, "confidence": "n", "acq_date": "2026-09-30", "acq_time": "1019", "satellite": "N", "daynight": "D", "scope": "world"}}, {"type": "Feature", "geometry": {"type": "Point", "coordinates": [141.2019, -8.2913]}, "properties": {"layer": "fire", "frp": 43.34, "confidence": "n", "acq_date": "2026-09-30", "acq_time": "338", "satellite": "N", "daynight": "D", "scope": "world"}}, {"type": "Feature", "geometry": {"type": "Point", "coordinates": [141.2059, -8.2907]}, "properties": {"layer": "fire", "frp": 43.34, "confidence": "n", "acq_date": "2026-09-30", "acq_time": "338", "satellite": "N", "daynight": "D", "scope": "world"}}, {"type": "Feature", "geometry": {"type": "Point", "coordinates": [141.2012, -8.2856]}, "properties": {"layer": "fire", "frp": 43.34, "confidence": "n", "acq_date": "2026-09-30", "acq_time": "338", "satellite": "N", "daynight": "D", "scope": "world"}}, {"type": "Feature", "geometry": {"type": "Point", "coordinates": [141.2051, -8.285]}, "properties": {"layer": "fire", "frp": 43.34, "confidence": "h", "acq_date": "2026-09-30", "acq_time": "338", "satellite": "N", "daynight": "D", "scope": "world"}}, {"type": "Feature", "geometry": {"type": "Point", "coordinates": [32.1937, -10.2733]}, "properties": {"layer": "fire", "frp": 43.34, "confidence": "n", "acq_date": "2026-09-30", "acq_time": "1204", "satellite": "N", "daynight": "D", "scope": "world"}}, {"type": "Feature", "geometry": {"type": "Point", "coordinates": [32.1928, -10.2686]}, "properties": {"layer": "fire", "frp": 43.34, "confidence": "n", "acq_date": "2026-09-30", "acq_time": "1204", "satellite": "N", "daynight": "D", "scope": "world"}}, {"type": "Feature", "geometry": {"type": "Point", "coordinates": [141.8766, -8.5358]}, "properties": {"layer": "fire", "frp": 43.33, "confidence": "h", "acq_date": "2026-09-30", "acq_time": "338", "satellite": "N", "daynight": "D", "scope": "world"}}, {"type": "Feature", "geometry": {"type": "Point", "coordinates": [141.8802, -8.5354]}, "properties": {"layer": "fire", "frp": 43.33, "confidence": "n", "acq_date": "2026-09-30", "acq_time": "338", "satellite": "N", "daynight": "D", "scope": "world"}}, {"type": "Feature", "geometry": {"type": "Point", "coordinates": [118.2562, 1.4703]}, "properties": {"layer": "fire", "frp": 43.17, "confidence": "n", "acq_date": "2026-09-30", "acq_time": "523", "satellite": "N", "daynight": "D", "scope": "world"}}, {"type": "Feature", "geometry": {"type": "Point", "coordinates": [37.2438, -3.0497]}, "properties": {"layer": "fire", "frp": 43.16, "confidence": "l", "acq_date": "2026-09-30", "acq_time": "1206", "satellite": "N", "daynight": "D", "scope": "world"}}, {"type": "Feature", "geometry": {"type": "Point", "coordinates": [37.2504, -3.0412]}, "properties": {"layer": "fire", "frp": 43.16, "confidence": "n", "acq_date": "2026-09-30", "acq_time": "1206", "satellite": "N", "daynight": "D", "scope": "world"}}, {"type": "Feature", "geometry": {"type": "Point", "coordinates": [48.594, -14.4721]}, "properties": {"layer": "fire", "frp": 43.12, "confidence": "l", "acq_date": "2026-09-30", "acq_time": "1021", "satellite": "N", "daynight": "D", "scope": "world"}}, {"type": "Feature", "geometry": {"type": "Point", "coordinates": [119.6611, -4.2497]}, "properties": {"layer": "fire", "frp": 43.02, "confidence": "n", "acq_date": "2026-09-30", "acq_time": "521", "satellite": "N", "daynight": "D", "scope": "world"}}, {"type": "Feature", "geometry": {"type": "Point", "coordinates": [119.6602, -4.2456]}, "properties": {"layer": "fire", "frp": 43.02, "confidence": "n", "acq_date": "2026-09-30", "acq_time": "521", "satellite": "N", "daynight": "D", "scope": "world"}}, {"type": "Feature", "geometry": {"type": "Point", "coordinates": [147.4519, -9.4432]}, "properties": {"layer": "fire", "frp": 42.97, "confidence": "l", "acq_date": "2026-09-30", "acq_time": "338", "satellite": "N", "daynight": "D", "scope": "world"}}, {"type": "Feature", "geometry": {"type": "Point", "coordinates": [61.5116, 51.6551]}, "properties": {"layer": "fire", "frp": 42.96, "confidence": "h", "acq_date": "2026-09-30", "acq_time": "718", "satellite": "N", "daynight": "D", "scope": "world"}}, {"type": "Feature", "geometry": {"type": "Point", "coordinates": [61.5058, 51.6609]}, "properties": {"layer": "fire", "frp": 42.96, "confidence": "n", "acq_date": "2026-09-30", "acq_time": "718", "satellite": "N", "daynight": "D", "scope": "world"}}, {"type": "Feature", "geometry": {"type": "Point", "coordinates": [19.2608, -14.8983]}, "properties": {"layer": "fire", "frp": 42.94, "confidence": "n", "acq_date": "2026-09-30", "acq_time": "1204", "satellite": "N", "daynight": "D", "scope": "world"}}, {"type": "Feature", "geometry": {"type": "Point", "coordinates": [103.9048, -4.1314]}, "properties": {"layer": "fire", "frp": 42.9, "confidence": "n", "acq_date": "2026-09-30", "acq_time": "701", "satellite": "N", "daynight": "D", "scope": "world"}}, {"type": "Feature", "geometry": {"type": "Point", "coordinates": [37.4782, -3.0401]}, "properties": {"layer": "fire", "frp": 42.86, "confidence": "n", "acq_date": "2026-09-30", "acq_time": "1026", "satellite": "N", "daynight": "D", "scope": "world"}}, {"type": "Feature", "geometry": {"type": "Point", "coordinates": [37.4767, -3.034]}, "properties": {"layer": "fire", "frp": 42.86, "confidence": "h", "acq_date": "2026-09-30", "acq_time": "1026", "satellite": "N", "daynight": "D", "scope": "world"}}, {"type": "Feature", "geometry": {"type": "Point", "coordinates": [37.4802, -3.0335]}, "properties": {"layer": "fire", "frp": 42.86, "confidence": "n", "acq_date": "2026-09-30", "acq_time": "1026", "satellite": "N", "daynight": "D", "scope": "world"}}, {"type": "Feature", "geometry": {"type": "Point", "coordinates": [37.2085, -2.9744]}, "properties": {"layer": "fire", "frp": 42.86, "confidence": "n", "acq_date": "2026-09-30", "acq_time": "1206", "satellite": "N", "daynight": "D", "scope": "world"}}, {"type": "Feature", "geometry": {"type": "Point", "coordinates": [30.6703, -10.0267]}, "properties": {"layer": "fire", "frp": 42.77, "confidence": "n", "acq_date": "2026-09-30", "acq_time": "1204", "satellite": "N", "daynight": "D", "scope": "world"}}, {"type": "Feature", "geometry": {"type": "Point", "coordinates": [30.6742, -10.026]}, "properties": {"layer": "fire", "frp": 42.77, "confidence": "n", "acq_date": "2026-09-30", "acq_time": "1204", "satellite": "N", "daynight": "D", "scope": "world"}}, {"type": "Feature", "geometry": {"type": "Point", "coordinates": [114.5789, -0.2644]}, "properties": {"layer": "fire", "frp": 42.76, "confidence": "n", "acq_date": "2026-09-30", "acq_time": "523", "satellite": "N", "daynight": "D", "scope": "world"}}, {"type": "Feature", "geometry": {"type": "Point", "coordinates": [114.5826, -0.2638]}, "properties": {"layer": "fire", "frp": 42.76, "confidence": "h", "acq_date": "2026-09-30", "acq_time": "523", "satellite": "N", "daynight": "D", "scope": "world"}}, {"type": "Feature", "geometry": {"type": "Point", "coordinates": [18.1922, -16.9628]}, "properties": {"layer": "fire", "frp": 42.76, "confidence": "h", "acq_date": "2026-09-30", "acq_time": "1202", "satellite": "N", "daynight": "D", "scope": "world"}}, {"type": "Feature", "geometry": {"type": "Point", "coordinates": [105.4612, -4.0599]}, "properties": {"layer": "fire", "frp": 42.74, "confidence": "n", "acq_date": "2026-09-30", "acq_time": "701", "satellite": "N", "daynight": "D", "scope": "world"}}, {"type": "Feature", "geometry": {"type": "Point", "coordinates": [105.4652, -4.0593]}, "properties": {"layer": "fire", "frp": 42.74, "confidence": "n", "acq_date": "2026-09-30", "acq_time": "701", "satellite": "N", "daynight": "D", "scope": "world"}}, {"type": "Feature", "geometry": {"type": "Point", "coordinates": [47.7871, -19.9662]}, "properties": {"layer": "fire", "frp": 42.71, "confidence": "n", "acq_date": "2026-09-30", "acq_time": "1019", "satellite": "N", "daynight": "D", "scope": "world"}}, {"type": "Feature", "geometry": {"type": "Point", "coordinates": [110.4293, -0.999]}, "properties": {"layer": "fire", "frp": 42.34, "confidence": "h", "acq_date": "2026-09-30", "acq_time": "701", "satellite": "N", "daynight": "D", "scope": "world"}}, {"type": "Feature", "geometry": {"type": "Point", "coordinates": [47.4156, 30.1661]}, "properties": {"layer": "fire", "frp": 42.24, "confidence": "n", "acq_date": "2026-09-30", "acq_time": "1034", "satellite": "N", "daynight": "D", "scope": "world"}}, {"type": "Feature", "geometry": {"type": "Point", "coordinates": [39.6198, -9.7007]}, "properties": {"layer": "fire", "frp": 42.2, "confidence": "h", "acq_date": "2026-09-30", "acq_time": "1024", "satellite": "N", "daynight": "D", "scope": "world"}}, {"type": "Feature", "geometry": {"type": "Point", "coordinates": [37.2299, -3.0612]}, "properties": {"layer": "fire", "frp": 42.18, "confidence": "l", "acq_date": "2026-09-30", "acq_time": "1206", "satellite": "N", "daynight": "D", "scope": "world"}}, {"type": "Feature", "geometry": {"type": "Point", "coordinates": [37.2376, -3.0598]}, "properties": {"layer": "fire", "frp": 42.18, "confidence": "l", "acq_date": "2026-09-30", "acq_time": "1206", "satellite": "N", "daynight": "D", "scope": "world"}}, {"type": "Feature", "geometry": {"type": "Point", "coordinates": [110.5789, -1.0723]}, "properties": {"layer": "fire", "frp": 42.16, "confidence": "n", "acq_date": "2026-09-30", "acq_time": "523", "satellite": "N", "daynight": "D", "scope": "world"}}, {"type": "Feature", "geometry": {"type": "Point", "coordinates": [58.6702, 51.6838]}, "properties": {"layer": "fire", "frp": 42.14, "confidence": "h", "acq_date": "2026-09-30", "acq_time": "858", "satellite": "N", "daynight": "D", "scope": "world"}}, {"type": "Feature", "geometry": {"type": "Point", "coordinates": [58.6757, 51.6846]}, "properties": {"layer": "fire", "frp": 42.14, "confidence": "n", "acq_date": "2026-09-30", "acq_time": "858", "satellite": "N", "daynight": "D", "scope": "world"}}, {"type": "Feature", "geometry": {"type": "Point", "coordinates": [58.6689, 51.687]}, "properties": {"layer": "fire", "frp": 42.14, "confidence": "n", "acq_date": "2026-09-30", "acq_time": "858", "satellite": "N", "daynight": "D", "scope": "world"}}, {"type": "Feature", "geometry": {"type": "Point", "coordinates": [58.6744, 51.6879]}, "properties": {"layer": "fire", "frp": 42.14, "confidence": "n", "acq_date": "2026-09-30", "acq_time": "858", "satellite": "N", "daynight": "D", "scope": "world"}}, {"type": "Feature", "geometry": {"type": "Point", "coordinates": [47.7216, -15.1318]}, "properties": {"layer": "fire", "frp": 42.14, "confidence": "n", "acq_date": "2026-09-30", "acq_time": "1021", "satellite": "N", "daynight": "D", "scope": "world"}}, {"type": "Feature", "geometry": {"type": "Point", "coordinates": [53.6238, 24.8283]}, "properties": {"layer": "fire", "frp": 42.03, "confidence": "h", "acq_date": "2026-09-30", "acq_time": "852", "satellite": "N", "daynight": "D", "scope": "world"}}, {"type": "Feature", "geometry": {"type": "Point", "coordinates": [37.0972, -5.3481]}, "properties": {"layer": "fire", "frp": 42.03, "confidence": "n", "acq_date": "2026-09-30", "acq_time": "1204", "satellite": "N", "daynight": "D", "scope": "world"}}, {"type": "Feature", "geometry": {"type": "Point", "coordinates": [37.1037, -5.3469]}, "properties": {"layer": "fire", "frp": 42.03, "confidence": "n", "acq_date": "2026-09-30", "acq_time": "1204", "satellite": "N", "daynight": "D", "scope": "world"}}, {"type": "Feature", "geometry": {"type": "Point", "coordinates": [27.916, -2.8294]}, "properties": {"layer": "fire", "frp": 41.94, "confidence": "n", "acq_date": "2026-09-30", "acq_time": "1206", "satellite": "N", "daynight": "D", "scope": "world"}}, {"type": "Feature", "geometry": {"type": "Point", "coordinates": [48.2779, 30.7531]}, "properties": {"layer": "fire", "frp": 41.81, "confidence": "n", "acq_date": "2026-09-30", "acq_time": "1034", "satellite": "N", "daynight": "D", "scope": "world"}}, {"type": "Feature", "geometry": {"type": "Point", "coordinates": [30.0736, -9.1503]}, "properties": {"layer": "fire", "frp": 41.77, "confidence": "n", "acq_date": "2026-09-30", "acq_time": "1204", "satellite": "N", "daynight": "D", "scope": "world"}}, {"type": "Feature", "geometry": {"type": "Point", "coordinates": [30.0693, -9.1467]}, "properties": {"layer": "fire", "frp": 41.77, "confidence": "l", "acq_date": "2026-09-30", "acq_time": "1204", "satellite": "N", "daynight": "D", "scope": "world"}}, {"type": "Feature", "geometry": {"type": "Point", "coordinates": [30.0729, -9.1461]}, "properties": {"layer": "fire", "frp": 41.77, "confidence": "n", "acq_date": "2026-09-30", "acq_time": "1204", "satellite": "N", "daynight": "D", "scope": "world"}}, {"type": "Feature", "geometry": {"type": "Point", "coordinates": [31.0024, -9.6482]}, "properties": {"layer": "fire", "frp": 41.75, "confidence": "n", "acq_date": "2026-09-30", "acq_time": "1204", "satellite": "N", "daynight": "D", "scope": "world"}}, {"type": "Feature", "geometry": {"type": "Point", "coordinates": [47.5833, -17.982]}, "properties": {"layer": "fire", "frp": 41.69, "confidence": "n", "acq_date": "2026-09-30", "acq_time": "1019", "satellite": "N", "daynight": "D", "scope": "world"}}, {"type": "Feature", "geometry": {"type": "Point", "coordinates": [30.4863, -9.3885]}, "properties": {"layer": "fire", "frp": 41.65, "confidence": "n", "acq_date": "2026-09-30", "acq_time": "1204", "satellite": "N", "daynight": "D", "scope": "world"}}, {"type": "Feature", "geometry": {"type": "Point", "coordinates": [30.4902, -9.3879]}, "properties": {"layer": "fire", "frp": 41.65, "confidence": "n", "acq_date": "2026-09-30", "acq_time": "1204", "satellite": "N", "daynight": "D", "scope": "world"}}, {"type": "Feature", "geometry": {"type": "Point", "coordinates": [139.0251, -7.4568]}, "properties": {"layer": "fire", "frp": 41.64, "confidence": "l", "acq_date": "2026-09-30", "acq_time": "518", "satellite": "N", "daynight": "D", "scope": "world"}}, {"type": "Feature", "geometry": {"type": "Point", "coordinates": [15.9257, -5.3776]}, "properties": {"layer": "fire", "frp": 41.62, "confidence": "n", "acq_date": "2026-09-30", "acq_time": "1206", "satellite": "N", "daynight": "D", "scope": "world"}}, {"type": "Feature", "geometry": {"type": "Point", "coordinates": [122.1107, -1.1172]}, "properties": {"layer": "fire", "frp": 41.48, "confidence": "l", "acq_date": "2026-09-30", "acq_time": "521", "satellite": "N", "daynight": "D", "scope": "world"}}, {"type": "Feature", "geometry": {"type": "Point", "coordinates": [19.4567, 45.0774]}, "properties": {"layer": "fire", "frp": 41.47, "confidence": "h", "acq_date": "2026-09-30", "acq_time": "1219", "satellite": "N", "daynight": "D", "scope": "world"}}, {"type": "Feature", "geometry": {"type": "Point", "coordinates": [34.5502, -5.461]}, "properties": {"layer": "fire", "frp": 41.37, "confidence": "n", "acq_date": "2026-09-30", "acq_time": "1204", "satellite": "N", "daynight": "D", "scope": "world"}}, {"type": "Feature", "geometry": {"type": "Point", "coordinates": [30.5027, -9.3901]}, "properties": {"layer": "fire", "frp": 41.33, "confidence": "n", "acq_date": "2026-09-30", "acq_time": "1204", "satellite": "N", "daynight": "D", "scope": "world"}}, {"type": "Feature", "geometry": {"type": "Point", "coordinates": [30.1631, -7.8048]}, "properties": {"layer": "fire", "frp": 41.29, "confidence": "n", "acq_date": "2026-09-30", "acq_time": "1204", "satellite": "N", "daynight": "D", "scope": "world"}}, {"type": "Feature", "geometry": {"type": "Point", "coordinates": [30.167, -7.8042]}, "properties": {"layer": "fire", "frp": 41.29, "confidence": "n", "acq_date": "2026-09-30", "acq_time": "1204", "satellite": "N", "daynight": "D", "scope": "world"}}, {"type": "Feature", "geometry": {"type": "Point", "coordinates": [35.5272, -5.6307]}, "properties": {"layer": "fire", "frp": 41.29, "confidence": "n", "acq_date": "2026-09-30", "acq_time": "1204", "satellite": "N", "daynight": "D", "scope": "world"}}, {"type": "Feature", "geometry": {"type": "Point", "coordinates": [39.2778, 37.6934]}, "properties": {"layer": "fire", "frp": 41.26, "confidence": "n", "acq_date": "2026-09-30", "acq_time": "1036", "satellite": "N", "daynight": "D", "scope": "world"}}, {"type": "Feature", "geometry": {"type": "Point", "coordinates": [110.5858, -1.0712]}, "properties": {"layer": "fire", "frp": 41.05, "confidence": "n", "acq_date": "2026-09-30", "acq_time": "523", "satellite": "N", "daynight": "D", "scope": "world"}}, {"type": "Feature", "geometry": {"type": "Point", "coordinates": [46.9192, -16.8293]}, "properties": {"layer": "fire", "frp": 40.99, "confidence": "n", "acq_date": "2026-09-30", "acq_time": "1021", "satellite": "N", "daynight": "D", "scope": "world"}}, {"type": "Feature", "geometry": {"type": "Point", "coordinates": [20.9842, -14.2128]}, "properties": {"layer": "fire", "frp": 40.98, "confidence": "n", "acq_date": "2026-09-30", "acq_time": "1204", "satellite": "N", "daynight": "D", "scope": "world"}}, {"type": "Feature", "geometry": {"type": "Point", "coordinates": [20.9895, -14.2121]}, "properties": {"layer": "fire", "frp": 40.98, "confidence": "n", "acq_date": "2026-09-30", "acq_time": "1204", "satellite": "N", "daynight": "D", "scope": "world"}}, {"type": "Feature", "geometry": {"type": "Point", "coordinates": [58.6648, 51.6829]}, "properties": {"layer": "fire", "frp": 40.96, "confidence": "l", "acq_date": "2026-09-30", "acq_time": "858", "satellite": "N", "daynight": "D", "scope": "world"}}, {"type": "Feature", "geometry": {"type": "Point", "coordinates": [58.6635, 51.6862]}, "properties": {"layer": "fire", "frp": 40.96, "confidence": "n", "acq_date": "2026-09-30", "acq_time": "858", "satellite": "N", "daynight": "D", "scope": "world"}}, {"type": "Feature", "geometry": {"type": "Point", "coordinates": [15.0143, -6.1434]}, "properties": {"layer": "fire", "frp": 40.94, "confidence": "l", "acq_date": "2026-09-30", "acq_time": "1206", "satellite": "N", "daynight": "D", "scope": "world"}}, {"type": "Feature", "geometry": {"type": "Point", "coordinates": [15.0137, -6.1381]}, "properties": {"layer": "fire", "frp": 40.94, "confidence": "l", "acq_date": "2026-09-30", "acq_time": "1206", "satellite": "N", "daynight": "D", "scope": "world"}}, {"type": "Feature", "geometry": {"type": "Point", "coordinates": [17.6385, -16.373]}, "properties": {"layer": "fire", "frp": 40.93, "confidence": "h", "acq_date": "2026-09-30", "acq_time": "1202", "satellite": "N", "daynight": "D", "scope": "world"}}, {"type": "Feature", "geometry": {"type": "Point", "coordinates": [17.6417, -16.3726]}, "properties": {"layer": "fire", "frp": 40.93, "confidence": "l", "acq_date": "2026-09-30", "acq_time": "1202", "satellite": "N", "daynight": "D", "scope": "world"}}, {"type": "Feature", "geometry": {"type": "Point", "coordinates": [105.7196, -4.1202]}, "properties": {"layer": "fire", "frp": 40.86, "confidence": "n", "acq_date": "2026-09-30", "acq_time": "701", "satellite": "N", "daynight": "D", "scope": "world"}}, {"type": "Feature", "geometry": {"type": "Point", "coordinates": [47.8668, -15.8684]}, "properties": {"layer": "fire", "frp": 40.81, "confidence": "n", "acq_date": "2026-09-30", "acq_time": "1021", "satellite": "N", "daynight": "D", "scope": "world"}}, {"type": "Feature", "geometry": {"type": "Point", "coordinates": [144.1168, -20.9335]}, "properties": {"layer": "fire", "frp": 40.59, "confidence": "n", "acq_date": "2026-09-30", "acq_time": "514", "satellite": "N", "daynight": "D", "scope": "world"}}, {"type": "Feature", "geometry": {"type": "Point", "coordinates": [14.8517, -15.74]}, "properties": {"layer": "fire", "frp": 40.51, "confidence": "n", "acq_date": "2026-09-30", "acq_time": "1204", "satellite": "N", "daynight": "D", "scope": "world"}}, {"type": "Feature", "geometry": {"type": "Point", "coordinates": [14.7813, -15.8653]}, "properties": {"layer": "fire", "frp": 40.43, "confidence": "h", "acq_date": "2026-09-30", "acq_time": "1204", "satellite": "N", "daynight": "D", "scope": "world"}}, {"type": "Feature", "geometry": {"type": "Point", "coordinates": [14.7861, -15.8648]}, "properties": {"layer": "fire", "frp": 40.43, "confidence": "n", "acq_date": "2026-09-30", "acq_time": "1204", "satellite": "N", "daynight": "D", "scope": "world"}}, {"type": "Feature", "geometry": {"type": "Point", "coordinates": [14.7807, -15.8591]}, "properties": {"layer": "fire", "frp": 40.43, "confidence": "h", "acq_date": "2026-09-30", "acq_time": "1204", "satellite": "N", "daynight": "D", "scope": "world"}}, {"type": "Feature", "geometry": {"type": "Point", "coordinates": [110.6091, -1.5658]}, "properties": {"layer": "fire", "frp": 40.37, "confidence": "l", "acq_date": "2026-09-30", "acq_time": "701", "satellite": "N", "daynight": "D", "scope": "world"}}, {"type": "Feature", "geometry": {"type": "Point", "coordinates": [31.0016, -9.5937]}, "properties": {"layer": "fire", "frp": 40.25, "confidence": "n", "acq_date": "2026-09-30", "acq_time": "1204", "satellite": "N", "daynight": "D", "scope": "world"}}, {"type": "Feature", "geometry": {"type": "Point", "coordinates": [136.4044, -12.8838]}, "properties": {"layer": "fire", "frp": 40.16, "confidence": "n", "acq_date": "2026-09-30", "acq_time": "516", "satellite": "N", "daynight": "D", "scope": "world"}}, {"type": "Feature", "geometry": {"type": "Point", "coordinates": [136.4078, -12.8831]}, "properties": {"layer": "fire", "frp": 40.16, "confidence": "n", "acq_date": "2026-09-30", "acq_time": "516", "satellite": "N", "daynight": "D", "scope": "world"}}, {"type": "Feature", "geometry": {"type": "Point", "coordinates": [28.9323, -5.5771]}, "properties": {"layer": "fire", "frp": 40.14, "confidence": "n", "acq_date": "2026-09-30", "acq_time": "1206", "satellite": "N", "daynight": "D", "scope": "world"}}, {"type": "Feature", "geometry": {"type": "Point", "coordinates": [65.3624, 51.9287]}, "properties": {"layer": "fire", "frp": 40.13, "confidence": "n", "acq_date": "2026-09-30", "acq_time": "858", "satellite": "N", "daynight": "D", "scope": "world"}}, {"type": "Feature", "geometry": {"type": "Point", "coordinates": [13.6853, -9.7539]}, "properties": {"layer": "fire", "frp": 39.99, "confidence": "l", "acq_date": "2026-09-30", "acq_time": "1346", "satellite": "N", "daynight": "D", "scope": "world"}}, {"type": "Feature", "geometry": {"type": "Point", "coordinates": [146.3277, -5.6284]}, "properties": {"layer": "fire", "frp": 39.98, "confidence": "l", "acq_date": "2026-09-30", "acq_time": "338", "satellite": "N", "daynight": "D", "scope": "world"}}, {"type": "Feature", "geometry": {"type": "Point", "coordinates": [25.1896, -8.9359]}, "properties": {"layer": "fire", "frp": 39.98, "confidence": "h", "acq_date": "2026-09-30", "acq_time": "1204", "satellite": "N", "daynight": "D", "scope": "world"}}, {"type": "Feature", "geometry": {"type": "Point", "coordinates": [25.1931, -8.9354]}, "properties": {"layer": "fire", "frp": 39.98, "confidence": "l", "acq_date": "2026-09-30", "acq_time": "1204", "satellite": "N", "daynight": "D", "scope": "world"}}, {"type": "Feature", "geometry": {"type": "Point", "coordinates": [25.1926, -8.932]}, "properties": {"layer": "fire", "frp": 39.98, "confidence": "n", "acq_date": "2026-09-30", "acq_time": "1204", "satellite": "N", "daynight": "D", "scope": "world"}}, {"type": "Feature", "geometry": {"type": "Point", "coordinates": [32.4219, -10.9]}, "properties": {"layer": "fire", "frp": 39.94, "confidence": "n", "acq_date": "2026-09-30", "acq_time": "1204", "satellite": "N", "daynight": "D", "scope": "world"}}, {"type": "Feature", "geometry": {"type": "Point", "coordinates": [32.427, -10.8991]}, "properties": {"layer": "fire", "frp": 39.94, "confidence": "h", "acq_date": "2026-09-30", "acq_time": "1204", "satellite": "N", "daynight": "D", "scope": "world"}}, {"type": "Feature", "geometry": {"type": "Point", "coordinates": [32.4262, -10.8944]}, "properties": {"layer": "fire", "frp": 39.94, "confidence": "n", "acq_date": "2026-09-30", "acq_time": "1204", "satellite": "N", "daynight": "D", "scope": "world"}}, {"type": "Feature", "geometry": {"type": "Point", "coordinates": [14.8565, -15.7395]}, "properties": {"layer": "fire", "frp": 39.83, "confidence": "h", "acq_date": "2026-09-30", "acq_time": "1204", "satellite": "N", "daynight": "D", "scope": "world"}}, {"type": "Feature", "geometry": {"type": "Point", "coordinates": [33.2974, -10.5288]}, "properties": {"layer": "fire", "frp": 39.83, "confidence": "n", "acq_date": "2026-09-30", "acq_time": "1204", "satellite": "N", "daynight": "D", "scope": "world"}}, {"type": "Feature", "geometry": {"type": "Point", "coordinates": [29.2648, -5.6026]}, "properties": {"layer": "fire", "frp": 39.74, "confidence": "n", "acq_date": "2026-09-30", "acq_time": "1206", "satellite": "N", "daynight": "D", "scope": "world"}}, {"type": "Feature", "geometry": {"type": "Point", "coordinates": [37.2284, -3.0524]}, "properties": {"layer": "fire", "frp": 39.71, "confidence": "l", "acq_date": "2026-09-30", "acq_time": "1206", "satellite": "N", "daynight": "D", "scope": "world"}}, {"type": "Feature", "geometry": {"type": "Point", "coordinates": [37.2367, -3.0509]}, "properties": {"layer": "fire", "frp": 39.71, "confidence": "n", "acq_date": "2026-09-30", "acq_time": "1206", "satellite": "N", "daynight": "D", "scope": "world"}}, {"type": "Feature", "geometry": {"type": "Point", "coordinates": [34.7533, -1.3229]}, "properties": {"layer": "fire", "frp": 39.7, "confidence": "h", "acq_date": "2026-09-30", "acq_time": "1026", "satellite": "N", "daynight": "D", "scope": "world"}}, {"type": "Feature", "geometry": {"type": "Point", "coordinates": [34.7518, -1.3158]}, "properties": {"layer": "fire", "frp": 39.7, "confidence": "n", "acq_date": "2026-09-30", "acq_time": "1026", "satellite": "N", "daynight": "D", "scope": "world"}}, {"type": "Feature", "geometry": {"type": "Point", "coordinates": [-63.6304, 9.6499]}, "properties": {"layer": "fire", "frp": 39.68, "confidence": "n", "acq_date": "2026-09-30", "acq_time": "608", "satellite": "N", "daynight": "N", "scope": "world"}}, {"type": "Feature", "geometry": {"type": "Point", "coordinates": [37.1865, -2.9939]}, "properties": {"layer": "fire", "frp": 39.63, "confidence": "n", "acq_date": "2026-09-30", "acq_time": "1026", "satellite": "N", "daynight": "D", "scope": "world"}}, {"type": "Feature", "geometry": {"type": "Point", "coordinates": [37.193, -2.993]}, "properties": {"layer": "fire", "frp": 39.63, "confidence": "l", "acq_date": "2026-09-30", "acq_time": "1026", "satellite": "N", "daynight": "D", "scope": "world"}}, {"type": "Feature", "geometry": {"type": "Point", "coordinates": [37.1844, -2.9879]}, "properties": {"layer": "fire", "frp": 39.63, "confidence": "l", "acq_date": "2026-09-30", "acq_time": "1026", "satellite": "N", "daynight": "D", "scope": "world"}}, {"type": "Feature", "geometry": {"type": "Point", "coordinates": [37.1913, -2.9869]}, "properties": {"layer": "fire", "frp": 39.63, "confidence": "h", "acq_date": "2026-09-30", "acq_time": "1026", "satellite": "N", "daynight": "D", "scope": "world"}}, {"type": "Feature", "geometry": {"type": "Point", "coordinates": [20.3158, -14.9624]}, "properties": {"layer": "fire", "frp": 39.62, "confidence": "n", "acq_date": "2026-09-30", "acq_time": "1204", "satellite": "N", "daynight": "D", "scope": "world"}}, {"type": "Feature", "geometry": {"type": "Point", "coordinates": [14.1346, -11.9649]}, "properties": {"layer": "fire", "frp": 39.57, "confidence": "h", "acq_date": "2026-09-30", "acq_time": "1204", "satellite": "N", "daynight": "D", "scope": "world"}}, {"type": "Feature", "geometry": {"type": "Point", "coordinates": [37.2456, -3.0568]}, "properties": {"layer": "fire", "frp": 39.49, "confidence": "l", "acq_date": "2026-09-30", "acq_time": "1206", "satellite": "N", "daynight": "D", "scope": "world"}}, {"type": "Feature", "geometry": {"type": "Point", "coordinates": [131.5587, -22.5341]}, "properties": {"layer": "fire", "frp": 39.25, "confidence": "n", "acq_date": "2026-09-30", "acq_time": "514", "satellite": "N", "daynight": "D", "scope": "world"}}, {"type": "Feature", "geometry": {"type": "Point", "coordinates": [24.6599, -11.3729]}, "properties": {"layer": "fire", "frp": 39.24, "confidence": "n", "acq_date": "2026-09-30", "acq_time": "1204", "satellite": "N", "daynight": "D", "scope": "world"}}, {"type": "Feature", "geometry": {"type": "Point", "coordinates": [114.8936, -0.5195]}, "properties": {"layer": "fire", "frp": 39.15, "confidence": "h", "acq_date": "2026-09-30", "acq_time": "523", "satellite": "N", "daynight": "D", "scope": "world"}}, {"type": "Feature", "geometry": {"type": "Point", "coordinates": [124.6495, 1.1194]}, "properties": {"layer": "fire", "frp": 39.15, "confidence": "h", "acq_date": "2026-09-30", "acq_time": "523", "satellite": "N", "daynight": "D", "scope": "world"}}, {"type": "Feature", "geometry": {"type": "Point", "coordinates": [124.6529, 1.1199]}, "properties": {"layer": "fire", "frp": 39.15, "confidence": "h", "acq_date": "2026-09-30", "acq_time": "523", "satellite": "N", "daynight": "D", "scope": "world"}}, {"type": "Feature", "geometry": {"type": "Point", "coordinates": [124.649, 1.1227]}, "properties": {"layer": "fire", "frp": 39.15, "confidence": "l", "acq_date": "2026-09-30", "acq_time": "523", "satellite": "N", "daynight": "D", "scope": "world"}}, {"type": "Feature", "geometry": {"type": "Point", "coordinates": [124.6524, 1.1233]}, "properties": {"layer": "fire", "frp": 39.15, "confidence": "n", "acq_date": "2026-09-30", "acq_time": "523", "satellite": "N", "daynight": "D", "scope": "world"}}, {"type": "Feature", "geometry": {"type": "Point", "coordinates": [127.3247, -20.9712]}, "properties": {"layer": "fire", "frp": 39.13, "confidence": "n", "acq_date": "2026-09-30", "acq_time": "516", "satellite": "N", "daynight": "D", "scope": "world"}}, {"type": "Feature", "geometry": {"type": "Point", "coordinates": [112.8934, -8.1187]}, "properties": {"layer": "fire", "frp": 39.11, "confidence": "h", "acq_date": "2026-09-30", "acq_time": "521", "satellite": "N", "daynight": "D", "scope": "world"}}, {"type": "Feature", "geometry": {"type": "Point", "coordinates": [20.1033, -16.3124]}, "properties": {"layer": "fire", "frp": 39.11, "confidence": "n", "acq_date": "2026-09-30", "acq_time": "1202", "satellite": "N", "daynight": "D", "scope": "world"}}, {"type": "Feature", "geometry": {"type": "Point", "coordinates": [30.678, -10.0253]}, "properties": {"layer": "fire", "frp": 39.11, "confidence": "h", "acq_date": "2026-09-30", "acq_time": "1204", "satellite": "N", "daynight": "D", "scope": "world"}}, {"type": "Feature", "geometry": {"type": "Point", "coordinates": [30.6819, -10.0246]}, "properties": {"layer": "fire", "frp": 39.11, "confidence": "n", "acq_date": "2026-09-30", "acq_time": "1204", "satellite": "N", "daynight": "D", "scope": "world"}}, {"type": "Feature", "geometry": {"type": "Point", "coordinates": [30.7928, -9.4864]}, "properties": {"layer": "fire", "frp": 39.07, "confidence": "n", "acq_date": "2026-09-30", "acq_time": "1204", "satellite": "N", "daynight": "D", "scope": "world"}}, {"type": "Feature", "geometry": {"type": "Point", "coordinates": [130.4731, -18.2409]}, "properties": {"layer": "fire", "frp": 39.01, "confidence": "n", "acq_date": "2026-09-30", "acq_time": "516", "satellite": "N", "daynight": "D", "scope": "world"}}, {"type": "Feature", "geometry": {"type": "Point", "coordinates": [140.594, -7.8433]}, "properties": {"layer": "fire", "frp": 38.89, "confidence": "n", "acq_date": "2026-09-30", "acq_time": "338", "satellite": "N", "daynight": "D", "scope": "world"}}, {"type": "Feature", "geometry": {"type": "Point", "coordinates": [140.5984, -7.8427]}, "properties": {"layer": "fire", "frp": 38.89, "confidence": "n", "acq_date": "2026-09-30", "acq_time": "338", "satellite": "N", "daynight": "D", "scope": "world"}}, {"type": "Feature", "geometry": {"type": "Point", "coordinates": [140.5933, -7.8373]}, "properties": {"layer": "fire", "frp": 38.89, "confidence": "n", "acq_date": "2026-09-30", "acq_time": "338", "satellite": "N", "daynight": "D", "scope": "world"}}, {"type": "Feature", "geometry": {"type": "Point", "coordinates": [140.5976, -7.8368]}, "properties": {"layer": "fire", "frp": 38.89, "confidence": "n", "acq_date": "2026-09-30", "acq_time": "338", "satellite": "N", "daynight": "D", "scope": "world"}}, {"type": "Feature", "geometry": {"type": "Point", "coordinates": [30.0765, -9.148]}, "properties": {"layer": "fire", "frp": 38.86, "confidence": "n", "acq_date": "2026-09-30", "acq_time": "1204", "satellite": "N", "daynight": "D", "scope": "world"}}, {"type": "Feature", "geometry": {"type": "Point", "coordinates": [30.0758, -9.1439]}, "properties": {"layer": "fire", "frp": 38.86, "confidence": "n", "acq_date": "2026-09-30", "acq_time": "1204", "satellite": "N", "daynight": "D", "scope": "world"}}, {"type": "Feature", "geometry": {"type": "Point", "coordinates": [30.0794, -9.1432]}, "properties": {"layer": "fire", "frp": 38.86, "confidence": "n", "acq_date": "2026-09-30", "acq_time": "1204", "satellite": "N", "daynight": "D", "scope": "world"}}, {"type": "Feature", "geometry": {"type": "Point", "coordinates": [37.2257, -2.9947]}, "properties": {"layer": "fire", "frp": 38.82, "confidence": "h", "acq_date": "2026-09-30", "acq_time": "1026", "satellite": "N", "daynight": "D", "scope": "world"}}, {"type": "Feature", "geometry": {"type": "Point", "coordinates": [110.1973, 0.1396]}, "properties": {"layer": "fire", "frp": 38.81, "confidence": "n", "acq_date": "2026-09-30", "acq_time": "701", "satellite": "N", "daynight": "D", "scope": "world"}}, {"type": "Feature", "geometry": {"type": "Point", "coordinates": [62.8117, 52.4528]}, "properties": {"layer": "fire", "frp": 38.78, "confidence": "n", "acq_date": "2026-09-30", "acq_time": "858", "satellite": "N", "daynight": "D", "scope": "world"}}, {"type": "Feature", "geometry": {"type": "Point", "coordinates": [62.8183, 52.4535]}, "properties": {"layer": "fire", "frp": 38.78, "confidence": "n", "acq_date": "2026-09-30", "acq_time": "858", "satellite": "N", "daynight": "D", "scope": "world"}}, {"type": "Feature", "geometry": {"type": "Point", "coordinates": [131.5796, 60.1642]}, "properties": {"layer": "fire", "frp": 38.73, "confidence": "n", "acq_date": "2026-09-30", "acq_time": "355", "satellite": "N", "daynight": "D", "scope": "world"}}, {"type": "Feature", "geometry": {"type": "Point", "coordinates": [16.5709, -15.7051]}, "properties": {"layer": "fire", "frp": 38.69, "confidence": "n", "acq_date": "2026-09-30", "acq_time": "1202", "satellite": "N", "daynight": "D", "scope": "world"}}, {"type": "Feature", "geometry": {"type": "Point", "coordinates": [16.5745, -15.7047]}, "properties": {"layer": "fire", "frp": 38.69, "confidence": "h", "acq_date": "2026-09-30", "acq_time": "1202", "satellite": "N", "daynight": "D", "scope": "world"}}, {"type": "Feature", "geometry": {"type": "Point", "coordinates": [35.0568, -10.7271]}, "properties": {"layer": "fire", "frp": 38.66, "confidence": "n", "acq_date": "2026-09-30", "acq_time": "1204", "satellite": "N", "daynight": "D", "scope": "world"}}, {"type": "Feature", "geometry": {"type": "Point", "coordinates": [35.0606, -10.7264]}, "properties": {"layer": "fire", "frp": 38.66, "confidence": "h", "acq_date": "2026-09-30", "acq_time": "1204", "satellite": "N", "daynight": "D", "scope": "world"}}, {"type": "Feature", "geometry": {"type": "Point", "coordinates": [14.7263, -10.2754]}, "properties": {"layer": "fire", "frp": 38.66, "confidence": "n", "acq_date": "2026-09-30", "acq_time": "1204", "satellite": "N", "daynight": "D", "scope": "world"}}, {"type": "Feature", "geometry": {"type": "Point", "coordinates": [14.7304, -10.2749]}, "properties": {"layer": "fire", "frp": 38.66, "confidence": "n", "acq_date": "2026-09-30", "acq_time": "1204", "satellite": "N", "daynight": "D", "scope": "world"}}, {"type": "Feature", "geometry": {"type": "Point", "coordinates": [14.7261, -10.2696]}, "properties": {"layer": "fire", "frp": 38.66, "confidence": "n", "acq_date": "2026-09-30", "acq_time": "1204", "satellite": "N", "daynight": "D", "scope": "world"}}, {"type": "Feature", "geometry": {"type": "Point", "coordinates": [14.7302, -10.2691]}, "properties": {"layer": "fire", "frp": 38.66, "confidence": "n", "acq_date": "2026-09-30", "acq_time": "1204", "satellite": "N", "daynight": "D", "scope": "world"}}, {"type": "Feature", "geometry": {"type": "Point", "coordinates": [141.7853, -8.6265]}, "properties": {"layer": "fire", "frp": 38.6, "confidence": "h", "acq_date": "2026-09-30", "acq_time": "338", "satellite": "N", "daynight": "D", "scope": "world"}}, {"type": "Feature", "geometry": {"type": "Point", "coordinates": [141.789, -8.626]}, "properties": {"layer": "fire", "frp": 38.6, "confidence": "h", "acq_date": "2026-09-30", "acq_time": "338", "satellite": "N", "daynight": "D", "scope": "world"}}, {"type": "Feature", "geometry": {"type": "Point", "coordinates": [141.7883, -8.6204]}, "properties": {"layer": "fire", "frp": 38.6, "confidence": "h", "acq_date": "2026-09-30", "acq_time": "338", "satellite": "N", "daynight": "D", "scope": "world"}}, {"type": "Feature", "geometry": {"type": "Point", "coordinates": [14.4914, -10.3459]}, "properties": {"layer": "fire", "frp": 38.38, "confidence": "h", "acq_date": "2026-09-30", "acq_time": "1204", "satellite": "N", "daynight": "D", "scope": "world"}}, {"type": "Feature", "geometry": {"type": "Point", "coordinates": [37.1897, -2.9555]}, "properties": {"layer": "fire", "frp": 38.27, "confidence": "l", "acq_date": "2026-09-30", "acq_time": "1206", "satellite": "N", "daynight": "D", "scope": "world"}}, {"type": "Feature", "geometry": {"type": "Point", "coordinates": [37.1894, -2.9482]}, "properties": {"layer": "fire", "frp": 38.27, "confidence": "l", "acq_date": "2026-09-30", "acq_time": "1206", "satellite": "N", "daynight": "D", "scope": "world"}}, {"type": "Feature", "geometry": {"type": "Point", "coordinates": [39.7565, 36.8326]}, "properties": {"layer": "fire", "frp": 38.23, "confidence": "n", "acq_date": "2026-09-30", "acq_time": "1036", "satellite": "N", "daynight": "D", "scope": "world"}}, {"type": "Feature", "geometry": {"type": "Point", "coordinates": [39.7557, 36.8359]}, "properties": {"layer": "fire", "frp": 38.23, "confidence": "h", "acq_date": "2026-09-30", "acq_time": "1036", "satellite": "N", "daynight": "D", "scope": "world"}}, {"type": "Feature", "geometry": {"type": "Point", "coordinates": [36.4575, -4.5059]}, "properties": {"layer": "fire", "frp": 38.11, "confidence": "h", "acq_date": "2026-09-30", "acq_time": "1206", "satellite": "N", "daynight": "D", "scope": "world"}}, {"type": "Feature", "geometry": {"type": "Point", "coordinates": [35.1661, -5.3602]}, "properties": {"layer": "fire", "frp": 38.04, "confidence": "n", "acq_date": "2026-09-30", "acq_time": "1024", "satellite": "N", "daynight": "D", "scope": "world"}}, {"type": "Feature", "geometry": {"type": "Point", "coordinates": [23.8525, -14.6597]}, "properties": {"layer": "fire", "frp": 38.02, "confidence": "l", "acq_date": "2026-09-30", "acq_time": "1204", "satellite": "N", "daynight": "D", "scope": "world"}}, {"type": "Feature", "geometry": {"type": "Point", "coordinates": [110.4241, -0.9961]}, "properties": {"layer": "fire", "frp": 38.01, "confidence": "n", "acq_date": "2026-09-30", "acq_time": "701", "satellite": "N", "daynight": "D", "scope": "world"}}, {"type": "Feature", "geometry": {"type": "Point", "coordinates": [22.7778, -19.0973]}, "properties": {"layer": "fire", "frp": 37.9, "confidence": "n", "acq_date": "2026-09-30", "acq_time": "1202", "satellite": "N", "daynight": "D", "scope": "world"}}, {"type": "Feature", "geometry": {"type": "Point", "coordinates": [141.1893, -8.2872]}, "properties": {"layer": "fire", "frp": 37.88, "confidence": "n", "acq_date": "2026-09-30", "acq_time": "338", "satellite": "N", "daynight": "D", "scope": "world"}}, {"type": "Feature", "geometry": {"type": "Point", "coordinates": [116.4362, -0.3925]}, "properties": {"layer": "fire", "frp": 37.86, "confidence": "n", "acq_date": "2026-09-30", "acq_time": "523", "satellite": "N", "daynight": "D", "scope": "world"}}, {"type": "Feature", "geometry": {"type": "Point", "coordinates": [31.0051, -9.5886]}, "properties": {"layer": "fire", "frp": 37.82, "confidence": "n", "acq_date": "2026-09-30", "acq_time": "1204", "satellite": "N", "daynight": "D", "scope": "world"}}, {"type": "Feature", "geometry": {"type": "Point", "coordinates": [31.0093, -9.5879]}, "properties": {"layer": "fire", "frp": 37.82, "confidence": "n", "acq_date": "2026-09-30", "acq_time": "1204", "satellite": "N", "daynight": "D", "scope": "world"}}, {"type": "Feature", "geometry": {"type": "Point", "coordinates": [17.8862, -16.4064]}, "properties": {"layer": "fire", "frp": 37.79, "confidence": "n", "acq_date": "2026-09-30", "acq_time": "1202", "satellite": "N", "daynight": "D", "scope": "world"}}, {"type": "Feature", "geometry": {"type": "Point", "coordinates": [105.4614, -4.0611]}, "properties": {"layer": "fire", "frp": 37.72, "confidence": "n", "acq_date": "2026-09-30", "acq_time": "701", "satellite": "N", "daynight": "D", "scope": "world"}}, {"type": "Feature", "geometry": {"type": "Point", "coordinates": [105.4654, -4.0605]}, "properties": {"layer": "fire", "frp": 37.72, "confidence": "n", "acq_date": "2026-09-30", "acq_time": "701", "satellite": "N", "daynight": "D", "scope": "world"}}, {"type": "Feature", "geometry": {"type": "Point", "coordinates": [37.2524, -2.9518]}, "properties": {"layer": "fire", "frp": 37.68, "confidence": "n", "acq_date": "2026-09-30", "acq_time": "1206", "satellite": "N", "daynight": "D", "scope": "world"}}, {"type": "Feature", "geometry": {"type": "Point", "coordinates": [38.377, -7.1709]}, "properties": {"layer": "fire", "frp": 37.65, "confidence": "h", "acq_date": "2026-09-30", "acq_time": "1024", "satellite": "N", "daynight": "D", "scope": "world"}}, {"type": "Feature", "geometry": {"type": "Point", "coordinates": [138.3043, -18.6934]}, "properties": {"layer": "fire", "frp": 37.64, "confidence": "n", "acq_date": "2026-09-30", "acq_time": "516", "satellite": "N", "daynight": "D", "scope": "world"}}, {"type": "Feature", "geometry": {"type": "Point", "coordinates": [138.3078, -18.6927]}, "properties": {"layer": "fire", "frp": 37.64, "confidence": "h", "acq_date": "2026-09-30", "acq_time": "516", "satellite": "N", "daynight": "D", "scope": "world"}}, {"type": "Feature", "geometry": {"type": "Point", "coordinates": [47.9157, -19.409]}, "properties": {"layer": "fire", "frp": 37.64, "confidence": "n", "acq_date": "2026-09-30", "acq_time": "1019", "satellite": "N", "daynight": "D", "scope": "world"}}, {"type": "Feature", "geometry": {"type": "Point", "coordinates": [47.7302, -19.9562]}, "properties": {"layer": "fire", "frp": 37.63, "confidence": "n", "acq_date": "2026-09-30", "acq_time": "1019", "satellite": "N", "daynight": "D", "scope": "world"}}, {"type": "Feature", "geometry": {"type": "Point", "coordinates": [116.7857, 0.7296]}, "properties": {"layer": "fire", "frp": 37.58, "confidence": "n", "acq_date": "2026-09-30", "acq_time": "523", "satellite": "N", "daynight": "D", "scope": "world"}}, {"type": "Feature", "geometry": {"type": "Point", "coordinates": [116.785, 0.7343]}, "properties": {"layer": "fire", "frp": 37.58, "confidence": "n", "acq_date": "2026-09-30", "acq_time": "523", "satellite": "N", "daynight": "D", "scope": "world"}}, {"type": "Feature", "geometry": {"type": "Point", "coordinates": [20.6915, -12.6111]}, "properties": {"layer": "fire", "frp": 37.52, "confidence": "n", "acq_date": "2026-09-30", "acq_time": "1204", "satellite": "N", "daynight": "D", "scope": "world"}}, {"type": "Feature", "geometry": {"type": "Point", "coordinates": [31.9721, -9.1799]}, "properties": {"layer": "fire", "frp": 37.51, "confidence": "n", "acq_date": "2026-09-30", "acq_time": "1204", "satellite": "N", "daynight": "D", "scope": "world"}}, {"type": "Feature", "geometry": {"type": "Point", "coordinates": [35.3944, -1.5764]}, "properties": {"layer": "fire", "frp": 37.48, "confidence": "l", "acq_date": "2026-09-30", "acq_time": "1026", "satellite": "N", "daynight": "D", "scope": "world"}}, {"type": "Feature", "geometry": {"type": "Point", "coordinates": [17.1581, -16.7602]}, "properties": {"layer": "fire", "frp": 37.47, "confidence": "n", "acq_date": "2026-09-30", "acq_time": "1202", "satellite": "N", "daynight": "D", "scope": "world"}}, {"type": "Feature", "geometry": {"type": "Point", "coordinates": [17.1615, -16.7599]}, "properties": {"layer": "fire", "frp": 37.47, "confidence": "h", "acq_date": "2026-09-30", "acq_time": "1202", "satellite": "N", "daynight": "D", "scope": "world"}}, {"type": "Feature", "geometry": {"type": "Point", "coordinates": [17.1575, -16.7549]}, "properties": {"layer": "fire", "frp": 37.47, "confidence": "l", "acq_date": "2026-09-30", "acq_time": "1202", "satellite": "N", "daynight": "D", "scope": "world"}}, {"type": "Feature", "geometry": {"type": "Point", "coordinates": [17.1609, -16.7545]}, "properties": {"layer": "fire", "frp": 37.47, "confidence": "h", "acq_date": "2026-09-30", "acq_time": "1202", "satellite": "N", "daynight": "D", "scope": "world"}}, {"type": "Feature", "geometry": {"type": "Point", "coordinates": [22.7045, -12.4741]}, "properties": {"layer": "fire", "frp": 37.45, "confidence": "l", "acq_date": "2026-09-30", "acq_time": "1204", "satellite": "N", "daynight": "D", "scope": "world"}}, {"type": "Feature", "geometry": {"type": "Point", "coordinates": [48.9084, -13.9953]}, "properties": {"layer": "fire", "frp": 37.44, "confidence": "n", "acq_date": "2026-09-30", "acq_time": "1021", "satellite": "N", "daynight": "D", "scope": "world"}}, {"type": "Feature", "geometry": {"type": "Point", "coordinates": [14.2504, -12.7944]}, "properties": {"layer": "fire", "frp": 37.43, "confidence": "h", "acq_date": "2026-09-30", "acq_time": "1344", "satellite": "N", "daynight": "D", "scope": "world"}}, {"type": "Feature", "geometry": {"type": "Point", "coordinates": [138.4423, -7.5272]}, "properties": {"layer": "fire", "frp": 37.38, "confidence": "h", "acq_date": "2026-09-30", "acq_time": "338", "satellite": "N", "daynight": "D", "scope": "world"}}, {"type": "Feature", "geometry": {"type": "Point", "coordinates": [150.1336, -26.37]}, "properties": {"layer": "fire", "frp": 37.37, "confidence": "n", "acq_date": "2026-09-30", "acq_time": "332", "satellite": "N", "daynight": "D", "scope": "world"}}, {"type": "Feature", "geometry": {"type": "Point", "coordinates": [150.1375, -26.3695]}, "properties": {"layer": "fire", "frp": 37.37, "confidence": "n", "acq_date": "2026-09-30", "acq_time": "332", "satellite": "N", "daynight": "D", "scope": "world"}}, {"type": "Feature", "geometry": {"type": "Point", "coordinates": [150.133, -26.3659]}, "properties": {"layer": "fire", "frp": 37.37, "confidence": "n", "acq_date": "2026-09-30", "acq_time": "332", "satellite": "N", "daynight": "D", "scope": "world"}}, {"type": "Feature", "geometry": {"type": "Point", "coordinates": [122.1339, -3.4817]}, "properties": {"layer": "fire", "frp": 37.34, "confidence": "n", "acq_date": "2026-09-30", "acq_time": "521", "satellite": "N", "daynight": "D", "scope": "world"}}, {"type": "Feature", "geometry": {"type": "Point", "coordinates": [29.7619, 30.0129]}, "properties": {"layer": "fire", "frp": 37.24, "confidence": "h", "acq_date": "2026-09-30", "acq_time": "1034", "satellite": "N", "daynight": "D", "scope": "world"}}, {"type": "Feature", "geometry": {"type": "Point", "coordinates": [129.7724, -20.6079]}, "properties": {"layer": "fire", "frp": 37.19, "confidence": "n", "acq_date": "2026-09-30", "acq_time": "516", "satellite": "N", "daynight": "D", "scope": "world"}}, {"type": "Feature", "geometry": {"type": "Point", "coordinates": [129.7718, -20.6045]}, "properties": {"layer": "fire", "frp": 37.19, "confidence": "n", "acq_date": "2026-09-30", "acq_time": "516", "satellite": "N", "daynight": "D", "scope": "world"}}, {"type": "Feature", "geometry": {"type": "Point", "coordinates": [37.3166, -2.9575]}, "properties": {"layer": "fire", "frp": 37.15, "confidence": "l", "acq_date": "2026-09-30", "acq_time": "1026", "satellite": "N", "daynight": "D", "scope": "world"}}, {"type": "Feature", "geometry": {"type": "Point", "coordinates": [46.1247, -17.6608]}, "properties": {"layer": "fire", "frp": 37.11, "confidence": "n", "acq_date": "2026-09-30", "acq_time": "1019", "satellite": "N", "daynight": "D", "scope": "world"}}, {"type": "Feature", "geometry": {"type": "Point", "coordinates": [14.5671, -3.1288]}, "properties": {"layer": "fire", "frp": 37.07, "confidence": "n", "acq_date": "2026-09-30", "acq_time": "1206", "satellite": "N", "daynight": "D", "scope": "world"}}, {"type": "Feature", "geometry": {"type": "Point", "coordinates": [14.5703, -3.1283]}, "properties": {"layer": "fire", "frp": 37.07, "confidence": "n", "acq_date": "2026-09-30", "acq_time": "1206", "satellite": "N", "daynight": "D", "scope": "world"}}, {"type": "Feature", "geometry": {"type": "Point", "coordinates": [44.1539, 35.4863]}, "properties": {"layer": "fire", "frp": 37.03, "confidence": "n", "acq_date": "2026-09-30", "acq_time": "1036", "satellite": "N", "daynight": "D", "scope": "world"}}, {"type": "Feature", "geometry": {"type": "Point", "coordinates": [34.5964, -5.6425]}, "properties": {"layer": "fire", "frp": 37.01, "confidence": "n", "acq_date": "2026-09-30", "acq_time": "1204", "satellite": "N", "daynight": "D", "scope": "world"}}, {"type": "Feature", "geometry": {"type": "Point", "coordinates": [32.4415, -10.9033]}, "properties": {"layer": "fire", "frp": 37.0, "confidence": "h", "acq_date": "2026-09-30", "acq_time": "1204", "satellite": "N", "daynight": "D", "scope": "world"}}, {"type": "Feature", "geometry": {"type": "Point", "coordinates": [15.4404, -15.5788]}, "properties": {"layer": "fire", "frp": 36.98, "confidence": "n", "acq_date": "2026-09-30", "acq_time": "1204", "satellite": "N", "daynight": "D", "scope": "world"}}, {"type": "Feature", "geometry": {"type": "Point", "coordinates": [25.5335, -14.0823]}, "properties": {"layer": "fire", "frp": 36.94, "confidence": "n", "acq_date": "2026-09-30", "acq_time": "1204", "satellite": "N", "daynight": "D", "scope": "world"}}, {"type": "Feature", "geometry": {"type": "Point", "coordinates": [105.4575, -4.0617]}, "properties": {"layer": "fire", "frp": 36.84, "confidence": "n", "acq_date": "2026-09-30", "acq_time": "701", "satellite": "N", "daynight": "D", "scope": "world"}}, {"type": "Feature", "geometry": {"type": "Point", "coordinates": [108.9563, 13.3019]}, "properties": {"layer": "fire", "frp": 36.83, "confidence": "h", "acq_date": "2026-09-30", "acq_time": "525", "satellite": "N", "daynight": "D", "scope": "world"}}, {"type": "Feature", "geometry": {"type": "Point", "coordinates": [141.598, -5.1675]}, "properties": {"layer": "fire", "frp": 36.82, "confidence": "n", "acq_date": "2026-09-30", "acq_time": "338", "satellite": "N", "daynight": "D", "scope": "world"}}, {"type": "Feature", "geometry": {"type": "Point", "coordinates": [141.6007, -5.1671]}, "properties": {"layer": "fire", "frp": 36.82, "confidence": "h", "acq_date": "2026-09-30", "acq_time": "338", "satellite": "N", "daynight": "D", "scope": "world"}}, {"type": "Feature", "geometry": {"type": "Point", "coordinates": [119.8384, -1.617]}, "properties": {"layer": "fire", "frp": 36.8, "confidence": "n", "acq_date": "2026-09-30", "acq_time": "521", "satellite": "N", "daynight": "D", "scope": "world"}}, {"type": "Feature", "geometry": {"type": "Point", "coordinates": [119.8433, -1.6163]}, "properties": {"layer": "fire", "frp": 36.8, "confidence": "l", "acq_date": "2026-09-30", "acq_time": "521", "satellite": "N", "daynight": "D", "scope": "world"}}, {"type": "Feature", "geometry": {"type": "Point", "coordinates": [15.1962, -15.4991]}, "properties": {"layer": "fire", "frp": 36.72, "confidence": "h", "acq_date": "2026-09-30", "acq_time": "1204", "satellite": "N", "daynight": "D", "scope": "world"}}, {"type": "Feature", "geometry": {"type": "Point", "coordinates": [15.2006, -15.4986]}, "properties": {"layer": "fire", "frp": 36.72, "confidence": "h", "acq_date": "2026-09-30", "acq_time": "1204", "satellite": "N", "daynight": "D", "scope": "world"}}, {"type": "Feature", "geometry": {"type": "Point", "coordinates": [121.732, -2.6453]}, "properties": {"layer": "fire", "frp": 36.67, "confidence": "n", "acq_date": "2026-09-30", "acq_time": "521", "satellite": "N", "daynight": "D", "scope": "world"}}, {"type": "Feature", "geometry": {"type": "Point", "coordinates": [121.7314, -2.6418]}, "properties": {"layer": "fire", "frp": 36.67, "confidence": "l", "acq_date": "2026-09-30", "acq_time": "521", "satellite": "N", "daynight": "D", "scope": "world"}}, {"type": "Feature", "geometry": {"type": "Point", "coordinates": [20.9817, -18.4488]}, "properties": {"layer": "fire", "frp": 36.64, "confidence": "h", "acq_date": "2026-09-30", "acq_time": "1202", "satellite": "N", "daynight": "D", "scope": "world"}}, {"type": "Feature", "geometry": {"type": "Point", "coordinates": [20.9858, -18.4483]}, "properties": {"layer": "fire", "frp": 36.64, "confidence": "n", "acq_date": "2026-09-30", "acq_time": "1202", "satellite": "N", "daynight": "D", "scope": "world"}}, {"type": "Feature", "geometry": {"type": "Point", "coordinates": [29.5821, -12.4295]}, "properties": {"layer": "fire", "frp": 36.6, "confidence": "n", "acq_date": "2026-09-30", "acq_time": "1204", "satellite": "N", "daynight": "D", "scope": "world"}}, {"type": "Feature", "geometry": {"type": "Point", "coordinates": [29.5868, -12.4287]}, "properties": {"layer": "fire", "frp": 36.6, "confidence": "n", "acq_date": "2026-09-30", "acq_time": "1204", "satellite": "N", "daynight": "D", "scope": "world"}}, {"type": "Feature", "geometry": {"type": "Point", "coordinates": [29.5814, -12.4257]}, "properties": {"layer": "fire", "frp": 36.6, "confidence": "n", "acq_date": "2026-09-30", "acq_time": "1204", "satellite": "N", "daynight": "D", "scope": "world"}}, {"type": "Feature", "geometry": {"type": "Point", "coordinates": [25.1826, -8.937]}, "properties": {"layer": "fire", "frp": 36.59, "confidence": "l", "acq_date": "2026-09-30", "acq_time": "1204", "satellite": "N", "daynight": "D", "scope": "world"}}, {"type": "Feature", "geometry": {"type": "Point", "coordinates": [25.1861, -8.9365]}, "properties": {"layer": "fire", "frp": 36.59, "confidence": "h", "acq_date": "2026-09-30", "acq_time": "1204", "satellite": "N", "daynight": "D", "scope": "world"}}, {"type": "Feature", "geometry": {"type": "Point", "coordinates": [25.1821, -8.9337]}, "properties": {"layer": "fire", "frp": 36.59, "confidence": "n", "acq_date": "2026-09-30", "acq_time": "1204", "satellite": "N", "daynight": "D", "scope": "world"}}, {"type": "Feature", "geometry": {"type": "Point", "coordinates": [25.1856, -8.9331]}, "properties": {"layer": "fire", "frp": 36.59, "confidence": "h", "acq_date": "2026-09-30", "acq_time": "1204", "satellite": "N", "daynight": "D", "scope": "world"}}, {"type": "Feature", "geometry": {"type": "Point", "coordinates": [122.6555, -4.9834]}, "properties": {"layer": "fire", "frp": 36.58, "confidence": "n", "acq_date": "2026-09-30", "acq_time": "521", "satellite": "N", "daynight": "D", "scope": "world"}}, {"type": "Feature", "geometry": {"type": "Point", "coordinates": [-46.9393, -3.2388]}, "properties": {"layer": "fire", "frp": 36.54, "confidence": "h", "acq_date": "2026-09-30", "acq_time": "432", "satellite": "N", "daynight": "N", "scope": "world"}}, {"type": "Feature", "geometry": {"type": "Point", "coordinates": [-46.9434, -3.2381]}, "properties": {"layer": "fire", "frp": 36.54, "confidence": "h", "acq_date": "2026-09-30", "acq_time": "432", "satellite": "N", "daynight": "N", "scope": "world"}}, {"type": "Feature", "geometry": {"type": "Point", "coordinates": [-46.9387, -3.2352]}, "properties": {"layer": "fire", "frp": 36.54, "confidence": "n", "acq_date": "2026-09-30", "acq_time": "432", "satellite": "N", "daynight": "N", "scope": "world"}}, {"type": "Feature", "geometry": {"type": "Point", "coordinates": [-46.9428, -3.2345]}, "properties": {"layer": "fire", "frp": 36.54, "confidence": "n", "acq_date": "2026-09-30", "acq_time": "432", "satellite": "N", "daynight": "N", "scope": "world"}}, {"type": "Feature", "geometry": {"type": "Point", "coordinates": [47.9227, -16.8177]}, "properties": {"layer": "fire", "frp": 36.53, "confidence": "n", "acq_date": "2026-09-30", "acq_time": "1019", "satellite": "N", "daynight": "D", "scope": "world"}}, {"type": "Feature", "geometry": {"type": "Point", "coordinates": [48.1151, 31.2689]}, "properties": {"layer": "fire", "frp": 36.5, "confidence": "n", "acq_date": "2026-09-30", "acq_time": "1034", "satellite": "N", "daynight": "D", "scope": "world"}}, {"type": "Feature", "geometry": {"type": "Point", "coordinates": [48.1204, 31.2694]}, "properties": {"layer": "fire", "frp": 36.5, "confidence": "n", "acq_date": "2026-09-30", "acq_time": "1034", "satellite": "N", "daynight": "D", "scope": "world"}}, {"type": "Feature", "geometry": {"type": "Point", "coordinates": [48.1198, 31.2739]}, "properties": {"layer": "fire", "frp": 36.5, "confidence": "n", "acq_date": "2026-09-30", "acq_time": "1034", "satellite": "N", "daynight": "D", "scope": "world"}}, {"type": "Feature", "geometry": {"type": "Point", "coordinates": [38.6776, -8.7496]}, "properties": {"layer": "fire", "frp": 36.31, "confidence": "n", "acq_date": "2026-09-30", "acq_time": "1204", "satellite": "N", "daynight": "D", "scope": "world"}}, {"type": "Feature", "geometry": {"type": "Point", "coordinates": [31.0027, -9.7465]}, "properties": {"layer": "fire", "frp": 36.2, "confidence": "l", "acq_date": "2026-09-30", "acq_time": "1204", "satellite": "N", "daynight": "D", "scope": "world"}}, {"type": "Feature", "geometry": {"type": "Point", "coordinates": [140.5359, -7.5266]}, "properties": {"layer": "fire", "frp": 36.01, "confidence": "n", "acq_date": "2026-09-30", "acq_time": "338", "satellite": "N", "daynight": "D", "scope": "world"}}, {"type": "Feature", "geometry": {"type": "Point", "coordinates": [140.5602, -7.8539]}, "properties": {"layer": "fire", "frp": 35.9, "confidence": "n", "acq_date": "2026-09-30", "acq_time": "338", "satellite": "N", "daynight": "D", "scope": "world"}}, {"type": "Feature", "geometry": {"type": "Point", "coordinates": [140.5645, -7.8533]}, "properties": {"layer": "fire", "frp": 35.9, "confidence": "h", "acq_date": "2026-09-30", "acq_time": "338", "satellite": "N", "daynight": "D", "scope": "world"}}, {"type": "Feature", "geometry": {"type": "Point", "coordinates": [110.829, -1.2633]}, "properties": {"layer": "fire", "frp": 35.89, "confidence": "n", "acq_date": "2026-09-30", "acq_time": "701", "satellite": "N", "daynight": "D", "scope": "world"}}, {"type": "Feature", "geometry": {"type": "Point", "coordinates": [20.9075, -12.5973]}, "properties": {"layer": "fire", "frp": 35.84, "confidence": "n", "acq_date": "2026-09-30", "acq_time": "1204", "satellite": "N", "daynight": "D", "scope": "world"}}, {"type": "Feature", "geometry": {"type": "Point", "coordinates": [140.6018, -7.8393]}, "properties": {"layer": "fire", "frp": 35.79, "confidence": "h", "acq_date": "2026-09-30", "acq_time": "338", "satellite": "N", "daynight": "D", "scope": "world"}}, {"type": "Feature", "geometry": {"type": "Point", "coordinates": [140.6062, -7.8387]}, "properties": {"layer": "fire", "frp": 35.79, "confidence": "h", "acq_date": "2026-09-30", "acq_time": "338", "satellite": "N", "daynight": "D", "scope": "world"}}, {"type": "Feature", "geometry": {"type": "Point", "coordinates": [110.429, -0.9953]}, "properties": {"layer": "fire", "frp": 35.77, "confidence": "n", "acq_date": "2026-09-30", "acq_time": "701", "satellite": "N", "daynight": "D", "scope": "world"}}, {"type": "Feature", "geometry": {"type": "Point", "coordinates": [104.0119, -4.3263]}, "properties": {"layer": "fire", "frp": 35.76, "confidence": "n", "acq_date": "2026-09-30", "acq_time": "701", "satellite": "N", "daynight": "D", "scope": "world"}}, {"type": "Feature", "geometry": {"type": "Point", "coordinates": [110.4356, -1.4005]}, "properties": {"layer": "fire", "frp": 35.75, "confidence": "l", "acq_date": "2026-09-30", "acq_time": "701", "satellite": "N", "daynight": "D", "scope": "world"}}, {"type": "Feature", "geometry": {"type": "Point", "coordinates": [130.522, -18.2862]}, "properties": {"layer": "fire", "frp": 35.73, "confidence": "n", "acq_date": "2026-09-30", "acq_time": "516", "satellite": "N", "daynight": "D", "scope": "world"}}, {"type": "Feature", "geometry": {"type": "Point", "coordinates": [130.5214, -18.2827]}, "properties": {"layer": "fire", "frp": 35.73, "confidence": "n", "acq_date": "2026-09-30", "acq_time": "516", "satellite": "N", "daynight": "D", "scope": "world"}}, {"type": "Feature", "geometry": {"type": "Point", "coordinates": [34.547, -7.6139]}, "properties": {"layer": "fire", "frp": 35.71, "confidence": "h", "acq_date": "2026-09-30", "acq_time": "1204", "satellite": "N", "daynight": "D", "scope": "world"}}, {"type": "Feature", "geometry": {"type": "Point", "coordinates": [114.6321, -2.7673]}, "properties": {"layer": "fire", "frp": 35.49, "confidence": "n", "acq_date": "2026-09-30", "acq_time": "521", "satellite": "N", "daynight": "D", "scope": "world"}}, {"type": "Feature", "geometry": {"type": "Point", "coordinates": [49.194, -15.2378]}, "properties": {"layer": "fire", "frp": 35.38, "confidence": "n", "acq_date": "2026-09-30", "acq_time": "1021", "satellite": "N", "daynight": "D", "scope": "world"}}, {"type": "Feature", "geometry": {"type": "Point", "coordinates": [41.1133, 36.9274]}, "properties": {"layer": "fire", "frp": 35.38, "confidence": "n", "acq_date": "2026-09-30", "acq_time": "1036", "satellite": "N", "daynight": "D", "scope": "world"}}, {"type": "Feature", "geometry": {"type": "Point", "coordinates": [14.2406, -5.5944]}, "properties": {"layer": "fire", "frp": 35.36, "confidence": "n", "acq_date": "2026-09-30", "acq_time": "1206", "satellite": "N", "daynight": "D", "scope": "world"}}, {"type": "Feature", "geometry": {"type": "Point", "coordinates": [22.7046, -12.471]}, "properties": {"layer": "fire", "frp": 35.33, "confidence": "n", "acq_date": "2026-09-30", "acq_time": "1204", "satellite": "N", "daynight": "D", "scope": "world"}}, {"type": "Feature", "geometry": {"type": "Point", "coordinates": [22.7041, -12.4675]}, "properties": {"layer": "fire", "frp": 35.33, "confidence": "n", "acq_date": "2026-09-30", "acq_time": "1204", "satellite": "N", "daynight": "D", "scope": "world"}}, {"type": "Feature", "geometry": {"type": "Point", "coordinates": [140.5217, -8.5883]}, "properties": {"layer": "fire", "frp": 35.29, "confidence": "h", "acq_date": "2026-09-30", "acq_time": "338", "satellite": "N", "daynight": "D", "scope": "world"}}, {"type": "Feature", "geometry": {"type": "Point", "coordinates": [47.7207, -15.1366]}, "properties": {"layer": "fire", "frp": 35.23, "confidence": "l", "acq_date": "2026-09-30", "acq_time": "1021", "satellite": "N", "daynight": "D", "scope": "world"}}, {"type": "Feature", "geometry": {"type": "Point", "coordinates": [141.5437, -7.7291]}, "properties": {"layer": "fire", "frp": 35.19, "confidence": "n", "acq_date": "2026-09-30", "acq_time": "338", "satellite": "N", "daynight": "D", "scope": "world"}}, {"type": "Feature", "geometry": {"type": "Point", "coordinates": [25.0233, -15.5638]}, "properties": {"layer": "fire", "frp": 35.15, "confidence": "n", "acq_date": "2026-09-30", "acq_time": "1202", "satellite": "N", "daynight": "D", "scope": "world"}}, {"type": "Feature", "geometry": {"type": "Point", "coordinates": [14.1076, -6.4781]}, "properties": {"layer": "fire", "frp": 35.15, "confidence": "h", "acq_date": "2026-09-30", "acq_time": "1206", "satellite": "N", "daynight": "D", "scope": "world"}}, {"type": "Feature", "geometry": {"type": "Point", "coordinates": [14.1114, -6.4776]}, "properties": {"layer": "fire", "frp": 35.15, "confidence": "n", "acq_date": "2026-09-30", "acq_time": "1206", "satellite": "N", "daynight": "D", "scope": "world"}}, {"type": "Feature", "geometry": {"type": "Point", "coordinates": [14.1067, -6.4724]}, "properties": {"layer": "fire", "frp": 35.15, "confidence": "l", "acq_date": "2026-09-30", "acq_time": "1206", "satellite": "N", "daynight": "D", "scope": "world"}}, {"type": "Feature", "geometry": {"type": "Point", "coordinates": [58.3199, 51.2803]}, "properties": {"layer": "fire", "frp": 35.12, "confidence": "n", "acq_date": "2026-09-30", "acq_time": "858", "satellite": "N", "daynight": "D", "scope": "world"}}, {"type": "Feature", "geometry": {"type": "Point", "coordinates": [58.3253, 51.2812]}, "properties": {"layer": "fire", "frp": 35.12, "confidence": "n", "acq_date": "2026-09-30", "acq_time": "858", "satellite": "N", "daynight": "D", "scope": "world"}}, {"type": "Feature", "geometry": {"type": "Point", "coordinates": [22.7964, 44.5161]}, "properties": {"layer": "fire", "frp": 35.07, "confidence": "n", "acq_date": "2026-09-30", "acq_time": "1041", "satellite": "N", "daynight": "D", "scope": "world"}}, {"type": "Feature", "geometry": {"type": "Point", "coordinates": [22.7888, 44.5198]}, "properties": {"layer": "fire", "frp": 35.07, "confidence": "n", "acq_date": "2026-09-30", "acq_time": "1041", "satellite": "N", "daynight": "D", "scope": "world"}}, {"type": "Feature", "geometry": {"type": "Point", "coordinates": [22.7935, 44.5211]}, "properties": {"layer": "fire", "frp": 35.07, "confidence": "n", "acq_date": "2026-09-30", "acq_time": "1041", "satellite": "N", "daynight": "D", "scope": "world"}}, {"type": "Feature", "geometry": {"type": "Point", "coordinates": [29.4108, -8.4417]}, "properties": {"layer": "fire", "frp": 35.06, "confidence": "n", "acq_date": "2026-09-30", "acq_time": "1204", "satellite": "N", "daynight": "D", "scope": "world"}}, {"type": "Feature", "geometry": {"type": "Point", "coordinates": [74.6972, 30.6713]}, "properties": {"layer": "fire", "frp": 35.04, "confidence": "h", "acq_date": "2026-09-30", "acq_time": "852", "satellite": "N", "daynight": "D", "scope": "world"}}, {"type": "Feature", "geometry": {"type": "Point", "coordinates": [28.7517, -13.6299]}, "properties": {"layer": "fire", "frp": 35.03, "confidence": "n", "acq_date": "2026-09-30", "acq_time": "1204", "satellite": "N", "daynight": "D", "scope": "world"}}, {"type": "Feature", "geometry": {"type": "Point", "coordinates": [49.6306, 28.3695]}, "properties": {"layer": "fire", "frp": 35.0, "confidence": "n", "acq_date": "2026-09-30", "acq_time": "1034", "satellite": "N", "daynight": "D", "scope": "world"}}, {"type": "Feature", "geometry": {"type": "Point", "coordinates": [23.5156, -13.5397]}, "properties": {"layer": "fire", "frp": 34.96, "confidence": "n", "acq_date": "2026-09-30", "acq_time": "1204", "satellite": "N", "daynight": "D", "scope": "world"}}, {"type": "Feature", "geometry": {"type": "Point", "coordinates": [23.5151, -13.5362]}, "properties": {"layer": "fire", "frp": 34.96, "confidence": "n", "acq_date": "2026-09-30", "acq_time": "1204", "satellite": "N", "daynight": "D", "scope": "world"}}, {"type": "Feature", "geometry": {"type": "Point", "coordinates": [117.95, 1.6814]}, "properties": {"layer": "fire", "frp": 34.94, "confidence": "n", "acq_date": "2026-09-30", "acq_time": "523", "satellite": "N", "daynight": "D", "scope": "world"}}, {"type": "Feature", "geometry": {"type": "Point", "coordinates": [117.9494, 1.6857]}, "properties": {"layer": "fire", "frp": 34.94, "confidence": "n", "acq_date": "2026-09-30", "acq_time": "523", "satellite": "N", "daynight": "D", "scope": "world"}}, {"type": "Feature", "geometry": {"type": "Point", "coordinates": [106.1508, 22.6742]}, "properties": {"layer": "fire", "frp": 34.93, "confidence": "n", "acq_date": "2026-09-30", "acq_time": "707", "satellite": "N", "daynight": "D", "scope": "world"}}, {"type": "Feature", "geometry": {"type": "Point", "coordinates": [115.9842, 0.5751]}, "properties": {"layer": "fire", "frp": 34.92, "confidence": "n", "acq_date": "2026-09-30", "acq_time": "523", "satellite": "N", "daynight": "D", "scope": "world"}}, {"type": "Feature", "geometry": {"type": "Point", "coordinates": [115.9834, 0.58]}, "properties": {"layer": "fire", "frp": 34.92, "confidence": "n", "acq_date": "2026-09-30", "acq_time": "523", "satellite": "N", "daynight": "D", "scope": "world"}}, {"type": "Feature", "geometry": {"type": "Point", "coordinates": [58.408, 51.6431]}, "properties": {"layer": "fire", "frp": 34.89, "confidence": "n", "acq_date": "2026-09-30", "acq_time": "858", "satellite": "N", "daynight": "D", "scope": "world"}}, {"type": "Feature", "geometry": {"type": "Point", "coordinates": [58.4134, 51.644]}, "properties": {"layer": "fire", "frp": 34.89, "confidence": "n", "acq_date": "2026-09-30", "acq_time": "858", "satellite": "N", "daynight": "D", "scope": "world"}}, {"type": "Feature", "geometry": {"type": "Point", "coordinates": [9.3692, 37.1214]}, "properties": {"layer": "fire", "frp": 34.84, "confidence": "n", "acq_date": "2026-09-30", "acq_time": "1217", "satellite": "N", "daynight": "D", "scope": "world"}}, {"type": "Feature", "geometry": {"type": "Point", "coordinates": [18.5436, -14.5338]}, "properties": {"layer": "fire", "frp": 34.77, "confidence": "n", "acq_date": "2026-09-30", "acq_time": "1204", "satellite": "N", "daynight": "D", "scope": "world"}}, {"type": "Feature", "geometry": {"type": "Point", "coordinates": [38.27, -11.6524]}, "properties": {"layer": "fire", "frp": 34.76, "confidence": "n", "acq_date": "2026-09-30", "acq_time": "1021", "satellite": "N", "daynight": "D", "scope": "world"}}, {"type": "Feature", "geometry": {"type": "Point", "coordinates": [48.0084, -20.8952]}, "properties": {"layer": "fire", "frp": 34.74, "confidence": "n", "acq_date": "2026-09-30", "acq_time": "1019", "satellite": "N", "daynight": "D", "scope": "world"}}, {"type": "Feature", "geometry": {"type": "Point", "coordinates": [110.3977, -0.6877]}, "properties": {"layer": "fire", "frp": 34.68, "confidence": "h", "acq_date": "2026-09-30", "acq_time": "701", "satellite": "N", "daynight": "D", "scope": "world"}}, {"type": "Feature", "geometry": {"type": "Point", "coordinates": [41.3228, 11.5395]}, "properties": {"layer": "fire", "frp": 34.65, "confidence": "l", "acq_date": "2026-09-30", "acq_time": "1028", "satellite": "N", "daynight": "D", "scope": "world"}}, {"type": "Feature", "geometry": {"type": "Point", "coordinates": [33.9767, -8.1556]}, "properties": {"layer": "fire", "frp": 34.65, "confidence": "h", "acq_date": "2026-09-30", "acq_time": "1204", "satellite": "N", "daynight": "D", "scope": "world"}}, {"type": "Feature", "geometry": {"type": "Point", "coordinates": [58.3225, 51.2738]}, "properties": {"layer": "fire", "frp": 34.64, "confidence": "h", "acq_date": "2026-09-30", "acq_time": "858", "satellite": "N", "daynight": "D", "scope": "world"}}, {"type": "Feature", "geometry": {"type": "Point", "coordinates": [58.3279, 51.2747]}, "properties": {"layer": "fire", "frp": 34.64, "confidence": "n", "acq_date": "2026-09-30", "acq_time": "858", "satellite": "N", "daynight": "D", "scope": "world"}}, {"type": "Feature", "geometry": {"type": "Point", "coordinates": [58.3212, 51.2771]}, "properties": {"layer": "fire", "frp": 34.64, "confidence": "h", "acq_date": "2026-09-30", "acq_time": "858", "satellite": "N", "daynight": "D", "scope": "world"}}, {"type": "Feature", "geometry": {"type": "Point", "coordinates": [58.3266, 51.2779]}, "properties": {"layer": "fire", "frp": 34.64, "confidence": "n", "acq_date": "2026-09-30", "acq_time": "858", "satellite": "N", "daynight": "D", "scope": "world"}}, {"type": "Feature", "geometry": {"type": "Point", "coordinates": [108.4337, 15.3824]}, "properties": {"layer": "fire", "frp": 34.63, "confidence": "n", "acq_date": "2026-09-30", "acq_time": "525", "satellite": "N", "daynight": "D", "scope": "world"}}, {"type": "Feature", "geometry": {"type": "Point", "coordinates": [14.4512, -15.8216]}, "properties": {"layer": "fire", "frp": 34.6, "confidence": "n", "acq_date": "2026-09-30", "acq_time": "1344", "satellite": "N", "daynight": "D", "scope": "world"}}, {"type": "Feature", "geometry": {"type": "Point", "coordinates": [14.4497, -15.8149]}, "properties": {"layer": "fire", "frp": 34.6, "confidence": "n", "acq_date": "2026-09-30", "acq_time": "1344", "satellite": "N", "daynight": "D", "scope": "world"}}, {"type": "Feature", "geometry": {"type": "Point", "coordinates": [125.7346, 63.1768]}, "properties": {"layer": "fire", "frp": 34.55, "confidence": "n", "acq_date": "2026-09-30", "acq_time": "357", "satellite": "N", "daynight": "D", "scope": "world"}}, {"type": "Feature", "geometry": {"type": "Point", "coordinates": [122.8951, -5.1493]}, "properties": {"layer": "fire", "frp": 34.48, "confidence": "l", "acq_date": "2026-09-30", "acq_time": "521", "satellite": "N", "daynight": "D", "scope": "world"}}, {"type": "Feature", "geometry": {"type": "Point", "coordinates": [30.4632, -10.4732]}, "properties": {"layer": "fire", "frp": 34.48, "confidence": "n", "acq_date": "2026-09-30", "acq_time": "1204", "satellite": "N", "daynight": "D", "scope": "world"}}, {"type": "Feature", "geometry": {"type": "Point", "coordinates": [30.4624, -10.4691]}, "properties": {"layer": "fire", "frp": 34.48, "confidence": "n", "acq_date": "2026-09-30", "acq_time": "1204", "satellite": "N", "daynight": "D", "scope": "world"}}, {"type": "Feature", "geometry": {"type": "Point", "coordinates": [30.4662, -10.4685]}, "properties": {"layer": "fire", "frp": 34.48, "confidence": "n", "acq_date": "2026-09-30", "acq_time": "1204", "satellite": "N", "daynight": "D", "scope": "world"}}, {"type": "Feature", "geometry": {"type": "Point", "coordinates": [26.8094, -2.3326]}, "properties": {"layer": "fire", "frp": 34.41, "confidence": "n", "acq_date": "2026-09-30", "acq_time": "1206", "satellite": "N", "daynight": "D", "scope": "world"}}, {"type": "Feature", "geometry": {"type": "Point", "coordinates": [37.325, -2.9597]}, "properties": {"layer": "fire", "frp": 34.36, "confidence": "n", "acq_date": "2026-09-30", "acq_time": "1206", "satellite": "N", "daynight": "D", "scope": "world"}}, {"type": "Feature", "geometry": {"type": "Point", "coordinates": [40.3681, 38.1156]}, "properties": {"layer": "fire", "frp": 34.34, "confidence": "n", "acq_date": "2026-09-30", "acq_time": "1036", "satellite": "N", "daynight": "D", "scope": "world"}}, {"type": "Feature", "geometry": {"type": "Point", "coordinates": [40.3674, 38.119]}, "properties": {"layer": "fire", "frp": 34.34, "confidence": "l", "acq_date": "2026-09-30", "acq_time": "1036", "satellite": "N", "daynight": "D", "scope": "world"}}, {"type": "Feature", "geometry": {"type": "Point", "coordinates": [-46.9377, -3.2366]}, "properties": {"layer": "fire", "frp": 34.33, "confidence": "n", "acq_date": "2026-09-30", "acq_time": "432", "satellite": "N", "daynight": "N", "scope": "world"}}, {"type": "Feature", "geometry": {"type": "Point", "coordinates": [-46.9418, -3.2359]}, "properties": {"layer": "fire", "frp": 34.33, "confidence": "n", "acq_date": "2026-09-30", "acq_time": "432", "satellite": "N", "daynight": "N", "scope": "world"}}, {"type": "Feature", "geometry": {"type": "Point", "coordinates": [-46.9372, -3.233]}, "properties": {"layer": "fire", "frp": 34.33, "confidence": "n", "acq_date": "2026-09-30", "acq_time": "432", "satellite": "N", "daynight": "N", "scope": "world"}}, {"type": "Feature", "geometry": {"type": "Point", "coordinates": [-46.9412, -3.2323]}, "properties": {"layer": "fire", "frp": 34.33, "confidence": "n", "acq_date": "2026-09-30", "acq_time": "432", "satellite": "N", "daynight": "N", "scope": "world"}}, {"type": "Feature", "geometry": {"type": "Point", "coordinates": [-37.8394, -8.0263]}, "properties": {"layer": "fire", "frp": 34.3, "confidence": "h", "acq_date": "2026-09-30", "acq_time": "1529", "satellite": "N", "daynight": "D", "scope": "world"}}, {"type": "Feature", "geometry": {"type": "Point", "coordinates": [111.5869, -1.7825]}, "properties": {"layer": "fire", "frp": 34.28, "confidence": "l", "acq_date": "2026-09-30", "acq_time": "701", "satellite": "N", "daynight": "D", "scope": "world"}}, {"type": "Feature", "geometry": {"type": "Point", "coordinates": [15.0567, -15.197]}, "properties": {"layer": "fire", "frp": 34.26, "confidence": "n", "acq_date": "2026-09-30", "acq_time": "1344", "satellite": "N", "daynight": "D", "scope": "world"}}, {"type": "Feature", "geometry": {"type": "Point", "coordinates": [62.6002, 53.7664]}, "properties": {"layer": "fire", "frp": 34.16, "confidence": "n", "acq_date": "2026-09-30", "acq_time": "720", "satellite": "N", "daynight": "D", "scope": "world"}}, {"type": "Feature", "geometry": {"type": "Point", "coordinates": [61.4868, 51.6508]}, "properties": {"layer": "fire", "frp": 34.14, "confidence": "n", "acq_date": "2026-09-30", "acq_time": "718", "satellite": "N", "daynight": "D", "scope": "world"}}, {"type": "Feature", "geometry": {"type": "Point", "coordinates": [61.481, 51.6566]}, "properties": {"layer": "fire", "frp": 34.14, "confidence": "n", "acq_date": "2026-09-30", "acq_time": "718", "satellite": "N", "daynight": "D", "scope": "world"}}, {"type": "Feature", "geometry": {"type": "Point", "coordinates": [37.2041, -2.9974]}, "properties": {"layer": "fire", "frp": 34.14, "confidence": "n", "acq_date": "2026-09-30", "acq_time": "1206", "satellite": "N", "daynight": "D", "scope": "world"}}, {"type": "Feature", "geometry": {"type": "Point", "coordinates": [48.2236, -18.3508]}, "properties": {"layer": "fire", "frp": 33.94, "confidence": "n", "acq_date": "2026-09-30", "acq_time": "1019", "satellite": "N", "daynight": "D", "scope": "world"}}, {"type": "Feature", "geometry": {"type": "Point", "coordinates": [107.9112, 21.5739]}, "properties": {"layer": "fire", "frp": 33.88, "confidence": "n", "acq_date": "2026-09-30", "acq_time": "707", "satellite": "N", "daynight": "D", "scope": "world"}}, {"type": "Feature", "geometry": {"type": "Point", "coordinates": [20.6221, -16.1012]}, "properties": {"layer": "fire", "frp": 33.85, "confidence": "n", "acq_date": "2026-09-30", "acq_time": "1202", "satellite": "N", "daynight": "D", "scope": "world"}}, {"type": "Feature", "geometry": {"type": "Point", "coordinates": [116.356, -1.8996]}, "properties": {"layer": "fire", "frp": 33.77, "confidence": "n", "acq_date": "2026-09-30", "acq_time": "521", "satellite": "N", "daynight": "D", "scope": "world"}}, {"type": "Feature", "geometry": {"type": "Point", "coordinates": [116.3588, -1.8992]}, "properties": {"layer": "fire", "frp": 33.77, "confidence": "h", "acq_date": "2026-09-30", "acq_time": "521", "satellite": "N", "daynight": "D", "scope": "world"}}, {"type": "Feature", "geometry": {"type": "Point", "coordinates": [37.1541, -7.5488]}, "properties": {"layer": "fire", "frp": 33.73, "confidence": "l", "acq_date": "2026-09-30", "acq_time": "1204", "satellite": "N", "daynight": "D", "scope": "world"}}, {"type": "Feature", "geometry": {"type": "Point", "coordinates": [138.8046, -8.0142]}, "properties": {"layer": "fire", "frp": 33.69, "confidence": "n", "acq_date": "2026-09-30", "acq_time": "338", "satellite": "N", "daynight": "D", "scope": "world"}}, {"type": "Feature", "geometry": {"type": "Point", "coordinates": [138.8104, -8.0135]}, "properties": {"layer": "fire", "frp": 33.69, "confidence": "h", "acq_date": "2026-09-30", "acq_time": "338", "satellite": "N", "daynight": "D", "scope": "world"}}, {"type": "Feature", "geometry": {"type": "Point", "coordinates": [25.7371, -8.8236]}, "properties": {"layer": "fire", "frp": 33.68, "confidence": "n", "acq_date": "2026-09-30", "acq_time": "1204", "satellite": "N", "daynight": "D", "scope": "world"}}, {"type": "Feature", "geometry": {"type": "Point", "coordinates": [36.4502, -14.3529]}, "properties": {"layer": "fire", "frp": 33.67, "confidence": "h", "acq_date": "2026-09-30", "acq_time": "1202", "satellite": "N", "daynight": "D", "scope": "world"}}, {"type": "Feature", "geometry": {"type": "Point", "coordinates": [17.831, -16.8766]}, "properties": {"layer": "fire", "frp": 33.61, "confidence": "h", "acq_date": "2026-09-30", "acq_time": "1202", "satellite": "N", "daynight": "D", "scope": "world"}}, {"type": "Feature", "geometry": {"type": "Point", "coordinates": [17.8341, -16.8763]}, "properties": {"layer": "fire", "frp": 33.61, "confidence": "h", "acq_date": "2026-09-30", "acq_time": "1202", "satellite": "N", "daynight": "D", "scope": "world"}}, {"type": "Feature", "geometry": {"type": "Point", "coordinates": [47.9232, -16.8214]}, "properties": {"layer": "fire", "frp": 33.52, "confidence": "n", "acq_date": "2026-09-30", "acq_time": "1019", "satellite": "N", "daynight": "D", "scope": "world"}}, {"type": "Feature", "geometry": {"type": "Point", "coordinates": [109.9527, -0.1945]}, "properties": {"layer": "fire", "frp": 33.47, "confidence": "n", "acq_date": "2026-09-30", "acq_time": "701", "satellite": "N", "daynight": "D", "scope": "world"}}, {"type": "Feature", "geometry": {"type": "Point", "coordinates": [62.8201, 52.4526]}, "properties": {"layer": "fire", "frp": 33.46, "confidence": "n", "acq_date": "2026-09-30", "acq_time": "858", "satellite": "N", "daynight": "D", "scope": "world"}}, {"type": "Feature", "geometry": {"type": "Point", "coordinates": [107.9079, 21.5691]}, "properties": {"layer": "fire", "frp": 33.45, "confidence": "l", "acq_date": "2026-09-30", "acq_time": "707", "satellite": "N", "daynight": "D", "scope": "world"}}, {"type": "Feature", "geometry": {"type": "Point", "coordinates": [107.9147, 21.5696]}, "properties": {"layer": "fire", "frp": 33.45, "confidence": "n", "acq_date": "2026-09-30", "acq_time": "707", "satellite": "N", "daynight": "D", "scope": "world"}}, {"type": "Feature", "geometry": {"type": "Point", "coordinates": [20.7508, -12.9638]}, "properties": {"layer": "fire", "frp": 33.4, "confidence": "n", "acq_date": "2026-09-30", "acq_time": "1204", "satellite": "N", "daynight": "D", "scope": "world"}}, {"type": "Feature", "geometry": {"type": "Point", "coordinates": [58.3117, 51.2721]}, "properties": {"layer": "fire", "frp": 33.38, "confidence": "n", "acq_date": "2026-09-30", "acq_time": "858", "satellite": "N", "daynight": "D", "scope": "world"}}, {"type": "Feature", "geometry": {"type": "Point", "coordinates": [58.3171, 51.2729]}, "properties": {"layer": "fire", "frp": 33.38, "confidence": "n", "acq_date": "2026-09-30", "acq_time": "858", "satellite": "N", "daynight": "D", "scope": "world"}}, {"type": "Feature", "geometry": {"type": "Point", "coordinates": [58.3104, 51.2753]}, "properties": {"layer": "fire", "frp": 33.38, "confidence": "n", "acq_date": "2026-09-30", "acq_time": "858", "satellite": "N", "daynight": "D", "scope": "world"}}, {"type": "Feature", "geometry": {"type": "Point", "coordinates": [58.3158, 51.2762]}, "properties": {"layer": "fire", "frp": 33.38, "confidence": "n", "acq_date": "2026-09-30", "acq_time": "858", "satellite": "N", "daynight": "D", "scope": "world"}}, {"type": "Feature", "geometry": {"type": "Point", "coordinates": [-42.907, -14.0116]}, "properties": {"layer": "fire", "frp": 33.36, "confidence": "n", "acq_date": "2026-09-30", "acq_time": "434", "satellite": "N", "daynight": "N", "scope": "world"}}, {"type": "Feature", "geometry": {"type": "Point", "coordinates": [35.3929, -1.5824]}, "properties": {"layer": "fire", "frp": 33.34, "confidence": "n", "acq_date": "2026-09-30", "acq_time": "1026", "satellite": "N", "daynight": "D", "scope": "world"}}, {"type": "Feature", "geometry": {"type": "Point", "coordinates": [48.1489, -15.8582]}, "properties": {"layer": "fire", "frp": 33.33, "confidence": "l", "acq_date": "2026-09-30", "acq_time": "1021", "satellite": "N", "daynight": "D", "scope": "world"}}, {"type": "Feature", "geometry": {"type": "Point", "coordinates": [48.3908, -16.2927]}, "properties": {"layer": "fire", "frp": 33.31, "confidence": "n", "acq_date": "2026-09-30", "acq_time": "1021", "satellite": "N", "daynight": "D", "scope": "world"}}, {"type": "Feature", "geometry": {"type": "Point", "coordinates": [48.3949, -16.2921]}, "properties": {"layer": "fire", "frp": 33.31, "confidence": "l", "acq_date": "2026-09-30", "acq_time": "1021", "satellite": "N", "daynight": "D", "scope": "world"}}, {"type": "Feature", "geometry": {"type": "Point", "coordinates": [104.4191, -3.1218]}, "properties": {"layer": "fire", "frp": 33.27, "confidence": "n", "acq_date": "2026-09-30", "acq_time": "701", "satellite": "N", "daynight": "D", "scope": "world"}}, {"type": "Feature", "geometry": {"type": "Point", "coordinates": [17.9358, -16.9214]}, "properties": {"layer": "fire", "frp": 33.25, "confidence": "h", "acq_date": "2026-09-30", "acq_time": "1202", "satellite": "N", "daynight": "D", "scope": "world"}}, {"type": "Feature", "geometry": {"type": "Point", "coordinates": [17.9389, -16.9211]}, "properties": {"layer": "fire", "frp": 33.25, "confidence": "n", "acq_date": "2026-09-30", "acq_time": "1202", "satellite": "N", "daynight": "D", "scope": "world"}}, {"type": "Feature", "geometry": {"type": "Point", "coordinates": [14.2336, -8.0773]}, "properties": {"layer": "fire", "frp": 33.24, "confidence": "n", "acq_date": "2026-09-30", "acq_time": "1206", "satellite": "N", "daynight": "D", "scope": "world"}}, {"type": "Feature", "geometry": {"type": "Point", "coordinates": [53.6242, 24.8268]}, "properties": {"layer": "fire", "frp": 33.17, "confidence": "h", "acq_date": "2026-09-30", "acq_time": "1032", "satellite": "N", "daynight": "D", "scope": "world"}}, {"type": "Feature", "geometry": {"type": "Point", "coordinates": [138.4582, -7.508]}, "properties": {"layer": "fire", "frp": 33.11, "confidence": "h", "acq_date": "2026-09-30", "acq_time": "518", "satellite": "N", "daynight": "D", "scope": "world"}}, {"type": "Feature", "geometry": {"type": "Point", "coordinates": [30.8911, -9.9151]}, "properties": {"layer": "fire", "frp": 33.1, "confidence": "n", "acq_date": "2026-09-30", "acq_time": "1204", "satellite": "N", "daynight": "D", "scope": "world"}}, {"type": "Feature", "geometry": {"type": "Point", "coordinates": [30.8952, -9.9144]}, "properties": {"layer": "fire", "frp": 33.1, "confidence": "h", "acq_date": "2026-09-30", "acq_time": "1204", "satellite": "N", "daynight": "D", "scope": "world"}}, {"type": "Feature", "geometry": {"type": "Point", "coordinates": [30.8944, -9.9101]}, "properties": {"layer": "fire", "frp": 33.1, "confidence": "n", "acq_date": "2026-09-30", "acq_time": "1204", "satellite": "N", "daynight": "D", "scope": "world"}}, {"type": "Feature", "geometry": {"type": "Point", "coordinates": [15.4999, -15.202]}, "properties": {"layer": "fire", "frp": 33.08, "confidence": "h", "acq_date": "2026-09-30", "acq_time": "1344", "satellite": "N", "daynight": "D", "scope": "world"}}, {"type": "Feature", "geometry": {"type": "Point", "coordinates": [140.3244, -7.987]}, "properties": {"layer": "fire", "frp": 33.07, "confidence": "n", "acq_date": "2026-09-30", "acq_time": "338", "satellite": "N", "daynight": "D", "scope": "world"}}, {"type": "Feature", "geometry": {"type": "Point", "coordinates": [44.437, 34.3277]}, "properties": {"layer": "fire", "frp": 33.07, "confidence": "n", "acq_date": "2026-09-30", "acq_time": "1036", "satellite": "N", "daynight": "D", "scope": "world"}}, {"type": "Feature", "geometry": {"type": "Point", "coordinates": [44.4363, 34.3315]}, "properties": {"layer": "fire", "frp": 33.07, "confidence": "n", "acq_date": "2026-09-30", "acq_time": "1036", "satellite": "N", "daynight": "D", "scope": "world"}}, {"type": "Feature", "geometry": {"type": "Point", "coordinates": [29.2771, -11.3173]}, "properties": {"layer": "fire", "frp": 33.05, "confidence": "n", "acq_date": "2026-09-30", "acq_time": "1204", "satellite": "N", "daynight": "D", "scope": "world"}}, {"type": "Feature", "geometry": {"type": "Point", "coordinates": [37.2126, -2.9639]}, "properties": {"layer": "fire", "frp": 33.05, "confidence": "n", "acq_date": "2026-09-30", "acq_time": "1206", "satellite": "N", "daynight": "D", "scope": "world"}}, {"type": "Feature", "geometry": {"type": "Point", "coordinates": [53.1487, 25.5316]}, "properties": {"layer": "fire", "frp": 32.98, "confidence": "n", "acq_date": "2026-09-30", "acq_time": "1032", "satellite": "N", "daynight": "D", "scope": "world"}}, {"type": "Feature", "geometry": {"type": "Point", "coordinates": [30.5587, -9.9858]}, "properties": {"layer": "fire", "frp": 32.98, "confidence": "n", "acq_date": "2026-09-30", "acq_time": "1204", "satellite": "N", "daynight": "D", "scope": "world"}}, {"type": "Feature", "geometry": {"type": "Point", "coordinates": [34.9325, -5.785]}, "properties": {"layer": "fire", "frp": 32.97, "confidence": "h", "acq_date": "2026-09-30", "acq_time": "1204", "satellite": "N", "daynight": "D", "scope": "world"}}, {"type": "Feature", "geometry": {"type": "Point", "coordinates": [38.9718, -12.0001]}, "properties": {"layer": "fire", "frp": 32.95, "confidence": "h", "acq_date": "2026-09-30", "acq_time": "1021", "satellite": "N", "daynight": "D", "scope": "world"}}, {"type": "Feature", "geometry": {"type": "Point", "coordinates": [38.9768, -11.9995]}, "properties": {"layer": "fire", "frp": 32.95, "confidence": "n", "acq_date": "2026-09-30", "acq_time": "1021", "satellite": "N", "daynight": "D", "scope": "world"}}, {"type": "Feature", "geometry": {"type": "Point", "coordinates": [47.4875, -17.0603]}, "properties": {"layer": "fire", "frp": 32.93, "confidence": "l", "acq_date": "2026-09-30", "acq_time": "1019", "satellite": "N", "daynight": "D", "scope": "world"}}, {"type": "Feature", "geometry": {"type": "Point", "coordinates": [37.2074, -3.0018]}, "properties": {"layer": "fire", "frp": 32.93, "confidence": "n", "acq_date": "2026-09-30", "acq_time": "1206", "satellite": "N", "daynight": "D", "scope": "world"}}, {"type": "Feature", "geometry": {"type": "Point", "coordinates": [30.607, -9.3813]}, "properties": {"layer": "fire", "frp": 32.92, "confidence": "n", "acq_date": "2026-09-30", "acq_time": "1204", "satellite": "N", "daynight": "D", "scope": "world"}}, {"type": "Feature", "geometry": {"type": "Point", "coordinates": [30.611, -9.3806]}, "properties": {"layer": "fire", "frp": 32.92, "confidence": "n", "acq_date": "2026-09-30", "acq_time": "1204", "satellite": "N", "daynight": "D", "scope": "world"}}, {"type": "Feature", "geometry": {"type": "Point", "coordinates": [-43.8017, -18.8977]}, "properties": {"layer": "fire", "frp": 32.91, "confidence": "n", "acq_date": "2026-09-30", "acq_time": "436", "satellite": "N", "daynight": "N", "scope": "world"}}, {"type": "Feature", "geometry": {"type": "Point", "coordinates": [-43.8062, -18.8971]}, "properties": {"layer": "fire", "frp": 32.91, "confidence": "n", "acq_date": "2026-09-30", "acq_time": "436", "satellite": "N", "daynight": "N", "scope": "world"}}, {"type": "Feature", "geometry": {"type": "Point", "coordinates": [-43.8014, -18.8939]}, "properties": {"layer": "fire", "frp": 32.91, "confidence": "n", "acq_date": "2026-09-30", "acq_time": "436", "satellite": "N", "daynight": "N", "scope": "world"}}, {"type": "Feature", "geometry": {"type": "Point", "coordinates": [-43.806, -18.8933]}, "properties": {"layer": "fire", "frp": 32.91, "confidence": "n", "acq_date": "2026-09-30", "acq_time": "436", "satellite": "N", "daynight": "N", "scope": "world"}}, {"type": "Feature", "geometry": {"type": "Point", "coordinates": [14.8384, -15.7416]}, "properties": {"layer": "fire", "frp": 32.9, "confidence": "h", "acq_date": "2026-09-30", "acq_time": "1344", "satellite": "N", "daynight": "D", "scope": "world"}}, {"type": "Feature", "geometry": {"type": "Point", "coordinates": [29.0526, -10.3881]}, "properties": {"layer": "fire", "frp": 32.88, "confidence": "n", "acq_date": "2026-09-30", "acq_time": "1204", "satellite": "N", "daynight": "D", "scope": "world"}}, {"type": "Feature", "geometry": {"type": "Point", "coordinates": [16.2586, -9.2378]}, "properties": {"layer": "fire", "frp": 32.88, "confidence": "l", "acq_date": "2026-09-30", "acq_time": "1204", "satellite": "N", "daynight": "D", "scope": "world"}}, {"type": "Feature", "geometry": {"type": "Point", "coordinates": [42.2135, 37.2627]}, "properties": {"layer": "fire", "frp": 32.83, "confidence": "l", "acq_date": "2026-09-30", "acq_time": "1036", "satellite": "N", "daynight": "D", "scope": "world"}}, {"type": "Feature", "geometry": {"type": "Point", "coordinates": [23.5409, -13.4971]}, "properties": {"layer": "fire", "frp": 32.81, "confidence": "n", "acq_date": "2026-09-30", "acq_time": "1204", "satellite": "N", "daynight": "D", "scope": "world"}}, {"type": "Feature", "geometry": {"type": "Point", "coordinates": [48.5946, -14.4723]}, "properties": {"layer": "fire", "frp": 32.68, "confidence": "l", "acq_date": "2026-09-30", "acq_time": "1021", "satellite": "N", "daynight": "D", "scope": "world"}}, {"type": "Feature", "geometry": {"type": "Point", "coordinates": [115.0197, -1.2986]}, "properties": {"layer": "fire", "frp": 32.67, "confidence": "h", "acq_date": "2026-09-30", "acq_time": "523", "satellite": "N", "daynight": "D", "scope": "world"}}, {"type": "Feature", "geometry": {"type": "Point", "coordinates": [141.7901, -8.631]}, "properties": {"layer": "fire", "frp": 32.63, "confidence": "n", "acq_date": "2026-09-30", "acq_time": "338", "satellite": "N", "daynight": "D", "scope": "world"}}, {"type": "Feature", "geometry": {"type": "Point", "coordinates": [141.7858, -8.6259]}, "properties": {"layer": "fire", "frp": 32.63, "confidence": "h", "acq_date": "2026-09-30", "acq_time": "338", "satellite": "N", "daynight": "D", "scope": "world"}}, {"type": "Feature", "geometry": {"type": "Point", "coordinates": [141.7894, -8.6255]}, "properties": {"layer": "fire", "frp": 32.63, "confidence": "h", "acq_date": "2026-09-30", "acq_time": "338", "satellite": "N", "daynight": "D", "scope": "world"}}, {"type": "Feature", "geometry": {"type": "Point", "coordinates": [139.0289, -7.4556]}, "properties": {"layer": "fire", "frp": 32.57, "confidence": "n", "acq_date": "2026-09-30", "acq_time": "518", "satellite": "N", "daynight": "D", "scope": "world"}}, {"type": "Feature", "geometry": {"type": "Point", "coordinates": [25.4966, -14.236]}, "properties": {"layer": "fire", "frp": 32.49, "confidence": "l", "acq_date": "2026-09-30", "acq_time": "1204", "satellite": "N", "daynight": "D", "scope": "world"}}, {"type": "Feature", "geometry": {"type": "Point", "coordinates": [25.5001, -14.2355]}, "properties": {"layer": "fire", "frp": 32.49, "confidence": "n", "acq_date": "2026-09-30", "acq_time": "1204", "satellite": "N", "daynight": "D", "scope": "world"}}, {"type": "Feature", "geometry": {"type": "Point", "coordinates": [25.496, -14.2327]}, "properties": {"layer": "fire", "frp": 32.49, "confidence": "l", "acq_date": "2026-09-30", "acq_time": "1204", "satellite": "N", "daynight": "D", "scope": "world"}}, {"type": "Feature", "geometry": {"type": "Point", "coordinates": [25.4996, -14.2322]}, "properties": {"layer": "fire", "frp": 32.49, "confidence": "l", "acq_date": "2026-09-30", "acq_time": "1204", "satellite": "N", "daynight": "D", "scope": "world"}}, {"type": "Feature", "geometry": {"type": "Point", "coordinates": [19.0618, 29.0738]}, "properties": {"layer": "fire", "frp": 32.42, "confidence": "n", "acq_date": "2026-09-30", "acq_time": "1217", "satellite": "N", "daynight": "D", "scope": "world"}}, {"type": "Feature", "geometry": {"type": "Point", "coordinates": [35.2165, -5.5656]}, "properties": {"layer": "fire", "frp": 32.41, "confidence": "h", "acq_date": "2026-09-30", "acq_time": "1204", "satellite": "N", "daynight": "D", "scope": "world"}}, {"type": "Feature", "geometry": {"type": "Point", "coordinates": [117.6811, -8.1715]}, "properties": {"layer": "fire", "frp": 32.37, "confidence": "h", "acq_date": "2026-09-30", "acq_time": "521", "satellite": "N", "daynight": "D", "scope": "world"}}, {"type": "Feature", "geometry": {"type": "Point", "coordinates": [26.8081, -2.3305]}, "properties": {"layer": "fire", "frp": 32.34, "confidence": "n", "acq_date": "2026-09-30", "acq_time": "1206", "satellite": "N", "daynight": "D", "scope": "world"}}, {"type": "Feature", "geometry": {"type": "Point", "coordinates": [48.2763, -18.8042]}, "properties": {"layer": "fire", "frp": 32.31, "confidence": "n", "acq_date": "2026-09-30", "acq_time": "1019", "satellite": "N", "daynight": "D", "scope": "world"}}, {"type": "Feature", "geometry": {"type": "Point", "coordinates": [30.8829, -9.9165]}, "properties": {"layer": "fire", "frp": 32.25, "confidence": "h", "acq_date": "2026-09-30", "acq_time": "1204", "satellite": "N", "daynight": "D", "scope": "world"}}, {"type": "Feature", "geometry": {"type": "Point", "coordinates": [30.887, -9.9158]}, "properties": {"layer": "fire", "frp": 32.25, "confidence": "h", "acq_date": "2026-09-30", "acq_time": "1204", "satellite": "N", "daynight": "D", "scope": "world"}}, {"type": "Feature", "geometry": {"type": "Point", "coordinates": [-78.3374, -2.0115]}, "properties": {"layer": "fire", "frp": 32.22, "confidence": "n", "acq_date": "2026-09-30", "acq_time": "612", "satellite": "N", "daynight": "N", "scope": "world"}}, {"type": "Feature", "geometry": {"type": "Point", "coordinates": [-78.34, -2.0111]}, "properties": {"layer": "fire", "frp": 32.22, "confidence": "h", "acq_date": "2026-09-30", "acq_time": "612", "satellite": "N", "daynight": "N", "scope": "world"}}, {"type": "Feature", "geometry": {"type": "Point", "coordinates": [-78.335, -2.0063]}, "properties": {"layer": "fire", "frp": 32.22, "confidence": "n", "acq_date": "2026-09-30", "acq_time": "612", "satellite": "N", "daynight": "N", "scope": "world"}}, {"type": "Feature", "geometry": {"type": "Point", "coordinates": [-78.3371, -2.006]}, "properties": {"layer": "fire", "frp": 32.22, "confidence": "n", "acq_date": "2026-09-30", "acq_time": "612", "satellite": "N", "daynight": "N", "scope": "world"}}, {"type": "Feature", "geometry": {"type": "Point", "coordinates": [34.1299, -8.0656]}, "properties": {"layer": "fire", "frp": 32.19, "confidence": "n", "acq_date": "2026-09-30", "acq_time": "1204", "satellite": "N", "daynight": "D", "scope": "world"}}, {"type": "Feature", "geometry": {"type": "Point", "coordinates": [34.1336, -8.0649]}, "properties": {"layer": "fire", "frp": 32.19, "confidence": "n", "acq_date": "2026-09-30", "acq_time": "1204", "satellite": "N", "daynight": "D", "scope": "world"}}, {"type": "Feature", "geometry": {"type": "Point", "coordinates": [34.1327, -8.0594]}, "properties": {"layer": "fire", "frp": 32.19, "confidence": "h", "acq_date": "2026-09-30", "acq_time": "1204", "satellite": "N", "daynight": "D", "scope": "world"}}, {"type": "Feature", "geometry": {"type": "Point", "coordinates": [103.3082, -2.8446]}, "properties": {"layer": "fire", "frp": 32.15, "confidence": "n", "acq_date": "2026-09-30", "acq_time": "701", "satellite": "N", "daynight": "D", "scope": "world"}}, {"type": "Feature", "geometry": {"type": "Point", "coordinates": [110.4244, -0.9998]}, "properties": {"layer": "fire", "frp": 32.15, "confidence": "n", "acq_date": "2026-09-30", "acq_time": "701", "satellite": "N", "daynight": "D", "scope": "world"}}, {"type": "Feature", "geometry": {"type": "Point", "coordinates": [37.2803, -3.0434]}, "properties": {"layer": "fire", "frp": 32.05, "confidence": "n", "acq_date": "2026-09-30", "acq_time": "1206", "satellite": "N", "daynight": "D", "scope": "world"}}, {"type": "Feature", "geometry": {"type": "Point", "coordinates": [141.3182, -8.2664]}, "properties": {"layer": "fire", "frp": 32.04, "confidence": "n", "acq_date": "2026-09-30", "acq_time": "338", "satellite": "N", "daynight": "D", "scope": "world"}}, {"type": "Feature", "geometry": {"type": "Point", "coordinates": [30.0691, -9.1493]}, "properties": {"layer": "fire", "frp": 32.02, "confidence": "n", "acq_date": "2026-09-30", "acq_time": "1204", "satellite": "N", "daynight": "D", "scope": "world"}}, {"type": "Feature", "geometry": {"type": "Point", "coordinates": [30.0728, -9.1486]}, "properties": {"layer": "fire", "frp": 32.02, "confidence": "h", "acq_date": "2026-09-30", "acq_time": "1204", "satellite": "N", "daynight": "D", "scope": "world"}}, {"type": "Feature", "geometry": {"type": "Point", "coordinates": [30.0685, -9.1451]}, "properties": {"layer": "fire", "frp": 32.02, "confidence": "n", "acq_date": "2026-09-30", "acq_time": "1204", "satellite": "N", "daynight": "D", "scope": "world"}}, {"type": "Feature", "geometry": {"type": "Point", "coordinates": [30.0721, -9.1445]}, "properties": {"layer": "fire", "frp": 32.02, "confidence": "n", "acq_date": "2026-09-30", "acq_time": "1204", "satellite": "N", "daynight": "D", "scope": "world"}}, {"type": "Feature", "geometry": {"type": "Point", "coordinates": [141.0213, -7.5845]}, "properties": {"layer": "fire", "frp": 31.93, "confidence": "n", "acq_date": "2026-09-30", "acq_time": "338", "satellite": "N", "daynight": "D", "scope": "world"}}, {"type": "Feature", "geometry": {"type": "Point", "coordinates": [141.0166, -7.5793]}, "properties": {"layer": "fire", "frp": 31.93, "confidence": "n", "acq_date": "2026-09-30", "acq_time": "338", "satellite": "N", "daynight": "D", "scope": "world"}}, {"type": "Feature", "geometry": {"type": "Point", "coordinates": [141.0205, -7.5788]}, "properties": {"layer": "fire", "frp": 31.93, "confidence": "n", "acq_date": "2026-09-30", "acq_time": "338", "satellite": "N", "daynight": "D", "scope": "world"}}, {"type": "Feature", "geometry": {"type": "Point", "coordinates": [35.5469, -5.5691]}, "properties": {"layer": "fire", "frp": 31.93, "confidence": "h", "acq_date": "2026-09-30", "acq_time": "1204", "satellite": "N", "daynight": "D", "scope": "world"}}, {"type": "Feature", "geometry": {"type": "Point", "coordinates": [125.7175, -8.6848]}, "properties": {"layer": "fire", "frp": 31.91, "confidence": "l", "acq_date": "2026-09-30", "acq_time": "518", "satellite": "N", "daynight": "D", "scope": "world"}}, {"type": "Feature", "geometry": {"type": "Point", "coordinates": [37.1839, -2.9565]}, "properties": {"layer": "fire", "frp": 31.91, "confidence": "n", "acq_date": "2026-09-30", "acq_time": "1206", "satellite": "N", "daynight": "D", "scope": "world"}}, {"type": "Feature", "geometry": {"type": "Point", "coordinates": [20.2792, 44.8808]}, "properties": {"layer": "fire", "frp": 31.9, "confidence": "n", "acq_date": "2026-09-30", "acq_time": "1219", "satellite": "N", "daynight": "D", "scope": "world"}}, {"type": "Feature", "geometry": {"type": "Point", "coordinates": [104.5434, -2.8236]}, "properties": {"layer": "fire", "frp": 31.88, "confidence": "n", "acq_date": "2026-09-30", "acq_time": "701", "satellite": "N", "daynight": "D", "scope": "world"}}, {"type": "Feature", "geometry": {"type": "Point", "coordinates": [104.547, -2.823]}, "properties": {"layer": "fire", "frp": 31.88, "confidence": "n", "acq_date": "2026-09-30", "acq_time": "701", "satellite": "N", "daynight": "D", "scope": "world"}}, {"type": "Feature", "geometry": {"type": "Point", "coordinates": [20.6134, -12.3866]}, "properties": {"layer": "fire", "frp": 31.88, "confidence": "n", "acq_date": "2026-09-30", "acq_time": "1204", "satellite": "N", "daynight": "D", "scope": "world"}}, {"type": "Feature", "geometry": {"type": "Point", "coordinates": [37.2, -3.0203]}, "properties": {"layer": "fire", "frp": 31.88, "confidence": "n", "acq_date": "2026-09-30", "acq_time": "1206", "satellite": "N", "daynight": "D", "scope": "world"}}, {"type": "Feature", "geometry": {"type": "Point", "coordinates": [47.816, 31.4759]}, "properties": {"layer": "fire", "frp": 31.87, "confidence": "n", "acq_date": "2026-09-30", "acq_time": "1034", "satellite": "N", "daynight": "D", "scope": "world"}}, {"type": "Feature", "geometry": {"type": "Point", "coordinates": [141.3175, -8.4418]}, "properties": {"layer": "fire", "frp": 31.85, "confidence": "h", "acq_date": "2026-09-30", "acq_time": "338", "satellite": "N", "daynight": "D", "scope": "world"}}, {"type": "Feature", "geometry": {"type": "Point", "coordinates": [14.1067, -6.4764]}, "properties": {"layer": "fire", "frp": 31.75, "confidence": "h", "acq_date": "2026-09-30", "acq_time": "1206", "satellite": "N", "daynight": "D", "scope": "world"}}, {"type": "Feature", "geometry": {"type": "Point", "coordinates": [14.1105, -6.4758]}, "properties": {"layer": "fire", "frp": 31.75, "confidence": "n", "acq_date": "2026-09-30", "acq_time": "1206", "satellite": "N", "daynight": "D", "scope": "world"}}, {"type": "Feature", "geometry": {"type": "Point", "coordinates": [14.1059, -6.4707]}, "properties": {"layer": "fire", "frp": 31.75, "confidence": "l", "acq_date": "2026-09-30", "acq_time": "1206", "satellite": "N", "daynight": "D", "scope": "world"}}, {"type": "Feature", "geometry": {"type": "Point", "coordinates": [22.0667, -13.8374]}, "properties": {"layer": "fire", "frp": 31.74, "confidence": "n", "acq_date": "2026-09-30", "acq_time": "1204", "satellite": "N", "daynight": "D", "scope": "world"}}, {"type": "Feature", "geometry": {"type": "Point", "coordinates": [30.0905, -9.9282]}, "properties": {"layer": "fire", "frp": 31.71, "confidence": "h", "acq_date": "2026-09-30", "acq_time": "1204", "satellite": "N", "daynight": "D", "scope": "world"}}, {"type": "Feature", "geometry": {"type": "Point", "coordinates": [30.0941, -9.9276]}, "properties": {"layer": "fire", "frp": 31.71, "confidence": "n", "acq_date": "2026-09-30", "acq_time": "1204", "satellite": "N", "daynight": "D", "scope": "world"}}, {"type": "Feature", "geometry": {"type": "Point", "coordinates": [139.9978, -7.8048]}, "properties": {"layer": "fire", "frp": 31.68, "confidence": "n", "acq_date": "2026-09-30", "acq_time": "338", "satellite": "N", "daynight": "D", "scope": "world"}}, {"type": "Feature", "geometry": {"type": "Point", "coordinates": [140.0025, -7.8042]}, "properties": {"layer": "fire", "frp": 31.68, "confidence": "h", "acq_date": "2026-09-30", "acq_time": "338", "satellite": "N", "daynight": "D", "scope": "world"}}, {"type": "Feature", "geometry": {"type": "Point", "coordinates": [-12.2717, 14.1822]}, "properties": {"layer": "fire", "frp": 31.67, "confidence": "n", "acq_date": "2026-09-30", "acq_time": "1353", "satellite": "N", "daynight": "D", "scope": "world"}}, {"type": "Feature", "geometry": {"type": "Point", "coordinates": [-12.2725, 14.1866]}, "properties": {"layer": "fire", "frp": 31.67, "confidence": "n", "acq_date": "2026-09-30", "acq_time": "1353", "satellite": "N", "daynight": "D", "scope": "world"}}, {"type": "Feature", "geometry": {"type": "Point", "coordinates": [140.612, -7.8469]}, "properties": {"layer": "fire", "frp": 31.66, "confidence": "n", "acq_date": "2026-09-30", "acq_time": "338", "satellite": "N", "daynight": "D", "scope": "world"}}, {"type": "Feature", "geometry": {"type": "Point", "coordinates": [140.6162, -7.8463]}, "properties": {"layer": "fire", "frp": 31.66, "confidence": "h", "acq_date": "2026-09-30", "acq_time": "338", "satellite": "N", "daynight": "D", "scope": "world"}}, {"type": "Feature", "geometry": {"type": "Point", "coordinates": [15.0273, -9.745]}, "properties": {"layer": "fire", "frp": 31.65, "confidence": "n", "acq_date": "2026-09-30", "acq_time": "1204", "satellite": "N", "daynight": "D", "scope": "world"}}, {"type": "Feature", "geometry": {"type": "Point", "coordinates": [15.0226, -9.7399]}, "properties": {"layer": "fire", "frp": 31.65, "confidence": "n", "acq_date": "2026-09-30", "acq_time": "1204", "satellite": "N", "daynight": "D", "scope": "world"}}, {"type": "Feature", "geometry": {"type": "Point", "coordinates": [15.0265, -9.7394]}, "properties": {"layer": "fire", "frp": 31.65, "confidence": "h", "acq_date": "2026-09-30", "acq_time": "1204", "satellite": "N", "daynight": "D", "scope": "world"}}, {"type": "Feature", "geometry": {"type": "Point", "coordinates": [126.8768, -3.5579]}, "properties": {"layer": "fire", "frp": 31.64, "confidence": "n", "acq_date": "2026-09-30", "acq_time": "521", "satellite": "N", "daynight": "D", "scope": "world"}}, {"type": "Feature", "geometry": {"type": "Point", "coordinates": [126.8806, -3.5573]}, "properties": {"layer": "fire", "frp": 31.64, "confidence": "n", "acq_date": "2026-09-30", "acq_time": "521", "satellite": "N", "daynight": "D", "scope": "world"}}, {"type": "Feature", "geometry": {"type": "Point", "coordinates": [148.447, -5.5095]}, "properties": {"layer": "fire", "frp": 31.63, "confidence": "n", "acq_date": "2026-09-30", "acq_time": "338", "satellite": "N", "daynight": "D", "scope": "world"}}, {"type": "Feature", "geometry": {"type": "Point", "coordinates": [14.54, -9.6457]}, "properties": {"layer": "fire", "frp": 31.63, "confidence": "h", "acq_date": "2026-09-30", "acq_time": "1204", "satellite": "N", "daynight": "D", "scope": "world"}}, {"type": "Feature", "geometry": {"type": "Point", "coordinates": [134.2514, -12.1089]}, "properties": {"layer": "fire", "frp": 31.57, "confidence": "n", "acq_date": "2026-09-30", "acq_time": "518", "satellite": "N", "daynight": "D", "scope": "world"}}, {"type": "Feature", "geometry": {"type": "Point", "coordinates": [37.1602, -7.5476]}, "properties": {"layer": "fire", "frp": 31.55, "confidence": "n", "acq_date": "2026-09-30", "acq_time": "1204", "satellite": "N", "daynight": "D", "scope": "world"}}, {"type": "Feature", "geometry": {"type": "Point", "coordinates": [48.0559, -18.2194]}, "properties": {"layer": "fire", "frp": 31.48, "confidence": "n", "acq_date": "2026-09-30", "acq_time": "1019", "satellite": "N", "daynight": "D", "scope": "world"}}, {"type": "Feature", "geometry": {"type": "Point", "coordinates": [148.6255, -9.1246]}, "properties": {"layer": "fire", "frp": 31.45, "confidence": "l", "acq_date": "2026-09-30", "acq_time": "338", "satellite": "N", "daynight": "D", "scope": "world"}}, {"type": "Feature", "geometry": {"type": "Point", "coordinates": [32.1965, -11.1272]}, "properties": {"layer": "fire", "frp": 31.37, "confidence": "n", "acq_date": "2026-09-30", "acq_time": "1204", "satellite": "N", "daynight": "D", "scope": "world"}}, {"type": "Feature", "geometry": {"type": "Point", "coordinates": [32.2011, -11.1264]}, "properties": {"layer": "fire", "frp": 31.37, "confidence": "n", "acq_date": "2026-09-30", "acq_time": "1204", "satellite": "N", "daynight": "D", "scope": "world"}}, {"type": "Feature", "geometry": {"type": "Point", "coordinates": [122.6693, -5.6692]}, "properties": {"layer": "fire", "frp": 31.25, "confidence": "n", "acq_date": "2026-09-30", "acq_time": "521", "satellite": "N", "daynight": "D", "scope": "world"}}, {"type": "Feature", "geometry": {"type": "Point", "coordinates": [116.7435, 0.7423]}, "properties": {"layer": "fire", "frp": 31.25, "confidence": "n", "acq_date": "2026-09-30", "acq_time": "523", "satellite": "N", "daynight": "D", "scope": "world"}}, {"type": "Feature", "geometry": {"type": "Point", "coordinates": [116.7485, 0.7431]}, "properties": {"layer": "fire", "frp": 31.25, "confidence": "n", "acq_date": "2026-09-30", "acq_time": "523", "satellite": "N", "daynight": "D", "scope": "world"}}, {"type": "Feature", "geometry": {"type": "Point", "coordinates": [30.6069, -9.3798]}, "properties": {"layer": "fire", "frp": 31.24, "confidence": "n", "acq_date": "2026-09-30", "acq_time": "1204", "satellite": "N", "daynight": "D", "scope": "world"}}, {"type": "Feature", "geometry": {"type": "Point", "coordinates": [30.6109, -9.3791]}, "properties": {"layer": "fire", "frp": 31.24, "confidence": "n", "acq_date": "2026-09-30", "acq_time": "1204", "satellite": "N", "daynight": "D", "scope": "world"}}, {"type": "Feature", "geometry": {"type": "Point", "coordinates": [14.1341, -11.965]}, "properties": {"layer": "fire", "frp": 31.19, "confidence": "n", "acq_date": "2026-09-30", "acq_time": "1204", "satellite": "N", "daynight": "D", "scope": "world"}}, {"type": "Feature", "geometry": {"type": "Point", "coordinates": [11.7673, -3.034]}, "properties": {"layer": "fire", "frp": 31.17, "confidence": "l", "acq_date": "2026-09-30", "acq_time": "1206", "satellite": "N", "daynight": "D", "scope": "world"}}, {"type": "Feature", "geometry": {"type": "Point", "coordinates": [11.7664, -3.0278]}, "properties": {"layer": "fire", "frp": 31.17, "confidence": "n", "acq_date": "2026-09-30", "acq_time": "1206", "satellite": "N", "daynight": "D", "scope": "world"}}, {"type": "Feature", "geometry": {"type": "Point", "coordinates": [34.9314, -5.779]}, "properties": {"layer": "fire", "frp": 31.15, "confidence": "h", "acq_date": "2026-09-30", "acq_time": "1204", "satellite": "N", "daynight": "D", "scope": "world"}}, {"type": "Feature", "geometry": {"type": "Point", "coordinates": [35.0461, -4.9474]}, "properties": {"layer": "fire", "frp": 31.11, "confidence": "h", "acq_date": "2026-09-30", "acq_time": "1206", "satellite": "N", "daynight": "D", "scope": "world"}}, {"type": "Feature", "geometry": {"type": "Point", "coordinates": [132.3229, -21.8685]}, "properties": {"layer": "fire", "frp": 31.04, "confidence": "n", "acq_date": "2026-09-30", "acq_time": "514", "satellite": "N", "daynight": "D", "scope": "world"}}, {"type": "Feature", "geometry": {"type": "Point", "coordinates": [33.7835, 3.4415]}, "properties": {"layer": "fire", "frp": 31.03, "confidence": "h", "acq_date": "2026-09-30", "acq_time": "1028", "satellite": "N", "daynight": "D", "scope": "world"}}, {"type": "Feature", "geometry": {"type": "Point", "coordinates": [48.737, -17.0164]}, "properties": {"layer": "fire", "frp": 30.97, "confidence": "n", "acq_date": "2026-09-30", "acq_time": "1019", "satellite": "N", "daynight": "D", "scope": "world"}}, {"type": "Feature", "geometry": {"type": "Point", "coordinates": [129.828, -20.6386]}, "properties": {"layer": "fire", "frp": 30.95, "confidence": "h", "acq_date": "2026-09-30", "acq_time": "516", "satellite": "N", "daynight": "D", "scope": "world"}}, {"type": "Feature", "geometry": {"type": "Point", "coordinates": [129.8274, -20.6353]}, "properties": {"layer": "fire", "frp": 30.95, "confidence": "n", "acq_date": "2026-09-30", "acq_time": "516", "satellite": "N", "daynight": "D", "scope": "world"}}, {"type": "Feature", "geometry": {"type": "Point", "coordinates": [129.8312, -20.6347]}, "properties": {"layer": "fire", "frp": 30.95, "confidence": "l", "acq_date": "2026-09-30", "acq_time": "516", "satellite": "N", "daynight": "D", "scope": "world"}}, {"type": "Feature", "geometry": {"type": "Point", "coordinates": [14.2576, -12.7929]}, "properties": {"layer": "fire", "frp": 30.95, "confidence": "n", "acq_date": "2026-09-30", "acq_time": "1344", "satellite": "N", "daynight": "D", "scope": "world"}}, {"type": "Feature", "geometry": {"type": "Point", "coordinates": [32.3633, -10.6656]}, "properties": {"layer": "fire", "frp": 30.93, "confidence": "n", "acq_date": "2026-09-30", "acq_time": "1204", "satellite": "N", "daynight": "D", "scope": "world"}}, {"type": "Feature", "geometry": {"type": "Point", "coordinates": [14.3473, -10.2054]}, "properties": {"layer": "fire", "frp": 30.93, "confidence": "h", "acq_date": "2026-09-30", "acq_time": "1204", "satellite": "N", "daynight": "D", "scope": "world"}}, {"type": "Feature", "geometry": {"type": "Point", "coordinates": [19.1956, -15.4259]}, "properties": {"layer": "fire", "frp": 30.92, "confidence": "n", "acq_date": "2026-09-30", "acq_time": "1202", "satellite": "N", "daynight": "D", "scope": "world"}}, {"type": "Feature", "geometry": {"type": "Point", "coordinates": [20.3218, -12.1573]}, "properties": {"layer": "fire", "frp": 30.92, "confidence": "n", "acq_date": "2026-09-30", "acq_time": "1204", "satellite": "N", "daynight": "D", "scope": "world"}}, {"type": "Feature", "geometry": {"type": "Point", "coordinates": [28.5718, -5.1836]}, "properties": {"layer": "fire", "frp": 30.92, "confidence": "n", "acq_date": "2026-09-30", "acq_time": "1206", "satellite": "N", "daynight": "D", "scope": "world"}}, {"type": "Feature", "geometry": {"type": "Point", "coordinates": [14.1063, -6.4956]}, "properties": {"layer": "fire", "frp": 30.79, "confidence": "n", "acq_date": "2026-09-30", "acq_time": "1206", "satellite": "N", "daynight": "D", "scope": "world"}}, {"type": "Feature", "geometry": {"type": "Point", "coordinates": [109.6826, 0.4767]}, "properties": {"layer": "fire", "frp": 30.77, "confidence": "h", "acq_date": "2026-09-30", "acq_time": "701", "satellite": "N", "daynight": "D", "scope": "world"}}, {"type": "Feature", "geometry": {"type": "Point", "coordinates": [14.7346, -10.2627]}, "properties": {"layer": "fire", "frp": 30.75, "confidence": "h", "acq_date": "2026-09-30", "acq_time": "1204", "satellite": "N", "daynight": "D", "scope": "world"}}, {"type": "Feature", "geometry": {"type": "Point", "coordinates": [14.7384, -10.2622]}, "properties": {"layer": "fire", "frp": 30.75, "confidence": "n", "acq_date": "2026-09-30", "acq_time": "1204", "satellite": "N", "daynight": "D", "scope": "world"}}, {"type": "Feature", "geometry": {"type": "Point", "coordinates": [20.3103, -12.2624]}, "properties": {"layer": "fire", "frp": 30.74, "confidence": "n", "acq_date": "2026-09-30", "acq_time": "1204", "satellite": "N", "daynight": "D", "scope": "world"}}, {"type": "Feature", "geometry": {"type": "Point", "coordinates": [32.8398, -9.7548]}, "properties": {"layer": "fire", "frp": 30.7, "confidence": "h", "acq_date": "2026-09-30", "acq_time": "1204", "satellite": "N", "daynight": "D", "scope": "world"}}, {"type": "Feature", "geometry": {"type": "Point", "coordinates": [37.4851, -3.0391]}, "properties": {"layer": "fire", "frp": 30.69, "confidence": "h", "acq_date": "2026-09-30", "acq_time": "1026", "satellite": "N", "daynight": "D", "scope": "world"}}, {"type": "Feature", "geometry": {"type": "Point", "coordinates": [37.4836, -3.033]}, "properties": {"layer": "fire", "frp": 30.69, "confidence": "h", "acq_date": "2026-09-30", "acq_time": "1026", "satellite": "N", "daynight": "D", "scope": "world"}}, {"type": "Feature", "geometry": {"type": "Point", "coordinates": [37.2398, -3.052]}, "properties": {"layer": "fire", "frp": 30.69, "confidence": "l", "acq_date": "2026-09-30", "acq_time": "1206", "satellite": "N", "daynight": "D", "scope": "world"}}, {"type": "Feature", "geometry": {"type": "Point", "coordinates": [37.2466, -3.0508]}, "properties": {"layer": "fire", "frp": 30.69, "confidence": "l", "acq_date": "2026-09-30", "acq_time": "1206", "satellite": "N", "daynight": "D", "scope": "world"}}, {"type": "Feature", "geometry": {"type": "Point", "coordinates": [37.2394, -3.0447]}, "properties": {"layer": "fire", "frp": 30.69, "confidence": "n", "acq_date": "2026-09-30", "acq_time": "1206", "satellite": "N", "daynight": "D", "scope": "world"}}, {"type": "Feature", "geometry": {"type": "Point", "coordinates": [37.2466, -3.0434]}, "properties": {"layer": "fire", "frp": 30.69, "confidence": "n", "acq_date": "2026-09-30", "acq_time": "1206", "satellite": "N", "daynight": "D", "scope": "world"}}, {"type": "Feature", "geometry": {"type": "Point", "coordinates": [104.0069, -4.2954]}, "properties": {"layer": "fire", "frp": 30.66, "confidence": "n", "acq_date": "2026-09-30", "acq_time": "701", "satellite": "N", "daynight": "D", "scope": "world"}}, {"type": "Feature", "geometry": {"type": "Point", "coordinates": [110.4275, -0.697]}, "properties": {"layer": "fire", "frp": 30.63, "confidence": "l", "acq_date": "2026-09-30", "acq_time": "523", "satellite": "N", "daynight": "D", "scope": "world"}}, {"type": "Feature", "geometry": {"type": "Point", "coordinates": [20.2813, -12.5015]}, "properties": {"layer": "fire", "frp": 30.6, "confidence": "n", "acq_date": "2026-09-30", "acq_time": "1204", "satellite": "N", "daynight": "D", "scope": "world"}}, {"type": "Feature", "geometry": {"type": "Point", "coordinates": [20.2809, -12.4974]}, "properties": {"layer": "fire", "frp": 30.6, "confidence": "n", "acq_date": "2026-09-30", "acq_time": "1204", "satellite": "N", "daynight": "D", "scope": "world"}}, {"type": "Feature", "geometry": {"type": "Point", "coordinates": [105.1589, -3.6911]}, "properties": {"layer": "fire", "frp": 30.58, "confidence": "n", "acq_date": "2026-09-30", "acq_time": "701", "satellite": "N", "daynight": "D", "scope": "world"}}, {"type": "Feature", "geometry": {"type": "Point", "coordinates": [15.563, -5.2812]}, "properties": {"layer": "fire", "frp": 30.55, "confidence": "l", "acq_date": "2026-09-30", "acq_time": "1206", "satellite": "N", "daynight": "D", "scope": "world"}}, {"type": "Feature", "geometry": {"type": "Point", "coordinates": [15.5659, -5.2808]}, "properties": {"layer": "fire", "frp": 30.55, "confidence": "l", "acq_date": "2026-09-30", "acq_time": "1206", "satellite": "N", "daynight": "D", "scope": "world"}}, {"type": "Feature", "geometry": {"type": "Point", "coordinates": [15.1868, -15.4941]}, "properties": {"layer": "fire", "frp": 30.54, "confidence": "h", "acq_date": "2026-09-30", "acq_time": "1204", "satellite": "N", "daynight": "D", "scope": "world"}}, {"type": "Feature", "geometry": {"type": "Point", "coordinates": [15.1912, -15.4936]}, "properties": {"layer": "fire", "frp": 30.54, "confidence": "n", "acq_date": "2026-09-30", "acq_time": "1204", "satellite": "N", "daynight": "D", "scope": "world"}}, {"type": "Feature", "geometry": {"type": "Point", "coordinates": [27.1075, -4.1287]}, "properties": {"layer": "fire", "frp": 30.54, "confidence": "n", "acq_date": "2026-09-30", "acq_time": "1206", "satellite": "N", "daynight": "D", "scope": "world"}}, {"type": "Feature", "geometry": {"type": "Point", "coordinates": [48.0552, -14.8949]}, "properties": {"layer": "fire", "frp": 30.53, "confidence": "l", "acq_date": "2026-09-30", "acq_time": "1021", "satellite": "N", "daynight": "D", "scope": "world"}}, {"type": "Feature", "geometry": {"type": "Point", "coordinates": [48.0596, -14.8943]}, "properties": {"layer": "fire", "frp": 30.53, "confidence": "l", "acq_date": "2026-09-30", "acq_time": "1021", "satellite": "N", "daynight": "D", "scope": "world"}}, {"type": "Feature", "geometry": {"type": "Point", "coordinates": [141.3625, -8.2119]}, "properties": {"layer": "fire", "frp": 30.51, "confidence": "n", "acq_date": "2026-09-30", "acq_time": "338", "satellite": "N", "daynight": "D", "scope": "world"}}, {"type": "Feature", "geometry": {"type": "Point", "coordinates": [-37.837, -8.029]}, "properties": {"layer": "fire", "frp": 30.51, "confidence": "h", "acq_date": "2026-09-30", "acq_time": "1529", "satellite": "N", "daynight": "D", "scope": "world"}}, {"type": "Feature", "geometry": {"type": "Point", "coordinates": [37.48, -3.0514]}, "properties": {"layer": "fire", "frp": 30.49, "confidence": "n", "acq_date": "2026-09-30", "acq_time": "1026", "satellite": "N", "daynight": "D", "scope": "world"}}, {"type": "Feature", "geometry": {"type": "Point", "coordinates": [119.9076, -1.5865]}, "properties": {"layer": "fire", "frp": 30.44, "confidence": "n", "acq_date": "2026-09-30", "acq_time": "521", "satellite": "N", "daynight": "D", "scope": "world"}}, {"type": "Feature", "geometry": {"type": "Point", "coordinates": [37.4777, -2.9649]}, "properties": {"layer": "fire", "frp": 30.43, "confidence": "h", "acq_date": "2026-09-30", "acq_time": "1026", "satellite": "N", "daynight": "D", "scope": "world"}}, {"type": "Feature", "geometry": {"type": "Point", "coordinates": [18.1693, -14.6686]}, "properties": {"layer": "fire", "frp": 30.43, "confidence": "n", "acq_date": "2026-09-30", "acq_time": "1204", "satellite": "N", "daynight": "D", "scope": "world"}}, {"type": "Feature", "geometry": {"type": "Point", "coordinates": [144.5449, -15.564]}, "properties": {"layer": "fire", "frp": 30.41, "confidence": "h", "acq_date": "2026-09-30", "acq_time": "336", "satellite": "N", "daynight": "D", "scope": "world"}}, {"type": "Feature", "geometry": {"type": "Point", "coordinates": [144.5479, -15.5636]}, "properties": {"layer": "fire", "frp": 30.41, "confidence": "h", "acq_date": "2026-09-30", "acq_time": "336", "satellite": "N", "daynight": "D", "scope": "world"}}, {"type": "Feature", "geometry": {"type": "Point", "coordinates": [37.2253, -2.9966]}, "properties": {"layer": "fire", "frp": 30.39, "confidence": "h", "acq_date": "2026-09-30", "acq_time": "1026", "satellite": "N", "daynight": "D", "scope": "world"}}, {"type": "Feature", "geometry": {"type": "Point", "coordinates": [37.2201, -3.0593]}, "properties": {"layer": "fire", "frp": 30.38, "confidence": "l", "acq_date": "2026-09-30", "acq_time": "1026", "satellite": "N", "daynight": "D", "scope": "world"}}, {"type": "Feature", "geometry": {"type": "Point", "coordinates": [140.0033, -7.8038]}, "properties": {"layer": "fire", "frp": 30.37, "confidence": "h", "acq_date": "2026-09-30", "acq_time": "338", "satellite": "N", "daynight": "D", "scope": "world"}}, {"type": "Feature", "geometry": {"type": "Point", "coordinates": [140.0081, -7.8032]}, "properties": {"layer": "fire", "frp": 30.37, "confidence": "n", "acq_date": "2026-09-30", "acq_time": "338", "satellite": "N", "daynight": "D", "scope": "world"}}, {"type": "Feature", "geometry": {"type": "Point", "coordinates": [28.3514, -11.6049]}, "properties": {"layer": "fire", "frp": 30.37, "confidence": "n", "acq_date": "2026-09-30", "acq_time": "1204", "satellite": "N", "daynight": "D", "scope": "world"}}, {"type": "Feature", "geometry": {"type": "Point", "coordinates": [30.0822, -10.5417]}, "properties": {"layer": "fire", "frp": 30.37, "confidence": "n", "acq_date": "2026-09-30", "acq_time": "1204", "satellite": "N", "daynight": "D", "scope": "world"}}, {"type": "Feature", "geometry": {"type": "Point", "coordinates": [30.0857, -10.5411]}, "properties": {"layer": "fire", "frp": 30.37, "confidence": "h", "acq_date": "2026-09-30", "acq_time": "1204", "satellite": "N", "daynight": "D", "scope": "world"}}, {"type": "Feature", "geometry": {"type": "Point", "coordinates": [110.515, -1.3364]}, "properties": {"layer": "fire", "frp": 30.33, "confidence": "n", "acq_date": "2026-09-30", "acq_time": "701", "satellite": "N", "daynight": "D", "scope": "world"}}, {"type": "Feature", "geometry": {"type": "Point", "coordinates": [110.5197, -1.3357]}, "properties": {"layer": "fire", "frp": 30.33, "confidence": "n", "acq_date": "2026-09-30", "acq_time": "701", "satellite": "N", "daynight": "D", "scope": "world"}}, {"type": "Feature", "geometry": {"type": "Point", "coordinates": [38.399, 37.714]}, "properties": {"layer": "fire", "frp": 30.32, "confidence": "n", "acq_date": "2026-09-30", "acq_time": "1036", "satellite": "N", "daynight": "D", "scope": "world"}}, {"type": "Feature", "geometry": {"type": "Point", "coordinates": [32.2161, -9.6365]}, "properties": {"layer": "fire", "frp": 30.3, "confidence": "h", "acq_date": "2026-09-30", "acq_time": "1204", "satellite": "N", "daynight": "D", "scope": "world"}}, {"type": "Feature", "geometry": {"type": "Point", "coordinates": [25.4955, -14.2294]}, "properties": {"layer": "fire", "frp": 30.28, "confidence": "n", "acq_date": "2026-09-30", "acq_time": "1204", "satellite": "N", "daynight": "D", "scope": "world"}}, {"type": "Feature", "geometry": {"type": "Point", "coordinates": [25.4991, -14.2288]}, "properties": {"layer": "fire", "frp": 30.28, "confidence": "n", "acq_date": "2026-09-30", "acq_time": "1204", "satellite": "N", "daynight": "D", "scope": "world"}}, {"type": "Feature", "geometry": {"type": "Point", "coordinates": [30.5576, -9.3329]}, "properties": {"layer": "fire", "frp": 30.26, "confidence": "n", "acq_date": "2026-09-30", "acq_time": "1204", "satellite": "N", "daynight": "D", "scope": "world"}}, {"type": "Feature", "geometry": {"type": "Point", "coordinates": [30.5615, -9.3322]}, "properties": {"layer": "fire", "frp": 30.26, "confidence": "n", "acq_date": "2026-09-30", "acq_time": "1204", "satellite": "N", "daynight": "D", "scope": "world"}}, {"type": "Feature", "geometry": {"type": "Point", "coordinates": [110.7442, -1.174]}, "properties": {"layer": "fire", "frp": 30.23, "confidence": "n", "acq_date": "2026-09-30", "acq_time": "523", "satellite": "N", "daynight": "D", "scope": "world"}}, {"type": "Feature", "geometry": {"type": "Point", "coordinates": [131.5683, 60.1811]}, "properties": {"layer": "fire", "frp": 30.19, "confidence": "n", "acq_date": "2026-09-30", "acq_time": "538", "satellite": "N", "daynight": "D", "scope": "world"}}, {"type": "Feature", "geometry": {"type": "Point", "coordinates": [131.5547, 60.1818]}, "properties": {"layer": "fire", "frp": 30.19, "confidence": "n", "acq_date": "2026-09-30", "acq_time": "538", "satellite": "N", "daynight": "D", "scope": "world"}}, {"type": "Feature", "geometry": {"type": "Point", "coordinates": [37.6539, -8.348]}, "properties": {"layer": "fire", "frp": 30.19, "confidence": "h", "acq_date": "2026-09-30", "acq_time": "1024", "satellite": "N", "daynight": "D", "scope": "world"}}, {"type": "Feature", "geometry": {"type": "Point", "coordinates": [122.6494, -4.8873]}, "properties": {"layer": "fire", "frp": 30.16, "confidence": "n", "acq_date": "2026-09-30", "acq_time": "521", "satellite": "N", "daynight": "D", "scope": "world"}}, {"type": "Feature", "geometry": {"type": "Point", "coordinates": [37.6512, -8.3497]}, "properties": {"layer": "fire", "frp": 30.15, "confidence": "h", "acq_date": "2026-09-30", "acq_time": "1024", "satellite": "N", "daynight": "D", "scope": "world"}}, {"type": "Feature", "geometry": {"type": "Point", "coordinates": [16.4404, -8.7055]}, "properties": {"layer": "fire", "frp": 30.13, "confidence": "n", "acq_date": "2026-09-30", "acq_time": "1204", "satellite": "N", "daynight": "D", "scope": "world"}}, {"type": "Feature", "geometry": {"type": "Point", "coordinates": [120.4097, -1.1107]}, "properties": {"layer": "fire", "frp": 30.09, "confidence": "n", "acq_date": "2026-09-30", "acq_time": "521", "satellite": "N", "daynight": "D", "scope": "world"}}, {"type": "Feature", "geometry": {"type": "Point", "coordinates": [37.3836, -16.179]}, "properties": {"layer": "fire", "frp": 30.06, "confidence": "h", "acq_date": "2026-09-30", "acq_time": "1202", "satellite": "N", "daynight": "D", "scope": "world"}}, {"type": "Feature", "geometry": {"type": "Point", "coordinates": [141.3072, -8.2736]}, "properties": {"layer": "fire", "frp": 30.05, "confidence": "n", "acq_date": "2026-09-30", "acq_time": "338", "satellite": "N", "daynight": "D", "scope": "world"}}, {"type": "Feature", "geometry": {"type": "Point", "coordinates": [117.0677, -1.0864]}, "properties": {"layer": "fire", "frp": 30.05, "confidence": "n", "acq_date": "2026-09-30", "acq_time": "523", "satellite": "N", "daynight": "D", "scope": "world"}}, {"type": "Feature", "geometry": {"type": "Point", "coordinates": [15.1783, -15.1455]}, "properties": {"layer": "fire", "frp": 30.04, "confidence": "h", "acq_date": "2026-09-30", "acq_time": "1204", "satellite": "N", "daynight": "D", "scope": "world"}}, {"type": "Feature", "geometry": {"type": "Point", "coordinates": [15.0225, -9.7421]}, "properties": {"layer": "fire", "frp": 30.04, "confidence": "n", "acq_date": "2026-09-30", "acq_time": "1204", "satellite": "N", "daynight": "D", "scope": "world"}}, {"type": "Feature", "geometry": {"type": "Point", "coordinates": [15.0264, -9.7416]}, "properties": {"layer": "fire", "frp": 30.04, "confidence": "h", "acq_date": "2026-09-30", "acq_time": "1204", "satellite": "N", "daynight": "D", "scope": "world"}}, {"type": "Feature", "geometry": {"type": "Point", "coordinates": [15.0218, -9.7365]}, "properties": {"layer": "fire", "frp": 30.04, "confidence": "h", "acq_date": "2026-09-30", "acq_time": "1204", "satellite": "N", "daynight": "D", "scope": "world"}}, {"type": "Feature", "geometry": {"type": "Point", "coordinates": [15.0257, -9.736]}, "properties": {"layer": "fire", "frp": 30.04, "confidence": "h", "acq_date": "2026-09-30", "acq_time": "1204", "satellite": "N", "daynight": "D", "scope": "world"}}, {"type": "Feature", "geometry": {"type": "Point", "coordinates": [21.1245, -14.1945]}, "properties": {"layer": "fire", "frp": 30.02, "confidence": "n", "acq_date": "2026-09-30", "acq_time": "1204", "satellite": "N", "daynight": "D", "scope": "world"}}, {"type": "Feature", "geometry": {"type": "Point", "coordinates": [129.8307, -20.6106]}, "properties": {"layer": "fire", "frp": 29.99, "confidence": "n", "acq_date": "2026-09-30", "acq_time": "516", "satellite": "N", "daynight": "D", "scope": "world"}}, {"type": "Feature", "geometry": {"type": "Point", "coordinates": [129.8301, -20.6073]}, "properties": {"layer": "fire", "frp": 29.99, "confidence": "l", "acq_date": "2026-09-30", "acq_time": "516", "satellite": "N", "daynight": "D", "scope": "world"}}, {"type": "Feature", "geometry": {"type": "Point", "coordinates": [22.7794, -19.1087]}, "properties": {"layer": "fire", "frp": 29.98, "confidence": "n", "acq_date": "2026-09-30", "acq_time": "1202", "satellite": "N", "daynight": "D", "scope": "world"}}, {"type": "Feature", "geometry": {"type": "Point", "coordinates": [32.2513, -11.0382]}, "properties": {"layer": "fire", "frp": 29.96, "confidence": "n", "acq_date": "2026-09-30", "acq_time": "1204", "satellite": "N", "daynight": "D", "scope": "world"}}, {"type": "Feature", "geometry": {"type": "Point", "coordinates": [53.1472, 25.5308]}, "properties": {"layer": "fire", "frp": 29.95, "confidence": "h", "acq_date": "2026-09-30", "acq_time": "852", "satellite": "N", "daynight": "D", "scope": "world"}}, {"type": "Feature", "geometry": {"type": "Point", "coordinates": [30.784, -9.5365]}, "properties": {"layer": "fire", "frp": 29.95, "confidence": "n", "acq_date": "2026-09-30", "acq_time": "1204", "satellite": "N", "daynight": "D", "scope": "world"}}, {"type": "Feature", "geometry": {"type": "Point", "coordinates": [30.7881, -9.5358]}, "properties": {"layer": "fire", "frp": 29.95, "confidence": "h", "acq_date": "2026-09-30", "acq_time": "1204", "satellite": "N", "daynight": "D", "scope": "world"}}, {"type": "Feature", "geometry": {"type": "Point", "coordinates": [30.7832, -9.5323]}, "properties": {"layer": "fire", "frp": 29.95, "confidence": "n", "acq_date": "2026-09-30", "acq_time": "1204", "satellite": "N", "daynight": "D", "scope": "world"}}, {"type": "Feature", "geometry": {"type": "Point", "coordinates": [30.7873, -9.5316]}, "properties": {"layer": "fire", "frp": 29.95, "confidence": "n", "acq_date": "2026-09-30", "acq_time": "1204", "satellite": "N", "daynight": "D", "scope": "world"}}, {"type": "Feature", "geometry": {"type": "Point", "coordinates": [18.1782, -16.4326]}, "properties": {"layer": "fire", "frp": 29.91, "confidence": "n", "acq_date": "2026-09-30", "acq_time": "1202", "satellite": "N", "daynight": "D", "scope": "world"}}, {"type": "Feature", "geometry": {"type": "Point", "coordinates": [18.184, -16.4319]}, "properties": {"layer": "fire", "frp": 29.91, "confidence": "h", "acq_date": "2026-09-30", "acq_time": "1202", "satellite": "N", "daynight": "D", "scope": "world"}}, {"type": "Feature", "geometry": {"type": "Point", "coordinates": [25.2263, -15.2454]}, "properties": {"layer": "fire", "frp": 29.88, "confidence": "n", "acq_date": "2026-09-30", "acq_time": "1202", "satellite": "N", "daynight": "D", "scope": "world"}}, {"type": "Feature", "geometry": {"type": "Point", "coordinates": [31.094, -10.1049]}, "properties": {"layer": "fire", "frp": 29.85, "confidence": "h", "acq_date": "2026-09-30", "acq_time": "1204", "satellite": "N", "daynight": "D", "scope": "world"}}, {"type": "Feature", "geometry": {"type": "Point", "coordinates": [31.0982, -10.1042]}, "properties": {"layer": "fire", "frp": 29.85, "confidence": "n", "acq_date": "2026-09-30", "acq_time": "1204", "satellite": "N", "daynight": "D", "scope": "world"}}, {"type": "Feature", "geometry": {"type": "Point", "coordinates": [30.1193, -10.3979]}, "properties": {"layer": "fire", "frp": 29.83, "confidence": "n", "acq_date": "2026-09-30", "acq_time": "1204", "satellite": "N", "daynight": "D", "scope": "world"}}, {"type": "Feature", "geometry": {"type": "Point", "coordinates": [30.1185, -10.3939]}, "properties": {"layer": "fire", "frp": 29.83, "confidence": "n", "acq_date": "2026-09-30", "acq_time": "1204", "satellite": "N", "daynight": "D", "scope": "world"}}, {"type": "Feature", "geometry": {"type": "Point", "coordinates": [48.7327, -17.017]}, "properties": {"layer": "fire", "frp": 29.78, "confidence": "n", "acq_date": "2026-09-30", "acq_time": "1019", "satellite": "N", "daynight": "D", "scope": "world"}}, {"type": "Feature", "geometry": {"type": "Point", "coordinates": [14.5035, -7.7346]}, "properties": {"layer": "fire", "frp": 29.68, "confidence": "l", "acq_date": "2026-09-30", "acq_time": "1206", "satellite": "N", "daynight": "D", "scope": "world"}}, {"type": "Feature", "geometry": {"type": "Point", "coordinates": [141.2019, -8.2928]}, "properties": {"layer": "fire", "frp": 29.65, "confidence": "n", "acq_date": "2026-09-30", "acq_time": "338", "satellite": "N", "daynight": "D", "scope": "world"}}, {"type": "Feature", "geometry": {"type": "Point", "coordinates": [141.2058, -8.2923]}, "properties": {"layer": "fire", "frp": 29.65, "confidence": "n", "acq_date": "2026-09-30", "acq_time": "338", "satellite": "N", "daynight": "D", "scope": "world"}}, {"type": "Feature", "geometry": {"type": "Point", "coordinates": [141.2011, -8.2871]}, "properties": {"layer": "fire", "frp": 29.65, "confidence": "n", "acq_date": "2026-09-30", "acq_time": "338", "satellite": "N", "daynight": "D", "scope": "world"}}, {"type": "Feature", "geometry": {"type": "Point", "coordinates": [141.2051, -8.2866]}, "properties": {"layer": "fire", "frp": 29.65, "confidence": "h", "acq_date": "2026-09-30", "acq_time": "338", "satellite": "N", "daynight": "D", "scope": "world"}}, {"type": "Feature", "geometry": {"type": "Point", "coordinates": [48.7321, -17.0134]}, "properties": {"layer": "fire", "frp": 29.65, "confidence": "n", "acq_date": "2026-09-30", "acq_time": "1019", "satellite": "N", "daynight": "D", "scope": "world"}}, {"type": "Feature", "geometry": {"type": "Point", "coordinates": [133.3858, -22.0573]}, "properties": {"layer": "fire", "frp": 29.61, "confidence": "n", "acq_date": "2026-09-30", "acq_time": "514", "satellite": "N", "daynight": "D", "scope": "world"}}, {"type": "Feature", "geometry": {"type": "Point", "coordinates": [133.385, -22.0536]}, "properties": {"layer": "fire", "frp": 29.61, "confidence": "l", "acq_date": "2026-09-30", "acq_time": "514", "satellite": "N", "daynight": "D", "scope": "world"}}, {"type": "Feature", "geometry": {"type": "Point", "coordinates": [121.1883, -1.584]}, "properties": {"layer": "fire", "frp": 29.59, "confidence": "n", "acq_date": "2026-09-30", "acq_time": "521", "satellite": "N", "daynight": "D", "scope": "world"}}, {"type": "Feature", "geometry": {"type": "Point", "coordinates": [121.1878, -1.5804]}, "properties": {"layer": "fire", "frp": 29.59, "confidence": "n", "acq_date": "2026-09-30", "acq_time": "521", "satellite": "N", "daynight": "D", "scope": "world"}}, {"type": "Feature", "geometry": {"type": "Point", "coordinates": [114.8923, -0.519]}, "properties": {"layer": "fire", "frp": 29.58, "confidence": "n", "acq_date": "2026-09-30", "acq_time": "523", "satellite": "N", "daynight": "D", "scope": "world"}}, {"type": "Feature", "geometry": {"type": "Point", "coordinates": [114.8958, -0.5184]}, "properties": {"layer": "fire", "frp": 29.58, "confidence": "h", "acq_date": "2026-09-30", "acq_time": "523", "satellite": "N", "daynight": "D", "scope": "world"}}, {"type": "Feature", "geometry": {"type": "Point", "coordinates": [138.4594, -7.5147]}, "properties": {"layer": "fire", "frp": 29.55, "confidence": "n", "acq_date": "2026-09-30", "acq_time": "518", "satellite": "N", "daynight": "D", "scope": "world"}}, {"type": "Feature", "geometry": {"type": "Point", "coordinates": [28.2519, -4.4959]}, "properties": {"layer": "fire", "frp": 29.54, "confidence": "n", "acq_date": "2026-09-30", "acq_time": "1206", "satellite": "N", "daynight": "D", "scope": "world"}}, {"type": "Feature", "geometry": {"type": "Point", "coordinates": [39.6116, -9.7017]}, "properties": {"layer": "fire", "frp": 29.5, "confidence": "n", "acq_date": "2026-09-30", "acq_time": "1024", "satellite": "N", "daynight": "D", "scope": "world"}}, {"type": "Feature", "geometry": {"type": "Point", "coordinates": [39.6158, -9.7012]}, "properties": {"layer": "fire", "frp": 29.5, "confidence": "n", "acq_date": "2026-09-30", "acq_time": "1024", "satellite": "N", "daynight": "D", "scope": "world"}}, {"type": "Feature", "geometry": {"type": "Point", "coordinates": [141.0212, -7.585]}, "properties": {"layer": "fire", "frp": 29.48, "confidence": "n", "acq_date": "2026-09-30", "acq_time": "338", "satellite": "N", "daynight": "D", "scope": "world"}}, {"type": "Feature", "geometry": {"type": "Point", "coordinates": [141.0165, -7.5798]}, "properties": {"layer": "fire", "frp": 29.48, "confidence": "n", "acq_date": "2026-09-30", "acq_time": "338", "satellite": "N", "daynight": "D", "scope": "world"}}, {"type": "Feature", "geometry": {"type": "Point", "coordinates": [141.0205, -7.5793]}, "properties": {"layer": "fire", "frp": 29.48, "confidence": "n", "acq_date": "2026-09-30", "acq_time": "338", "satellite": "N", "daynight": "D", "scope": "world"}}, {"type": "Feature", "geometry": {"type": "Point", "coordinates": [36.4513, -14.3531]}, "properties": {"layer": "fire", "frp": 29.48, "confidence": "n", "acq_date": "2026-09-30", "acq_time": "1202", "satellite": "N", "daynight": "D", "scope": "world"}}, {"type": "Feature", "geometry": {"type": "Point", "coordinates": [38.9387, -14.4568]}, "properties": {"layer": "fire", "frp": 29.47, "confidence": "h", "acq_date": "2026-09-30", "acq_time": "1202", "satellite": "N", "daynight": "D", "scope": "world"}}, {"type": "Feature", "geometry": {"type": "Point", "coordinates": [130.0962, -1.8276]}, "properties": {"layer": "fire", "frp": 29.46, "confidence": "n", "acq_date": "2026-09-30", "acq_time": "521", "satellite": "N", "daynight": "D", "scope": "world"}}, {"type": "Feature", "geometry": {"type": "Point", "coordinates": [37.2745, -2.9479]}, "properties": {"layer": "fire", "frp": 29.46, "confidence": "n", "acq_date": "2026-09-30", "acq_time": "1206", "satellite": "N", "daynight": "D", "scope": "world"}}, {"type": "Feature", "geometry": {"type": "Point", "coordinates": [130.7142, -11.5263]}, "properties": {"layer": "fire", "frp": 29.44, "confidence": "n", "acq_date": "2026-09-30", "acq_time": "518", "satellite": "N", "daynight": "D", "scope": "world"}}, {"type": "Feature", "geometry": {"type": "Point", "coordinates": [130.7189, -11.5255]}, "properties": {"layer": "fire", "frp": 29.44, "confidence": "n", "acq_date": "2026-09-30", "acq_time": "518", "satellite": "N", "daynight": "D", "scope": "world"}}, {"type": "Feature", "geometry": {"type": "Point", "coordinates": [116.657, 0.4609]}, "properties": {"layer": "fire", "frp": 29.41, "confidence": "n", "acq_date": "2026-09-30", "acq_time": "523", "satellite": "N", "daynight": "D", "scope": "world"}}, {"type": "Feature", "geometry": {"type": "Point", "coordinates": [134.2925, -15.9201]}, "properties": {"layer": "fire", "frp": 29.38, "confidence": "n", "acq_date": "2026-09-30", "acq_time": "516", "satellite": "N", "daynight": "D", "scope": "world"}}, {"type": "Feature", "geometry": {"type": "Point", "coordinates": [134.2916, -15.9157]}, "properties": {"layer": "fire", "frp": 29.38, "confidence": "n", "acq_date": "2026-09-30", "acq_time": "516", "satellite": "N", "daynight": "D", "scope": "world"}}, {"type": "Feature", "geometry": {"type": "Point", "coordinates": [48.8831, -14.4091]}, "properties": {"layer": "fire", "frp": 29.28, "confidence": "n", "acq_date": "2026-09-30", "acq_time": "1021", "satellite": "N", "daynight": "D", "scope": "world"}}, {"type": "Feature", "geometry": {"type": "Point", "coordinates": [20.2772, -12.4979]}, "properties": {"layer": "fire", "frp": 29.28, "confidence": "n", "acq_date": "2026-09-30", "acq_time": "1204", "satellite": "N", "daynight": "D", "scope": "world"}}, {"type": "Feature", "geometry": {"type": "Point", "coordinates": [30.7796, -8.8578]}, "properties": {"layer": "fire", "frp": 29.28, "confidence": "n", "acq_date": "2026-09-30", "acq_time": "1204", "satellite": "N", "daynight": "D", "scope": "world"}}, {"type": "Feature", "geometry": {"type": "Point", "coordinates": [30.7838, -8.8571]}, "properties": {"layer": "fire", "frp": 29.28, "confidence": "n", "acq_date": "2026-09-30", "acq_time": "1204", "satellite": "N", "daynight": "D", "scope": "world"}}, {"type": "Feature", "geometry": {"type": "Point", "coordinates": [104.5737, -3.0849]}, "properties": {"layer": "fire", "frp": 29.27, "confidence": "n", "acq_date": "2026-09-30", "acq_time": "701", "satellite": "N", "daynight": "D", "scope": "world"}}, {"type": "Feature", "geometry": {"type": "Point", "coordinates": [14.8246, -9.8966]}, "properties": {"layer": "fire", "frp": 29.27, "confidence": "h", "acq_date": "2026-09-30", "acq_time": "1204", "satellite": "N", "daynight": "D", "scope": "world"}}, {"type": "Feature", "geometry": {"type": "Point", "coordinates": [37.2214, -3.0627]}, "properties": {"layer": "fire", "frp": 29.27, "confidence": "n", "acq_date": "2026-09-30", "acq_time": "1206", "satellite": "N", "daynight": "D", "scope": "world"}}, {"type": "Feature", "geometry": {"type": "Point", "coordinates": [110.4582, -0.8841]}, "properties": {"layer": "fire", "frp": 29.25, "confidence": "h", "acq_date": "2026-09-30", "acq_time": "701", "satellite": "N", "daynight": "D", "scope": "world"}}, {"type": "Feature", "geometry": {"type": "Point", "coordinates": [15.4814, -8.9367]}, "properties": {"layer": "fire", "frp": 29.24, "confidence": "h", "acq_date": "2026-09-30", "acq_time": "1204", "satellite": "N", "daynight": "D", "scope": "world"}}, {"type": "Feature", "geometry": {"type": "Point", "coordinates": [15.4808, -8.9313]}, "properties": {"layer": "fire", "frp": 29.24, "confidence": "h", "acq_date": "2026-09-30", "acq_time": "1204", "satellite": "N", "daynight": "D", "scope": "world"}}, {"type": "Feature", "geometry": {"type": "Point", "coordinates": [15.4843, -8.9308]}, "properties": {"layer": "fire", "frp": 29.24, "confidence": "n", "acq_date": "2026-09-30", "acq_time": "1204", "satellite": "N", "daynight": "D", "scope": "world"}}, {"type": "Feature", "geometry": {"type": "Point", "coordinates": [-43.8147, -13.4315]}, "properties": {"layer": "fire", "frp": 29.23, "confidence": "n", "acq_date": "2026-09-30", "acq_time": "434", "satellite": "N", "daynight": "N", "scope": "world"}}, {"type": "Feature", "geometry": {"type": "Point", "coordinates": [-43.8101, -13.4286]}, "properties": {"layer": "fire", "frp": 29.23, "confidence": "n", "acq_date": "2026-09-30", "acq_time": "434", "satellite": "N", "daynight": "N", "scope": "world"}}, {"type": "Feature", "geometry": {"type": "Point", "coordinates": [-43.8141, -13.428]}, "properties": {"layer": "fire", "frp": 29.23, "confidence": "n", "acq_date": "2026-09-30", "acq_time": "434", "satellite": "N", "daynight": "N", "scope": "world"}}, {"type": "Feature", "geometry": {"type": "Point", "coordinates": [53.1487, 25.5347]}, "properties": {"layer": "fire", "frp": 29.21, "confidence": "h", "acq_date": "2026-09-30", "acq_time": "852", "satellite": "N", "daynight": "D", "scope": "world"}}, {"type": "Feature", "geometry": {"type": "Point", "coordinates": [117.0671, -1.0817]}, "properties": {"layer": "fire", "frp": 29.16, "confidence": "n", "acq_date": "2026-09-30", "acq_time": "523", "satellite": "N", "daynight": "D", "scope": "world"}}, {"type": "Feature", "geometry": {"type": "Point", "coordinates": [117.072, -1.081]}, "properties": {"layer": "fire", "frp": 29.16, "confidence": "n", "acq_date": "2026-09-30", "acq_time": "523", "satellite": "N", "daynight": "D", "scope": "world"}}, {"type": "Feature", "geometry": {"type": "Point", "coordinates": [117.0663, -1.077]}, "properties": {"layer": "fire", "frp": 29.16, "confidence": "n", "acq_date": "2026-09-30", "acq_time": "523", "satellite": "N", "daynight": "D", "scope": "world"}}, {"type": "Feature", "geometry": {"type": "Point", "coordinates": [29.8724, -9.2877]}, "properties": {"layer": "fire", "frp": 29.14, "confidence": "n", "acq_date": "2026-09-30", "acq_time": "1204", "satellite": "N", "daynight": "D", "scope": "world"}}, {"type": "Feature", "geometry": {"type": "Point", "coordinates": [129.7709, -20.6202]}, "properties": {"layer": "fire", "frp": 29.12, "confidence": "n", "acq_date": "2026-09-30", "acq_time": "516", "satellite": "N", "daynight": "D", "scope": "world"}}, {"type": "Feature", "geometry": {"type": "Point", "coordinates": [129.7703, -20.6168]}, "properties": {"layer": "fire", "frp": 29.12, "confidence": "n", "acq_date": "2026-09-30", "acq_time": "516", "satellite": "N", "daynight": "D", "scope": "world"}}, {"type": "Feature", "geometry": {"type": "Point", "coordinates": [49.5794, 28.3018]}, "properties": {"layer": "fire", "frp": 29.1, "confidence": "n", "acq_date": "2026-09-30", "acq_time": "1034", "satellite": "N", "daynight": "D", "scope": "world"}}, {"type": "Feature", "geometry": {"type": "Point", "coordinates": [39.5988, 37.6286]}, "properties": {"layer": "fire", "frp": 29.08, "confidence": "n", "acq_date": "2026-09-30", "acq_time": "1036", "satellite": "N", "daynight": "D", "scope": "world"}}, {"type": "Feature", "geometry": {"type": "Point", "coordinates": [39.6032, 37.6292]}, "properties": {"layer": "fire", "frp": 29.08, "confidence": "h", "acq_date": "2026-09-30", "acq_time": "1036", "satellite": "N", "daynight": "D", "scope": "world"}}, {"type": "Feature", "geometry": {"type": "Point", "coordinates": [39.5981, 37.6319]}, "properties": {"layer": "fire", "frp": 29.08, "confidence": "n", "acq_date": "2026-09-30", "acq_time": "1036", "satellite": "N", "daynight": "D", "scope": "world"}}, {"type": "Feature", "geometry": {"type": "Point", "coordinates": [106.1568, 22.6746]}, "properties": {"layer": "fire", "frp": 29.01, "confidence": "n", "acq_date": "2026-09-30", "acq_time": "707", "satellite": "N", "daynight": "D", "scope": "world"}}, {"type": "Feature", "geometry": {"type": "Point", "coordinates": [16.3906, -15.7523]}, "properties": {"layer": "fire", "frp": 28.95, "confidence": "n", "acq_date": "2026-09-30", "acq_time": "1202", "satellite": "N", "daynight": "D", "scope": "world"}}, {"type": "Feature", "geometry": {"type": "Point", "coordinates": [16.3943, -15.752]}, "properties": {"layer": "fire", "frp": 28.95, "confidence": "n", "acq_date": "2026-09-30", "acq_time": "1202", "satellite": "N", "daynight": "D", "scope": "world"}}, {"type": "Feature", "geometry": {"type": "Point", "coordinates": [16.39, -15.7468]}, "properties": {"layer": "fire", "frp": 28.95, "confidence": "h", "acq_date": "2026-09-30", "acq_time": "1202", "satellite": "N", "daynight": "D", "scope": "world"}}, {"type": "Feature", "geometry": {"type": "Point", "coordinates": [16.3937, -15.7464]}, "properties": {"layer": "fire", "frp": 28.95, "confidence": "n", "acq_date": "2026-09-30", "acq_time": "1202", "satellite": "N", "daynight": "D", "scope": "world"}}, {"type": "Feature", "geometry": {"type": "Point", "coordinates": [18.3987, -14.7124]}, "properties": {"layer": "fire", "frp": 28.95, "confidence": "n", "acq_date": "2026-09-30", "acq_time": "1204", "satellite": "N", "daynight": "D", "scope": "world"}}, {"type": "Feature", "geometry": {"type": "Point", "coordinates": [32.4304, -10.9005]}, "properties": {"layer": "fire", "frp": 28.94, "confidence": "n", "acq_date": "2026-09-30", "acq_time": "1204", "satellite": "N", "daynight": "D", "scope": "world"}}, {"type": "Feature", "geometry": {"type": "Point", "coordinates": [32.4355, -10.8996]}, "properties": {"layer": "fire", "frp": 28.94, "confidence": "n", "acq_date": "2026-09-30", "acq_time": "1204", "satellite": "N", "daynight": "D", "scope": "world"}}, {"type": "Feature", "geometry": {"type": "Point", "coordinates": [32.4297, -10.8958]}, "properties": {"layer": "fire", "frp": 28.94, "confidence": "n", "acq_date": "2026-09-30", "acq_time": "1204", "satellite": "N", "daynight": "D", "scope": "world"}}, {"type": "Feature", "geometry": {"type": "Point", "coordinates": [32.4347, -10.8949]}, "properties": {"layer": "fire", "frp": 28.94, "confidence": "n", "acq_date": "2026-09-30", "acq_time": "1204", "satellite": "N", "daynight": "D", "scope": "world"}}, {"type": "Feature", "geometry": {"type": "Point", "coordinates": [65.6309, 52.8789]}, "properties": {"layer": "fire", "frp": 28.89, "confidence": "n", "acq_date": "2026-09-30", "acq_time": "858", "satellite": "N", "daynight": "D", "scope": "world"}}, {"type": "Feature", "geometry": {"type": "Point", "coordinates": [29.2828, -8.6511]}, "properties": {"layer": "fire", "frp": 28.88, "confidence": "n", "acq_date": "2026-09-30", "acq_time": "1204", "satellite": "N", "daynight": "D", "scope": "world"}}, {"type": "Feature", "geometry": {"type": "Point", "coordinates": [14.2443, -5.5938]}, "properties": {"layer": "fire", "frp": 28.88, "confidence": "h", "acq_date": "2026-09-30", "acq_time": "1206", "satellite": "N", "daynight": "D", "scope": "world"}}, {"type": "Feature", "geometry": {"type": "Point", "coordinates": [141.873, -8.5363]}, "properties": {"layer": "fire", "frp": 28.86, "confidence": "n", "acq_date": "2026-09-30", "acq_time": "338", "satellite": "N", "daynight": "D", "scope": "world"}}, {"type": "Feature", "geometry": {"type": "Point", "coordinates": [-70.1985, 11.7372]}, "properties": {"layer": "fire", "frp": 28.84, "confidence": "n", "acq_date": "2026-09-30", "acq_time": "608", "satellite": "N", "daynight": "N", "scope": "world"}}, {"type": "Feature", "geometry": {"type": "Point", "coordinates": [37.2207, -2.9403]}, "properties": {"layer": "fire", "frp": 28.81, "confidence": "n", "acq_date": "2026-09-30", "acq_time": "1206", "satellite": "N", "daynight": "D", "scope": "world"}}, {"type": "Feature", "geometry": {"type": "Point", "coordinates": [140.2048, -6.8484]}, "properties": {"layer": "fire", "frp": 28.8, "confidence": "h", "acq_date": "2026-09-30", "acq_time": "338", "satellite": "N", "daynight": "D", "scope": "world"}}, {"type": "Feature", "geometry": {"type": "Point", "coordinates": [16.6458, -8.2048]}, "properties": {"layer": "fire", "frp": 28.8, "confidence": "n", "acq_date": "2026-09-30", "acq_time": "1204", "satellite": "N", "daynight": "D", "scope": "world"}}, {"type": "Feature", "geometry": {"type": "Point", "coordinates": [16.6505, -8.1991]}, "properties": {"layer": "fire", "frp": 28.8, "confidence": "n", "acq_date": "2026-09-30", "acq_time": "1204", "satellite": "N", "daynight": "D", "scope": "world"}}, {"type": "Feature", "geometry": {"type": "Point", "coordinates": [134.2917, -15.9197]}, "properties": {"layer": "fire", "frp": 28.77, "confidence": "h", "acq_date": "2026-09-30", "acq_time": "516", "satellite": "N", "daynight": "D", "scope": "world"}}, {"type": "Feature", "geometry": {"type": "Point", "coordinates": [134.2908, -15.9153]}, "properties": {"layer": "fire", "frp": 28.77, "confidence": "n", "acq_date": "2026-09-30", "acq_time": "516", "satellite": "N", "daynight": "D", "scope": "world"}}, {"type": "Feature", "geometry": {"type": "Point", "coordinates": [134.2952, -15.9145]}, "properties": {"layer": "fire", "frp": 28.77, "confidence": "l", "acq_date": "2026-09-30", "acq_time": "516", "satellite": "N", "daynight": "D", "scope": "world"}}, {"type": "Feature", "geometry": {"type": "Point", "coordinates": [48.9651, -15.0551]}, "properties": {"layer": "fire", "frp": 28.77, "confidence": "n", "acq_date": "2026-09-30", "acq_time": "1021", "satellite": "N", "daynight": "D", "scope": "world"}}, {"type": "Feature", "geometry": {"type": "Point", "coordinates": [48.9647, -15.0516]}, "properties": {"layer": "fire", "frp": 28.77, "confidence": "n", "acq_date": "2026-09-30", "acq_time": "1021", "satellite": "N", "daynight": "D", "scope": "world"}}, {"type": "Feature", "geometry": {"type": "Point", "coordinates": [46.3814, -17.1054]}, "properties": {"layer": "fire", "frp": 28.75, "confidence": "n", "acq_date": "2026-09-30", "acq_time": "1019", "satellite": "N", "daynight": "D", "scope": "world"}}, {"type": "Feature", "geometry": {"type": "Point", "coordinates": [46.3808, -17.1013]}, "properties": {"layer": "fire", "frp": 28.75, "confidence": "n", "acq_date": "2026-09-30", "acq_time": "1019", "satellite": "N", "daynight": "D", "scope": "world"}}, {"type": "Feature", "geometry": {"type": "Point", "coordinates": [140.7266, -7.9416]}, "properties": {"layer": "fire", "frp": 28.72, "confidence": "n", "acq_date": "2026-09-30", "acq_time": "338", "satellite": "N", "daynight": "D", "scope": "world"}}, {"type": "Feature", "geometry": {"type": "Point", "coordinates": [140.7308, -7.941]}, "properties": {"layer": "fire", "frp": 28.72, "confidence": "h", "acq_date": "2026-09-30", "acq_time": "338", "satellite": "N", "daynight": "D", "scope": "world"}}, {"type": "Feature", "geometry": {"type": "Point", "coordinates": [58.4025, 51.6423]}, "properties": {"layer": "fire", "frp": 28.71, "confidence": "n", "acq_date": "2026-09-30", "acq_time": "858", "satellite": "N", "daynight": "D", "scope": "world"}}, {"type": "Feature", "geometry": {"type": "Point", "coordinates": [25.493, -14.2365]}, "properties": {"layer": "fire", "frp": 28.67, "confidence": "n", "acq_date": "2026-09-30", "acq_time": "1204", "satellite": "N", "daynight": "D", "scope": "world"}}, {"type": "Feature", "geometry": {"type": "Point", "coordinates": [25.4925, -14.2332]}, "properties": {"layer": "fire", "frp": 28.67, "confidence": "l", "acq_date": "2026-09-30", "acq_time": "1204", "satellite": "N", "daynight": "D", "scope": "world"}}, {"type": "Feature", "geometry": {"type": "Point", "coordinates": [30.4788, -9.4369]}, "properties": {"layer": "fire", "frp": 28.67, "confidence": "h", "acq_date": "2026-09-30", "acq_time": "1204", "satellite": "N", "daynight": "D", "scope": "world"}}, {"type": "Feature", "geometry": {"type": "Point", "coordinates": [30.4828, -9.4362]}, "properties": {"layer": "fire", "frp": 28.67, "confidence": "n", "acq_date": "2026-09-30", "acq_time": "1204", "satellite": "N", "daynight": "D", "scope": "world"}}, {"type": "Feature", "geometry": {"type": "Point", "coordinates": [30.4781, -9.4327]}, "properties": {"layer": "fire", "frp": 28.67, "confidence": "h", "acq_date": "2026-09-30", "acq_time": "1204", "satellite": "N", "daynight": "D", "scope": "world"}}, {"type": "Feature", "geometry": {"type": "Point", "coordinates": [30.482, -9.432]}, "properties": {"layer": "fire", "frp": 28.67, "confidence": "n", "acq_date": "2026-09-30", "acq_time": "1204", "satellite": "N", "daynight": "D", "scope": "world"}}, {"type": "Feature", "geometry": {"type": "Point", "coordinates": [65.3692, 51.9333]}, "properties": {"layer": "fire", "frp": 28.66, "confidence": "n", "acq_date": "2026-09-30", "acq_time": "858", "satellite": "N", "daynight": "D", "scope": "world"}}, {"type": "Feature", "geometry": {"type": "Point", "coordinates": [35.0464, -4.9485]}, "properties": {"layer": "fire", "frp": 28.64, "confidence": "h", "acq_date": "2026-09-30", "acq_time": "1206", "satellite": "N", "daynight": "D", "scope": "world"}}, {"type": "Feature", "geometry": {"type": "Point", "coordinates": [30.3506, -8.1063]}, "properties": {"layer": "fire", "frp": 28.61, "confidence": "n", "acq_date": "2026-09-30", "acq_time": "1204", "satellite": "N", "daynight": "D", "scope": "world"}}, {"type": "Feature", "geometry": {"type": "Point", "coordinates": [30.3459, -8.1027]}, "properties": {"layer": "fire", "frp": 28.61, "confidence": "n", "acq_date": "2026-09-30", "acq_time": "1204", "satellite": "N", "daynight": "D", "scope": "world"}}, {"type": "Feature", "geometry": {"type": "Point", "coordinates": [30.35, -8.1021]}, "properties": {"layer": "fire", "frp": 28.61, "confidence": "n", "acq_date": "2026-09-30", "acq_time": "1204", "satellite": "N", "daynight": "D", "scope": "world"}}, {"type": "Feature", "geometry": {"type": "Point", "coordinates": [14.3485, -6.7213]}, "properties": {"layer": "fire", "frp": 28.61, "confidence": "h", "acq_date": "2026-09-30", "acq_time": "1206", "satellite": "N", "daynight": "D", "scope": "world"}}, {"type": "Feature", "geometry": {"type": "Point", "coordinates": [105.5179, -3.3028]}, "properties": {"layer": "fire", "frp": 28.6, "confidence": "n", "acq_date": "2026-09-30", "acq_time": "701", "satellite": "N", "daynight": "D", "scope": "world"}}, {"type": "Feature", "geometry": {"type": "Point", "coordinates": [105.522, -3.3022]}, "properties": {"layer": "fire", "frp": 28.6, "confidence": "n", "acq_date": "2026-09-30", "acq_time": "701", "satellite": "N", "daynight": "D", "scope": "world"}}, {"type": "Feature", "geometry": {"type": "Point", "coordinates": [15.6127, -5.416]}, "properties": {"layer": "fire", "frp": 28.55, "confidence": "n", "acq_date": "2026-09-30", "acq_time": "1206", "satellite": "N", "daynight": "D", "scope": "world"}}, {"type": "Feature", "geometry": {"type": "Point", "coordinates": [114.636, -2.7667]}, "properties": {"layer": "fire", "frp": 28.53, "confidence": "n", "acq_date": "2026-09-30", "acq_time": "521", "satellite": "N", "daynight": "D", "scope": "world"}}, {"type": "Feature", "geometry": {"type": "Point", "coordinates": [17.2679, -4.3846]}, "properties": {"layer": "fire", "frp": 28.51, "confidence": "h", "acq_date": "2026-09-30", "acq_time": "1206", "satellite": "N", "daynight": "D", "scope": "world"}}, {"type": "Feature", "geometry": {"type": "Point", "coordinates": [110.5027, -0.9868]}, "properties": {"layer": "fire", "frp": 28.5, "confidence": "h", "acq_date": "2026-09-30", "acq_time": "701", "satellite": "N", "daynight": "D", "scope": "world"}}, {"type": "Feature", "geometry": {"type": "Point", "coordinates": [30.5465, -11.074]}, "properties": {"layer": "fire", "frp": 28.49, "confidence": "n", "acq_date": "2026-09-30", "acq_time": "1204", "satellite": "N", "daynight": "D", "scope": "world"}}, {"type": "Feature", "geometry": {"type": "Point", "coordinates": [30.5457, -11.0699]}, "properties": {"layer": "fire", "frp": 28.49, "confidence": "n", "acq_date": "2026-09-30", "acq_time": "1204", "satellite": "N", "daynight": "D", "scope": "world"}}, {"type": "Feature", "geometry": {"type": "Point", "coordinates": [11.7624, -3.0347]}, "properties": {"layer": "fire", "frp": 28.44, "confidence": "n", "acq_date": "2026-09-30", "acq_time": "1206", "satellite": "N", "daynight": "D", "scope": "world"}}, {"type": "Feature", "geometry": {"type": "Point", "coordinates": [117.0097, 2.3602]}, "properties": {"layer": "fire", "frp": 28.43, "confidence": "n", "acq_date": "2026-09-30", "acq_time": "523", "satellite": "N", "daynight": "D", "scope": "world"}}, {"type": "Feature", "geometry": {"type": "Point", "coordinates": [15.1793, -15.1431]}, "properties": {"layer": "fire", "frp": 28.43, "confidence": "h", "acq_date": "2026-09-30", "acq_time": "1204", "satellite": "N", "daynight": "D", "scope": "world"}}, {"type": "Feature", "geometry": {"type": "Point", "coordinates": [48.1211, -17.3862]}, "properties": {"layer": "fire", "frp": 28.41, "confidence": "n", "acq_date": "2026-09-30", "acq_time": "1019", "satellite": "N", "daynight": "D", "scope": "world"}}, {"type": "Feature", "geometry": {"type": "Point", "coordinates": [32.432, -10.8982]}, "properties": {"layer": "fire", "frp": 28.41, "confidence": "n", "acq_date": "2026-09-30", "acq_time": "1204", "satellite": "N", "daynight": "D", "scope": "world"}}, {"type": "Feature", "geometry": {"type": "Point", "coordinates": [27.0847, -4.0927]}, "properties": {"layer": "fire", "frp": 28.38, "confidence": "n", "acq_date": "2026-09-30", "acq_time": "1206", "satellite": "N", "daynight": "D", "scope": "world"}}, {"type": "Feature", "geometry": {"type": "Point", "coordinates": [126.8957, -3.5303]}, "properties": {"layer": "fire", "frp": 28.37, "confidence": "n", "acq_date": "2026-09-30", "acq_time": "521", "satellite": "N", "daynight": "D", "scope": "world"}}, {"type": "Feature", "geometry": {"type": "Point", "coordinates": [20.5749, 45.0299]}, "properties": {"layer": "fire", "frp": 28.35, "confidence": "n", "acq_date": "2026-09-30", "acq_time": "1219", "satellite": "N", "daynight": "D", "scope": "world"}}, {"type": "Feature", "geometry": {"type": "Point", "coordinates": [20.5743, 45.0346]}, "properties": {"layer": "fire", "frp": 28.35, "confidence": "n", "acq_date": "2026-09-30", "acq_time": "1219", "satellite": "N", "daynight": "D", "scope": "world"}}, {"type": "Feature", "geometry": {"type": "Point", "coordinates": [15.0425, -15.2002]}, "properties": {"layer": "fire", "frp": 28.34, "confidence": "n", "acq_date": "2026-09-30", "acq_time": "1344", "satellite": "N", "daynight": "D", "scope": "world"}}, {"type": "Feature", "geometry": {"type": "Point", "coordinates": [15.0496, -15.1986]}, "properties": {"layer": "fire", "frp": 28.34, "confidence": "h", "acq_date": "2026-09-30", "acq_time": "1344", "satellite": "N", "daynight": "D", "scope": "world"}}, {"type": "Feature", "geometry": {"type": "Point", "coordinates": [13.7833, -8.323]}, "properties": {"layer": "fire", "frp": 28.31, "confidence": "l", "acq_date": "2026-09-30", "acq_time": "1206", "satellite": "N", "daynight": "D", "scope": "world"}}, {"type": "Feature", "geometry": {"type": "Point", "coordinates": [13.6588, -9.7369]}, "properties": {"layer": "fire", "frp": 28.26, "confidence": "n", "acq_date": "2026-09-30", "acq_time": "1346", "satellite": "N", "daynight": "D", "scope": "world"}}, {"type": "Feature", "geometry": {"type": "Point", "coordinates": [13.6573, -9.7297]}, "properties": {"layer": "fire", "frp": 28.26, "confidence": "l", "acq_date": "2026-09-30", "acq_time": "1346", "satellite": "N", "daynight": "D", "scope": "world"}}, {"type": "Feature", "geometry": {"type": "Point", "coordinates": [110.4273, -1.0185]}, "properties": {"layer": "fire", "frp": 28.25, "confidence": "n", "acq_date": "2026-09-30", "acq_time": "701", "satellite": "N", "daynight": "D", "scope": "world"}}, {"type": "Feature", "geometry": {"type": "Point", "coordinates": [117.343, 0.5729]}, "properties": {"layer": "fire", "frp": 28.24, "confidence": "n", "acq_date": "2026-09-30", "acq_time": "523", "satellite": "N", "daynight": "D", "scope": "world"}}, {"type": "Feature", "geometry": {"type": "Point", "coordinates": [30.4766, -9.4243]}, "properties": {"layer": "fire", "frp": 28.18, "confidence": "l", "acq_date": "2026-09-30", "acq_time": "1204", "satellite": "N", "daynight": "D", "scope": "world"}}, {"type": "Feature", "geometry": {"type": "Point", "coordinates": [30.4805, -9.4236]}, "properties": {"layer": "fire", "frp": 28.18, "confidence": "n", "acq_date": "2026-09-30", "acq_time": "1204", "satellite": "N", "daynight": "D", "scope": "world"}}, {"type": "Feature", "geometry": {"type": "Point", "coordinates": [35.1515, -5.3253]}, "properties": {"layer": "fire", "frp": 28.18, "confidence": "n", "acq_date": "2026-09-30", "acq_time": "1204", "satellite": "N", "daynight": "D", "scope": "world"}}, {"type": "Feature", "geometry": {"type": "Point", "coordinates": [122.473, -4.8454]}, "properties": {"layer": "fire", "frp": 28.17, "confidence": "l", "acq_date": "2026-09-30", "acq_time": "521", "satellite": "N", "daynight": "D", "scope": "world"}}, {"type": "Feature", "geometry": {"type": "Point", "coordinates": [122.4724, -4.8419]}, "properties": {"layer": "fire", "frp": 28.17, "confidence": "n", "acq_date": "2026-09-30", "acq_time": "521", "satellite": "N", "daynight": "D", "scope": "world"}}, {"type": "Feature", "geometry": {"type": "Point", "coordinates": [30.6333, -10.1849]}, "properties": {"layer": "fire", "frp": 28.17, "confidence": "n", "acq_date": "2026-09-30", "acq_time": "1204", "satellite": "N", "daynight": "D", "scope": "world"}}, {"type": "Feature", "geometry": {"type": "Point", "coordinates": [30.6372, -10.1842]}, "properties": {"layer": "fire", "frp": 28.17, "confidence": "n", "acq_date": "2026-09-30", "acq_time": "1204", "satellite": "N", "daynight": "D", "scope": "world"}}, {"type": "Feature", "geometry": {"type": "Point", "coordinates": [26.4379, -10.2844]}, "properties": {"layer": "fire", "frp": 28.14, "confidence": "n", "acq_date": "2026-09-30", "acq_time": "1204", "satellite": "N", "daynight": "D", "scope": "world"}}, {"type": "Feature", "geometry": {"type": "Point", "coordinates": [31.2597, -7.2873]}, "properties": {"layer": "fire", "frp": 28.14, "confidence": "n", "acq_date": "2026-09-30", "acq_time": "1204", "satellite": "N", "daynight": "D", "scope": "world"}}, {"type": "Feature", "geometry": {"type": "Point", "coordinates": [126.7159, -20.2935]}, "properties": {"layer": "fire", "frp": 28.12, "confidence": "l", "acq_date": "2026-09-30", "acq_time": "516", "satellite": "N", "daynight": "D", "scope": "world"}}, {"type": "Feature", "geometry": {"type": "Point", "coordinates": [18.1714, -14.6664]}, "properties": {"layer": "fire", "frp": 28.12, "confidence": "n", "acq_date": "2026-09-30", "acq_time": "1204", "satellite": "N", "daynight": "D", "scope": "world"}}, {"type": "Feature", "geometry": {"type": "Point", "coordinates": [37.1923, -2.9846]}, "properties": {"layer": "fire", "frp": 28.09, "confidence": "n", "acq_date": "2026-09-30", "acq_time": "1206", "satellite": "N", "daynight": "D", "scope": "world"}}, {"type": "Feature", "geometry": {"type": "Point", "coordinates": [140.5408, -7.532]}, "properties": {"layer": "fire", "frp": 28.06, "confidence": "n", "acq_date": "2026-09-30", "acq_time": "338", "satellite": "N", "daynight": "D", "scope": "world"}}, {"type": "Feature", "geometry": {"type": "Point", "coordinates": [140.5402, -7.5261]}, "properties": {"layer": "fire", "frp": 28.06, "confidence": "h", "acq_date": "2026-09-30", "acq_time": "338", "satellite": "N", "daynight": "D", "scope": "world"}}, {"type": "Feature", "geometry": {"type": "Point", "coordinates": [34.5484, -7.6147]}, "properties": {"layer": "fire", "frp": 28.06, "confidence": "h", "acq_date": "2026-09-30", "acq_time": "1204", "satellite": "N", "daynight": "D", "scope": "world"}}, {"type": "Feature", "geometry": {"type": "Point", "coordinates": [22.7434, -19.1018]}, "properties": {"layer": "fire", "frp": 28.02, "confidence": "n", "acq_date": "2026-09-30", "acq_time": "1202", "satellite": "N", "daynight": "D", "scope": "world"}}, {"type": "Feature", "geometry": {"type": "Point", "coordinates": [22.7429, -19.098]}, "properties": {"layer": "fire", "frp": 28.02, "confidence": "n", "acq_date": "2026-09-30", "acq_time": "1202", "satellite": "N", "daynight": "D", "scope": "world"}}, {"type": "Feature", "geometry": {"type": "Point", "coordinates": [20.4199, -12.1941]}, "properties": {"layer": "fire", "frp": 27.98, "confidence": "n", "acq_date": "2026-09-30", "acq_time": "1204", "satellite": "N", "daynight": "D", "scope": "world"}}, {"type": "Feature", "geometry": {"type": "Point", "coordinates": [20.4194, -12.19]}, "properties": {"layer": "fire", "frp": 27.98, "confidence": "n", "acq_date": "2026-09-30", "acq_time": "1204", "satellite": "N", "daynight": "D", "scope": "world"}}, {"type": "Feature", "geometry": {"type": "Point", "coordinates": [150.1404, -26.3609]}, "properties": {"layer": "fire", "frp": 27.97, "confidence": "n", "acq_date": "2026-09-30", "acq_time": "332", "satellite": "N", "daynight": "D", "scope": "world"}}, {"type": "Feature", "geometry": {"type": "Point", "coordinates": [150.1443, -26.3604]}, "properties": {"layer": "fire", "frp": 27.97, "confidence": "n", "acq_date": "2026-09-30", "acq_time": "332", "satellite": "N", "daynight": "D", "scope": "world"}}, {"type": "Feature", "geometry": {"type": "Point", "coordinates": [20.9893, -18.4436]}, "properties": {"layer": "fire", "frp": 27.97, "confidence": "n", "acq_date": "2026-09-30", "acq_time": "1202", "satellite": "N", "daynight": "D", "scope": "world"}}, {"type": "Feature", "geometry": {"type": "Point", "coordinates": [20.9933, -18.4431]}, "properties": {"layer": "fire", "frp": 27.97, "confidence": "n", "acq_date": "2026-09-30", "acq_time": "1202", "satellite": "N", "daynight": "D", "scope": "world"}}, {"type": "Feature", "geometry": {"type": "Point", "coordinates": [20.9928, -18.4389]}, "properties": {"layer": "fire", "frp": 27.97, "confidence": "n", "acq_date": "2026-09-30", "acq_time": "1202", "satellite": "N", "daynight": "D", "scope": "world"}}, {"type": "Feature", "geometry": {"type": "Point", "coordinates": [39.2749, -14.9552]}, "properties": {"layer": "fire", "frp": 27.95, "confidence": "n", "acq_date": "2026-09-30", "acq_time": "1202", "satellite": "N", "daynight": "D", "scope": "world"}}, {"type": "Feature", "geometry": {"type": "Point", "coordinates": [16.5701, -15.7049]}, "properties": {"layer": "fire", "frp": 27.95, "confidence": "n", "acq_date": "2026-09-30", "acq_time": "1204", "satellite": "N", "daynight": "D", "scope": "world"}}, {"type": "Feature", "geometry": {"type": "Point", "coordinates": [16.5737, -15.7045]}, "properties": {"layer": "fire", "frp": 27.95, "confidence": "n", "acq_date": "2026-09-30", "acq_time": "1204", "satellite": "N", "daynight": "D", "scope": "world"}}, {"type": "Feature", "geometry": {"type": "Point", "coordinates": [16.573, -15.699]}, "properties": {"layer": "fire", "frp": 27.95, "confidence": "n", "acq_date": "2026-09-30", "acq_time": "1204", "satellite": "N", "daynight": "D", "scope": "world"}}, {"type": "Feature", "geometry": {"type": "Point", "coordinates": [48.5717, -17.7144]}, "properties": {"layer": "fire", "frp": 27.94, "confidence": "n", "acq_date": "2026-09-30", "acq_time": "1019", "satellite": "N", "daynight": "D", "scope": "world"}}, {"type": "Feature", "geometry": {"type": "Point", "coordinates": [48.5761, -17.7138]}, "properties": {"layer": "fire", "frp": 27.94, "confidence": "n", "acq_date": "2026-09-30", "acq_time": "1019", "satellite": "N", "daynight": "D", "scope": "world"}}, {"type": "Feature", "geometry": {"type": "Point", "coordinates": [-44.84, -11.1946]}, "properties": {"layer": "fire", "frp": 27.93, "confidence": "n", "acq_date": "2026-09-30", "acq_time": "434", "satellite": "N", "daynight": "N", "scope": "world"}}, {"type": "Feature", "geometry": {"type": "Point", "coordinates": [125.0961, -9.136]}, "properties": {"layer": "fire", "frp": 27.93, "confidence": "n", "acq_date": "2026-09-30", "acq_time": "518", "satellite": "N", "daynight": "D", "scope": "world"}}, {"type": "Feature", "geometry": {"type": "Point", "coordinates": [16.2194, -4.5629]}, "properties": {"layer": "fire", "frp": 27.91, "confidence": "n", "acq_date": "2026-09-30", "acq_time": "1206", "satellite": "N", "daynight": "D", "scope": "world"}}, {"type": "Feature", "geometry": {"type": "Point", "coordinates": [141.4205, -7.0963]}, "properties": {"layer": "fire", "frp": 27.9, "confidence": "h", "acq_date": "2026-09-30", "acq_time": "338", "satellite": "N", "daynight": "D", "scope": "world"}}, {"type": "Feature", "geometry": {"type": "Point", "coordinates": [47.8506, -16.9348]}, "properties": {"layer": "fire", "frp": 27.84, "confidence": "n", "acq_date": "2026-09-30", "acq_time": "1019", "satellite": "N", "daynight": "D", "scope": "world"}}, {"type": "Feature", "geometry": {"type": "Point", "coordinates": [107.9042, 21.5734]}, "properties": {"layer": "fire", "frp": 27.83, "confidence": "l", "acq_date": "2026-09-30", "acq_time": "707", "satellite": "N", "daynight": "D", "scope": "world"}}, {"type": "Feature", "geometry": {"type": "Point", "coordinates": [130.1653, -16.6324]}, "properties": {"layer": "fire", "frp": 27.82, "confidence": "n", "acq_date": "2026-09-30", "acq_time": "516", "satellite": "N", "daynight": "D", "scope": "world"}}, {"type": "Feature", "geometry": {"type": "Point", "coordinates": [22.8009, 44.5174]}, "properties": {"layer": "fire", "frp": 27.81, "confidence": "h", "acq_date": "2026-09-30", "acq_time": "1041", "satellite": "N", "daynight": "D", "scope": "world"}}, {"type": "Feature", "geometry": {"type": "Point", "coordinates": [22.8056, 44.5187]}, "properties": {"layer": "fire", "frp": 27.81, "confidence": "n", "acq_date": "2026-09-30", "acq_time": "1041", "satellite": "N", "daynight": "D", "scope": "world"}}, {"type": "Feature", "geometry": {"type": "Point", "coordinates": [22.7982, 44.5225]}, "properties": {"layer": "fire", "frp": 27.81, "confidence": "h", "acq_date": "2026-09-30", "acq_time": "1041", "satellite": "N", "daynight": "D", "scope": "world"}}, {"type": "Feature", "geometry": {"type": "Point", "coordinates": [25.1662, -15.6129]}, "properties": {"layer": "fire", "frp": 27.77, "confidence": "n", "acq_date": "2026-09-30", "acq_time": "1202", "satellite": "N", "daynight": "D", "scope": "world"}}, {"type": "Feature", "geometry": {"type": "Point", "coordinates": [16.3895, -15.7479]}, "properties": {"layer": "fire", "frp": 27.75, "confidence": "h", "acq_date": "2026-09-30", "acq_time": "1202", "satellite": "N", "daynight": "D", "scope": "world"}}, {"type": "Feature", "geometry": {"type": "Point", "coordinates": [16.3932, -15.7475]}, "properties": {"layer": "fire", "frp": 27.75, "confidence": "h", "acq_date": "2026-09-30", "acq_time": "1202", "satellite": "N", "daynight": "D", "scope": "world"}}, {"type": "Feature", "geometry": {"type": "Point", "coordinates": [16.3889, -15.7424]}, "properties": {"layer": "fire", "frp": 27.75, "confidence": "h", "acq_date": "2026-09-30", "acq_time": "1202", "satellite": "N", "daynight": "D", "scope": "world"}}, {"type": "Feature", "geometry": {"type": "Point", "coordinates": [16.3926, -15.742]}, "properties": {"layer": "fire", "frp": 27.75, "confidence": "n", "acq_date": "2026-09-30", "acq_time": "1202", "satellite": "N", "daynight": "D", "scope": "world"}}, {"type": "Feature", "geometry": {"type": "Point", "coordinates": [34.9991, -5.5533]}, "properties": {"layer": "fire", "frp": 27.66, "confidence": "h", "acq_date": "2026-09-30", "acq_time": "1204", "satellite": "N", "daynight": "D", "scope": "world"}}, {"type": "Feature", "geometry": {"type": "Point", "coordinates": [37.2271, -3.0391]}, "properties": {"layer": "fire", "frp": 27.65, "confidence": "l", "acq_date": "2026-09-30", "acq_time": "1026", "satellite": "N", "daynight": "D", "scope": "world"}}, {"type": "Feature", "geometry": {"type": "Point", "coordinates": [37.2318, -3.0384]}, "properties": {"layer": "fire", "frp": 27.65, "confidence": "h", "acq_date": "2026-09-30", "acq_time": "1026", "satellite": "N", "daynight": "D", "scope": "world"}}, {"type": "Feature", "geometry": {"type": "Point", "coordinates": [35.3822, -10.9556]}, "properties": {"layer": "fire", "frp": 27.63, "confidence": "h", "acq_date": "2026-09-30", "acq_time": "1204", "satellite": "N", "daynight": "D", "scope": "world"}}, {"type": "Feature", "geometry": {"type": "Point", "coordinates": [35.3864, -10.9548]}, "properties": {"layer": "fire", "frp": 27.63, "confidence": "h", "acq_date": "2026-09-30", "acq_time": "1204", "satellite": "N", "daynight": "D", "scope": "world"}}, {"type": "Feature", "geometry": {"type": "Point", "coordinates": [129.7438, -20.5986]}, "properties": {"layer": "fire", "frp": 27.6, "confidence": "l", "acq_date": "2026-09-30", "acq_time": "516", "satellite": "N", "daynight": "D", "scope": "world"}}, {"type": "Feature", "geometry": {"type": "Point", "coordinates": [129.7432, -20.5953]}, "properties": {"layer": "fire", "frp": 27.6, "confidence": "l", "acq_date": "2026-09-30", "acq_time": "516", "satellite": "N", "daynight": "D", "scope": "world"}}, {"type": "Feature", "geometry": {"type": "Point", "coordinates": [39.2164, -8.6775]}, "properties": {"layer": "fire", "frp": 27.59, "confidence": "h", "acq_date": "2026-09-30", "acq_time": "1024", "satellite": "N", "daynight": "D", "scope": "world"}}, {"type": "Feature", "geometry": {"type": "Point", "coordinates": [18.521, -15.4925]}, "properties": {"layer": "fire", "frp": 27.58, "confidence": "n", "acq_date": "2026-09-30", "acq_time": "1202", "satellite": "N", "daynight": "D", "scope": "world"}}, {"type": "Feature", "geometry": {"type": "Point", "coordinates": [108.4373, 15.3794]}, "properties": {"layer": "fire", "frp": 27.54, "confidence": "n", "acq_date": "2026-09-30", "acq_time": "525", "satellite": "N", "daynight": "D", "scope": "world"}}, {"type": "Feature", "geometry": {"type": "Point", "coordinates": [108.4426, 15.3805]}, "properties": {"layer": "fire", "frp": 27.54, "confidence": "n", "acq_date": "2026-09-30", "acq_time": "525", "satellite": "N", "daynight": "D", "scope": "world"}}, {"type": "Feature", "geometry": {"type": "Point", "coordinates": [108.4366, 15.3858]}, "properties": {"layer": "fire", "frp": 27.54, "confidence": "l", "acq_date": "2026-09-30", "acq_time": "525", "satellite": "N", "daynight": "D", "scope": "world"}}, {"type": "Feature", "geometry": {"type": "Point", "coordinates": [33.7897, 3.4426]}, "properties": {"layer": "fire", "frp": 27.5, "confidence": "n", "acq_date": "2026-09-30", "acq_time": "1028", "satellite": "N", "daynight": "D", "scope": "world"}}, {"type": "Feature", "geometry": {"type": "Point", "coordinates": [30.6137, -10.1883]}, "properties": {"layer": "fire", "frp": 27.48, "confidence": "n", "acq_date": "2026-09-30", "acq_time": "1204", "satellite": "N", "daynight": "D", "scope": "world"}}, {"type": "Feature", "geometry": {"type": "Point", "coordinates": [30.6091, -10.1848]}, "properties": {"layer": "fire", "frp": 27.48, "confidence": "n", "acq_date": "2026-09-30", "acq_time": "1204", "satellite": "N", "daynight": "D", "scope": "world"}}, {"type": "Feature", "geometry": {"type": "Point", "coordinates": [30.613, -10.1841]}, "properties": {"layer": "fire", "frp": 27.48, "confidence": "n", "acq_date": "2026-09-30", "acq_time": "1204", "satellite": "N", "daynight": "D", "scope": "world"}}, {"type": "Feature", "geometry": {"type": "Point", "coordinates": [18.4934, -14.7884]}, "properties": {"layer": "fire", "frp": 27.46, "confidence": "n", "acq_date": "2026-09-30", "acq_time": "1204", "satellite": "N", "daynight": "D", "scope": "world"}}, {"type": "Feature", "geometry": {"type": "Point", "coordinates": [27.1794, -30.934]}, "properties": {"layer": "fire", "frp": 27.4, "confidence": "n", "acq_date": "2026-09-30", "acq_time": "1157", "satellite": "N", "daynight": "D", "scope": "world"}}, {"type": "Feature", "geometry": {"type": "Point", "coordinates": [29.2178, -30.4121]}, "properties": {"layer": "fire", "frp": 27.34, "confidence": "n", "acq_date": "2026-09-30", "acq_time": "1157", "satellite": "N", "daynight": "D", "scope": "world"}}, {"type": "Feature", "geometry": {"type": "Point", "coordinates": [46.1294, -17.6645]}, "properties": {"layer": "fire", "frp": 27.33, "confidence": "n", "acq_date": "2026-09-30", "acq_time": "1019", "satellite": "N", "daynight": "D", "scope": "world"}}, {"type": "Feature", "geometry": {"type": "Point", "coordinates": [46.1288, -17.6603]}, "properties": {"layer": "fire", "frp": 27.33, "confidence": "n", "acq_date": "2026-09-30", "acq_time": "1019", "satellite": "N", "daynight": "D", "scope": "world"}}, {"type": "Feature", "geometry": {"type": "Point", "coordinates": [138.7261, -8.0446]}, "properties": {"layer": "fire", "frp": 27.31, "confidence": "n", "acq_date": "2026-09-30", "acq_time": "338", "satellite": "N", "daynight": "D", "scope": "world"}}, {"type": "Feature", "geometry": {"type": "Point", "coordinates": [14.4573, -15.8267]}, "properties": {"layer": "fire", "frp": 27.31, "confidence": "n", "acq_date": "2026-09-30", "acq_time": "1344", "satellite": "N", "daynight": "D", "scope": "world"}}, {"type": "Feature", "geometry": {"type": "Point", "coordinates": [14.4493, -15.8213]}, "properties": {"layer": "fire", "frp": 27.31, "confidence": "n", "acq_date": "2026-09-30", "acq_time": "1344", "satellite": "N", "daynight": "D", "scope": "world"}}, {"type": "Feature", "geometry": {"type": "Point", "coordinates": [14.4557, -15.8199]}, "properties": {"layer": "fire", "frp": 27.31, "confidence": "n", "acq_date": "2026-09-30", "acq_time": "1344", "satellite": "N", "daynight": "D", "scope": "world"}}, {"type": "Feature", "geometry": {"type": "Point", "coordinates": [19.2034, -15.4111]}, "properties": {"layer": "fire", "frp": 27.28, "confidence": "n", "acq_date": "2026-09-30", "acq_time": "1202", "satellite": "N", "daynight": "D", "scope": "world"}}, {"type": "Feature", "geometry": {"type": "Point", "coordinates": [33.8178, 3.2737]}, "properties": {"layer": "fire", "frp": 27.27, "confidence": "n", "acq_date": "2026-09-30", "acq_time": "1208", "satellite": "N", "daynight": "D", "scope": "world"}}, {"type": "Feature", "geometry": {"type": "Point", "coordinates": [35.1563, -5.3245]}, "properties": {"layer": "fire", "frp": 27.25, "confidence": "n", "acq_date": "2026-09-30", "acq_time": "1204", "satellite": "N", "daynight": "D", "scope": "world"}}, {"type": "Feature", "geometry": {"type": "Point", "coordinates": [34.5946, -9.343]}, "properties": {"layer": "fire", "frp": 27.23, "confidence": "h", "acq_date": "2026-09-30", "acq_time": "1204", "satellite": "N", "daynight": "D", "scope": "world"}}, {"type": "Feature", "geometry": {"type": "Point", "coordinates": [34.5984, -9.3423]}, "properties": {"layer": "fire", "frp": 27.23, "confidence": "n", "acq_date": "2026-09-30", "acq_time": "1204", "satellite": "N", "daynight": "D", "scope": "world"}}, {"type": "Feature", "geometry": {"type": "Point", "coordinates": [131.4938, 60.2281]}, "properties": {"layer": "fire", "frp": 27.2, "confidence": "l", "acq_date": "2026-09-30", "acq_time": "538", "satellite": "N", "daynight": "D", "scope": "world"}}, {"type": "Feature", "geometry": {"type": "Point", "coordinates": [32.4136, -10.9856]}, "properties": {"layer": "fire", "frp": 27.19, "confidence": "n", "acq_date": "2026-09-30", "acq_time": "1204", "satellite": "N", "daynight": "D", "scope": "world"}}, {"type": "Feature", "geometry": {"type": "Point", "coordinates": [19.8815, 44.99]}, "properties": {"layer": "fire", "frp": 27.19, "confidence": "h", "acq_date": "2026-09-30", "acq_time": "1219", "satellite": "N", "daynight": "D", "scope": "world"}}, {"type": "Feature", "geometry": {"type": "Point", "coordinates": [19.8808, 44.9946]}, "properties": {"layer": "fire", "frp": 27.19, "confidence": "n", "acq_date": "2026-09-30", "acq_time": "1219", "satellite": "N", "daynight": "D", "scope": "world"}}, {"type": "Feature", "geometry": {"type": "Point", "coordinates": [150.4374, -5.4854]}, "properties": {"layer": "fire", "frp": 27.15, "confidence": "n", "acq_date": "2026-09-30", "acq_time": "338", "satellite": "N", "daynight": "D", "scope": "world"}}, {"type": "Feature", "geometry": {"type": "Point", "coordinates": [150.4369, -5.4821]}, "properties": {"layer": "fire", "frp": 27.15, "confidence": "n", "acq_date": "2026-09-30", "acq_time": "338", "satellite": "N", "daynight": "D", "scope": "world"}}, {"type": "Feature", "geometry": {"type": "Point", "coordinates": [135.3512, -16.9374]}, "properties": {"layer": "fire", "frp": 27.15, "confidence": "n", "acq_date": "2026-09-30", "acq_time": "516", "satellite": "N", "daynight": "D", "scope": "world"}}, {"type": "Feature", "geometry": {"type": "Point", "coordinates": [135.3562, -16.9364]}, "properties": {"layer": "fire", "frp": 27.15, "confidence": "n", "acq_date": "2026-09-30", "acq_time": "516", "satellite": "N", "daynight": "D", "scope": "world"}}, {"type": "Feature", "geometry": {"type": "Point", "coordinates": [135.3503, -16.9328]}, "properties": {"layer": "fire", "frp": 27.15, "confidence": "h", "acq_date": "2026-09-30", "acq_time": "516", "satellite": "N", "daynight": "D", "scope": "world"}}, {"type": "Feature", "geometry": {"type": "Point", "coordinates": [116.4416, -0.3917]}, "properties": {"layer": "fire", "frp": 27.12, "confidence": "n", "acq_date": "2026-09-30", "acq_time": "523", "satellite": "N", "daynight": "D", "scope": "world"}}, {"type": "Feature", "geometry": {"type": "Point", "coordinates": [35.526, -5.6346]}, "properties": {"layer": "fire", "frp": 27.11, "confidence": "h", "acq_date": "2026-09-30", "acq_time": "1204", "satellite": "N", "daynight": "D", "scope": "world"}}, {"type": "Feature", "geometry": {"type": "Point", "coordinates": [35.5249, -5.6283]}, "properties": {"layer": "fire", "frp": 27.11, "confidence": "h", "acq_date": "2026-09-30", "acq_time": "1204", "satellite": "N", "daynight": "D", "scope": "world"}}, {"type": "Feature", "geometry": {"type": "Point", "coordinates": [23.4403, -17.5284]}, "properties": {"layer": "fire", "frp": 27.09, "confidence": "n", "acq_date": "2026-09-30", "acq_time": "1202", "satellite": "N", "daynight": "D", "scope": "world"}}, {"type": "Feature", "geometry": {"type": "Point", "coordinates": [23.4446, -17.5278]}, "properties": {"layer": "fire", "frp": 27.09, "confidence": "n", "acq_date": "2026-09-30", "acq_time": "1202", "satellite": "N", "daynight": "D", "scope": "world"}}, {"type": "Feature", "geometry": {"type": "Point", "coordinates": [35.2859, -5.5081]}, "properties": {"layer": "fire", "frp": 27.05, "confidence": "h", "acq_date": "2026-09-30", "acq_time": "1024", "satellite": "N", "daynight": "D", "scope": "world"}}, {"type": "Feature", "geometry": {"type": "Point", "coordinates": [36.1741, -6.7073]}, "properties": {"layer": "fire", "frp": 27.04, "confidence": "n", "acq_date": "2026-09-30", "acq_time": "1024", "satellite": "N", "daynight": "D", "scope": "world"}}, {"type": "Feature", "geometry": {"type": "Point", "coordinates": [36.1752, -6.7]}, "properties": {"layer": "fire", "frp": 27.04, "confidence": "n", "acq_date": "2026-09-30", "acq_time": "1024", "satellite": "N", "daynight": "D", "scope": "world"}}, {"type": "Feature", "geometry": {"type": "Point", "coordinates": [30.5161, -9.3748]}, "properties": {"layer": "fire", "frp": 27.03, "confidence": "n", "acq_date": "2026-09-30", "acq_time": "1204", "satellite": "N", "daynight": "D", "scope": "world"}}, {"type": "Feature", "geometry": {"type": "Point", "coordinates": [30.5201, -9.3741]}, "properties": {"layer": "fire", "frp": 27.03, "confidence": "n", "acq_date": "2026-09-30", "acq_time": "1204", "satellite": "N", "daynight": "D", "scope": "world"}}, {"type": "Feature", "geometry": {"type": "Point", "coordinates": [30.5193, -9.3699]}, "properties": {"layer": "fire", "frp": 27.03, "confidence": "n", "acq_date": "2026-09-30", "acq_time": "1204", "satellite": "N", "daynight": "D", "scope": "world"}}, {"type": "Feature", "geometry": {"type": "Point", "coordinates": [12.8635, 37.8698]}, "properties": {"layer": "fire", "frp": 27.0, "confidence": "n", "acq_date": "2026-09-30", "acq_time": "1217", "satellite": "N", "daynight": "D", "scope": "world"}}, {"type": "Feature", "geometry": {"type": "Point", "coordinates": [122.5273, -5.0497]}, "properties": {"layer": "fire", "frp": 26.97, "confidence": "l", "acq_date": "2026-09-30", "acq_time": "521", "satellite": "N", "daynight": "D", "scope": "world"}}, {"type": "Feature", "geometry": {"type": "Point", "coordinates": [110.8145, -0.8578]}, "properties": {"layer": "fire", "frp": 26.96, "confidence": "n", "acq_date": "2026-09-30", "acq_time": "523", "satellite": "N", "daynight": "D", "scope": "world"}}, {"type": "Feature", "geometry": {"type": "Point", "coordinates": [16.5222, -8.425]}, "properties": {"layer": "fire", "frp": 26.96, "confidence": "n", "acq_date": "2026-09-30", "acq_time": "1204", "satellite": "N", "daynight": "D", "scope": "world"}}, {"type": "Feature", "geometry": {"type": "Point", "coordinates": [13.6237, -9.7905]}, "properties": {"layer": "fire", "frp": 26.96, "confidence": "n", "acq_date": "2026-09-30", "acq_time": "1346", "satellite": "N", "daynight": "D", "scope": "world"}}, {"type": "Feature", "geometry": {"type": "Point", "coordinates": [13.6307, -9.789]}, "properties": {"layer": "fire", "frp": 26.96, "confidence": "h", "acq_date": "2026-09-30", "acq_time": "1346", "satellite": "N", "daynight": "D", "scope": "world"}}, {"type": "Feature", "geometry": {"type": "Point", "coordinates": [30.781, -8.8665]}, "properties": {"layer": "fire", "frp": 26.89, "confidence": "h", "acq_date": "2026-09-30", "acq_time": "1204", "satellite": "N", "daynight": "D", "scope": "world"}}, {"type": "Feature", "geometry": {"type": "Point", "coordinates": [-119.6237, 37.6344]}, "properties": {"layer": "fire", "frp": 26.88, "confidence": "n", "acq_date": "2026-09-30", "acq_time": "924", "satellite": "N", "daynight": "N", "scope": "world"}}, {"type": "Feature", "geometry": {"type": "Point", "coordinates": [-119.623, 37.6393]}, "properties": {"layer": "fire", "frp": 26.88, "confidence": "n", "acq_date": "2026-09-30", "acq_time": "924", "satellite": "N", "daynight": "N", "scope": "world"}}, {"type": "Feature", "geometry": {"type": "Point", "coordinates": [-119.6306, 37.6399]}, "properties": {"layer": "fire", "frp": 26.88, "confidence": "n", "acq_date": "2026-09-30", "acq_time": "924", "satellite": "N", "daynight": "N", "scope": "world"}}, {"type": "Feature", "geometry": {"type": "Point", "coordinates": [141.6008, -5.1725]}, "properties": {"layer": "fire", "frp": 26.85, "confidence": "h", "acq_date": "2026-09-30", "acq_time": "338", "satellite": "N", "daynight": "D", "scope": "world"}}, {"type": "Feature", "geometry": {"type": "Point", "coordinates": [58.4434, 51.6417]}, "properties": {"layer": "fire", "frp": 26.84, "confidence": "n", "acq_date": "2026-09-30", "acq_time": "858", "satellite": "N", "daynight": "D", "scope": "world"}}, {"type": "Feature", "geometry": {"type": "Point", "coordinates": [58.4475, 51.6458]}, "properties": {"layer": "fire", "frp": 26.84, "confidence": "h", "acq_date": "2026-09-30", "acq_time": "858", "satellite": "N", "daynight": "D", "scope": "world"}}, {"type": "Feature", "geometry": {"type": "Point", "coordinates": [31.0336, -9.8992]}, "properties": {"layer": "fire", "frp": 26.84, "confidence": "n", "acq_date": "2026-09-30", "acq_time": "1204", "satellite": "N", "daynight": "D", "scope": "world"}}, {"type": "Feature", "geometry": {"type": "Point", "coordinates": [31.0378, -9.8985]}, "properties": {"layer": "fire", "frp": 26.84, "confidence": "n", "acq_date": "2026-09-30", "acq_time": "1204", "satellite": "N", "daynight": "D", "scope": "world"}}, {"type": "Feature", "geometry": {"type": "Point", "coordinates": [30.8805, -9.9258]}, "properties": {"layer": "fire", "frp": 26.82, "confidence": "n", "acq_date": "2026-09-30", "acq_time": "1204", "satellite": "N", "daynight": "D", "scope": "world"}}, {"type": "Feature", "geometry": {"type": "Point", "coordinates": [30.8757, -9.9222]}, "properties": {"layer": "fire", "frp": 26.82, "confidence": "n", "acq_date": "2026-09-30", "acq_time": "1204", "satellite": "N", "daynight": "D", "scope": "world"}}, {"type": "Feature", "geometry": {"type": "Point", "coordinates": [30.8797, -9.9215]}, "properties": {"layer": "fire", "frp": 26.82, "confidence": "n", "acq_date": "2026-09-30", "acq_time": "1204", "satellite": "N", "daynight": "D", "scope": "world"}}, {"type": "Feature", "geometry": {"type": "Point", "coordinates": [22.375, -11.2564]}, "properties": {"layer": "fire", "frp": 26.81, "confidence": "n", "acq_date": "2026-09-30", "acq_time": "1204", "satellite": "N", "daynight": "D", "scope": "world"}}, {"type": "Feature", "geometry": {"type": "Point", "coordinates": [37.1588, -7.5502]}, "properties": {"layer": "fire", "frp": 26.8, "confidence": "l", "acq_date": "2026-09-30", "acq_time": "1204", "satellite": "N", "daynight": "D", "scope": "world"}}, {"type": "Feature", "geometry": {"type": "Point", "coordinates": [28.2887, -4.8059]}, "properties": {"layer": "fire", "frp": 26.78, "confidence": "n", "acq_date": "2026-09-30", "acq_time": "1206", "satellite": "N", "daynight": "D", "scope": "world"}}, {"type": "Feature", "geometry": {"type": "Point", "coordinates": [13.6776, -9.7555]}, "properties": {"layer": "fire", "frp": 26.77, "confidence": "n", "acq_date": "2026-09-30", "acq_time": "1346", "satellite": "N", "daynight": "D", "scope": "world"}}, {"type": "Feature", "geometry": {"type": "Point", "coordinates": [35.3754, -5.386]}, "properties": {"layer": "fire", "frp": 26.75, "confidence": "h", "acq_date": "2026-09-30", "acq_time": "1204", "satellite": "N", "daynight": "D", "scope": "world"}}, {"type": "Feature", "geometry": {"type": "Point", "coordinates": [47.8633, -16.1653]}, "properties": {"layer": "fire", "frp": 26.73, "confidence": "n", "acq_date": "2026-09-30", "acq_time": "1021", "satellite": "N", "daynight": "D", "scope": "world"}}, {"type": "Feature", "geometry": {"type": "Point", "coordinates": [47.8627, -16.1616]}, "properties": {"layer": "fire", "frp": 26.73, "confidence": "l", "acq_date": "2026-09-30", "acq_time": "1021", "satellite": "N", "daynight": "D", "scope": "world"}}, {"type": "Feature", "geometry": {"type": "Point", "coordinates": [122.5889, -4.8062]}, "properties": {"layer": "fire", "frp": 26.69, "confidence": "l", "acq_date": "2026-09-30", "acq_time": "521", "satellite": "N", "daynight": "D", "scope": "world"}}, {"type": "Feature", "geometry": {"type": "Point", "coordinates": [131.6859, -21.9594]}, "properties": {"layer": "fire", "frp": 26.68, "confidence": "n", "acq_date": "2026-09-30", "acq_time": "514", "satellite": "N", "daynight": "D", "scope": "world"}}, {"type": "Feature", "geometry": {"type": "Point", "coordinates": [37.2888, -2.951]}, "properties": {"layer": "fire", "frp": 26.68, "confidence": "n", "acq_date": "2026-09-30", "acq_time": "1206", "satellite": "N", "daynight": "D", "scope": "world"}}, {"type": "Feature", "geometry": {"type": "Point", "coordinates": [47.7904, -14.446]}, "properties": {"layer": "fire", "frp": 26.67, "confidence": "n", "acq_date": "2026-09-30", "acq_time": "1021", "satellite": "N", "daynight": "D", "scope": "world"}}, {"type": "Feature", "geometry": {"type": "Point", "coordinates": [47.7949, -14.4454]}, "properties": {"layer": "fire", "frp": 26.67, "confidence": "n", "acq_date": "2026-09-30", "acq_time": "1021", "satellite": "N", "daynight": "D", "scope": "world"}}, {"type": "Feature", "geometry": {"type": "Point", "coordinates": [14.7653, -13.3951]}, "properties": {"layer": "fire", "frp": 26.67, "confidence": "n", "acq_date": "2026-09-30", "acq_time": "1204", "satellite": "N", "daynight": "D", "scope": "world"}}, {"type": "Feature", "geometry": {"type": "Point", "coordinates": [14.7698, -13.3946]}, "properties": {"layer": "fire", "frp": 26.67, "confidence": "n", "acq_date": "2026-09-30", "acq_time": "1204", "satellite": "N", "daynight": "D", "scope": "world"}}, {"type": "Feature", "geometry": {"type": "Point", "coordinates": [14.7639, -13.3892]}, "properties": {"layer": "fire", "frp": 26.67, "confidence": "n", "acq_date": "2026-09-30", "acq_time": "1204", "satellite": "N", "daynight": "D", "scope": "world"}}, {"type": "Feature", "geometry": {"type": "Point", "coordinates": [14.7686, -13.3887]}, "properties": {"layer": "fire", "frp": 26.67, "confidence": "n", "acq_date": "2026-09-30", "acq_time": "1204", "satellite": "N", "daynight": "D", "scope": "world"}}, {"type": "Feature", "geometry": {"type": "Point", "coordinates": [151.2343, -5.0281]}, "properties": {"layer": "fire", "frp": 26.66, "confidence": "n", "acq_date": "2026-09-30", "acq_time": "338", "satellite": "N", "daynight": "D", "scope": "world"}}, {"type": "Feature", "geometry": {"type": "Point", "coordinates": [30.7759, -9.6634]}, "properties": {"layer": "fire", "frp": 26.63, "confidence": "n", "acq_date": "2026-09-30", "acq_time": "1204", "satellite": "N", "daynight": "D", "scope": "world"}}, {"type": "Feature", "geometry": {"type": "Point", "coordinates": [30.7754, -9.6591]}, "properties": {"layer": "fire", "frp": 26.63, "confidence": "n", "acq_date": "2026-09-30", "acq_time": "1204", "satellite": "N", "daynight": "D", "scope": "world"}}, {"type": "Feature", "geometry": {"type": "Point", "coordinates": [14.5102, -6.5591]}, "properties": {"layer": "fire", "frp": 26.62, "confidence": "h", "acq_date": "2026-09-30", "acq_time": "1206", "satellite": "N", "daynight": "D", "scope": "world"}}, {"type": "Feature", "geometry": {"type": "Point", "coordinates": [140.5601, -7.8567]}, "properties": {"layer": "fire", "frp": 26.59, "confidence": "h", "acq_date": "2026-09-30", "acq_time": "338", "satellite": "N", "daynight": "D", "scope": "world"}}, {"type": "Feature", "geometry": {"type": "Point", "coordinates": [140.5644, -7.8561]}, "properties": {"layer": "fire", "frp": 26.59, "confidence": "n", "acq_date": "2026-09-30", "acq_time": "338", "satellite": "N", "daynight": "D", "scope": "world"}}, {"type": "Feature", "geometry": {"type": "Point", "coordinates": [140.5593, -7.8507]}, "properties": {"layer": "fire", "frp": 26.59, "confidence": "n", "acq_date": "2026-09-30", "acq_time": "338", "satellite": "N", "daynight": "D", "scope": "world"}}, {"type": "Feature", "geometry": {"type": "Point", "coordinates": [140.5636, -7.8502]}, "properties": {"layer": "fire", "frp": 26.59, "confidence": "h", "acq_date": "2026-09-30", "acq_time": "338", "satellite": "N", "daynight": "D", "scope": "world"}}, {"type": "Feature", "geometry": {"type": "Point", "coordinates": [125.722, 63.1818]}, "properties": {"layer": "fire", "frp": 26.57, "confidence": "n", "acq_date": "2026-09-30", "acq_time": "357", "satellite": "N", "daynight": "D", "scope": "world"}}, {"type": "Feature", "geometry": {"type": "Point", "coordinates": [43.5029, 35.0205]}, "properties": {"layer": "fire", "frp": 26.55, "confidence": "n", "acq_date": "2026-09-30", "acq_time": "1036", "satellite": "N", "daynight": "D", "scope": "world"}}, {"type": "Feature", "geometry": {"type": "Point", "coordinates": [15.0168, -6.1451]}, "properties": {"layer": "fire", "frp": 26.55, "confidence": "l", "acq_date": "2026-09-30", "acq_time": "1206", "satellite": "N", "daynight": "D", "scope": "world"}}, {"type": "Feature", "geometry": {"type": "Point", "coordinates": [15.0127, -6.1402]}, "properties": {"layer": "fire", "frp": 26.55, "confidence": "n", "acq_date": "2026-09-30", "acq_time": "1206", "satellite": "N", "daynight": "D", "scope": "world"}}, {"type": "Feature", "geometry": {"type": "Point", "coordinates": [15.0161, -6.1398]}, "properties": {"layer": "fire", "frp": 26.55, "confidence": "l", "acq_date": "2026-09-30", "acq_time": "1206", "satellite": "N", "daynight": "D", "scope": "world"}}, {"type": "Feature", "geometry": {"type": "Point", "coordinates": [129.8295, -20.604]}, "properties": {"layer": "fire", "frp": 26.53, "confidence": "l", "acq_date": "2026-09-30", "acq_time": "516", "satellite": "N", "daynight": "D", "scope": "world"}}, {"type": "Feature", "geometry": {"type": "Point", "coordinates": [129.8289, -20.6006]}, "properties": {"layer": "fire", "frp": 26.53, "confidence": "l", "acq_date": "2026-09-30", "acq_time": "516", "satellite": "N", "daynight": "D", "scope": "world"}}, {"type": "Feature", "geometry": {"type": "Point", "coordinates": [25.1945, -8.9215]}, "properties": {"layer": "fire", "frp": 26.53, "confidence": "n", "acq_date": "2026-09-30", "acq_time": "1204", "satellite": "N", "daynight": "D", "scope": "world"}}, {"type": "Feature", "geometry": {"type": "Point", "coordinates": [25.194, -8.9182]}, "properties": {"layer": "fire", "frp": 26.53, "confidence": "l", "acq_date": "2026-09-30", "acq_time": "1204", "satellite": "N", "daynight": "D", "scope": "world"}}, {"type": "Feature", "geometry": {"type": "Point", "coordinates": [25.1975, -8.9177]}, "properties": {"layer": "fire", "frp": 26.53, "confidence": "n", "acq_date": "2026-09-30", "acq_time": "1204", "satellite": "N", "daynight": "D", "scope": "world"}}, {"type": "Feature", "geometry": {"type": "Point", "coordinates": [30.5427, -11.0747]}, "properties": {"layer": "fire", "frp": 26.51, "confidence": "n", "acq_date": "2026-09-30", "acq_time": "1204", "satellite": "N", "daynight": "D", "scope": "world"}}, {"type": "Feature", "geometry": {"type": "Point", "coordinates": [30.542, -11.0705]}, "properties": {"layer": "fire", "frp": 26.51, "confidence": "n", "acq_date": "2026-09-30", "acq_time": "1204", "satellite": "N", "daynight": "D", "scope": "world"}}, {"type": "Feature", "geometry": {"type": "Point", "coordinates": [38.8365, -14.8891]}, "properties": {"layer": "fire", "frp": 26.47, "confidence": "h", "acq_date": "2026-09-30", "acq_time": "1202", "satellite": "N", "daynight": "D", "scope": "world"}}, {"type": "Feature", "geometry": {"type": "Point", "coordinates": [30.8855, -9.9294]}, "properties": {"layer": "fire", "frp": 26.46, "confidence": "h", "acq_date": "2026-09-30", "acq_time": "1204", "satellite": "N", "daynight": "D", "scope": "world"}}, {"type": "Feature", "geometry": {"type": "Point", "coordinates": [30.8895, -9.9286]}, "properties": {"layer": "fire", "frp": 26.46, "confidence": "n", "acq_date": "2026-09-30", "acq_time": "1204", "satellite": "N", "daynight": "D", "scope": "world"}}, {"type": "Feature", "geometry": {"type": "Point", "coordinates": [109.1721, 13.3858]}, "properties": {"layer": "fire", "frp": 26.45, "confidence": "l", "acq_date": "2026-09-30", "acq_time": "705", "satellite": "N", "daynight": "D", "scope": "world"}}, {"type": "Feature", "geometry": {"type": "Point", "coordinates": [37.2704, -3.0526]}, "properties": {"layer": "fire", "frp": 26.4, "confidence": "l", "acq_date": "2026-09-30", "acq_time": "1206", "satellite": "N", "daynight": "D", "scope": "world"}}, {"type": "Feature", "geometry": {"type": "Point", "coordinates": [14.8393, -15.7395]}, "properties": {"layer": "fire", "frp": 26.4, "confidence": "h", "acq_date": "2026-09-30", "acq_time": "1344", "satellite": "N", "daynight": "D", "scope": "world"}}, {"type": "Feature", "geometry": {"type": "Point", "coordinates": [14.846, -15.738]}, "properties": {"layer": "fire", "frp": 26.4, "confidence": "n", "acq_date": "2026-09-30", "acq_time": "1344", "satellite": "N", "daynight": "D", "scope": "world"}}, {"type": "Feature", "geometry": {"type": "Point", "coordinates": [35.3407, -2.3075]}, "properties": {"layer": "fire", "frp": 26.35, "confidence": "h", "acq_date": "2026-09-30", "acq_time": "1026", "satellite": "N", "daynight": "D", "scope": "world"}}, {"type": "Feature", "geometry": {"type": "Point", "coordinates": [53.711, 24.8573]}, "properties": {"layer": "fire", "frp": 26.35, "confidence": "h", "acq_date": "2026-09-30", "acq_time": "1032", "satellite": "N", "daynight": "D", "scope": "world"}}, {"type": "Feature", "geometry": {"type": "Point", "coordinates": [65.8234, 54.0107]}, "properties": {"layer": "fire", "frp": 26.3, "confidence": "n", "acq_date": "2026-09-30", "acq_time": "900", "satellite": "N", "daynight": "D", "scope": "world"}}, {"type": "Feature", "geometry": {"type": "Point", "coordinates": [15.5024, -15.2017]}, "properties": {"layer": "fire", "frp": 26.3, "confidence": "n", "acq_date": "2026-09-30", "acq_time": "1344", "satellite": "N", "daynight": "D", "scope": "world"}}, {"type": "Feature", "geometry": {"type": "Point", "coordinates": [31.9964, -11.1869]}, "properties": {"layer": "fire", "frp": 26.29, "confidence": "n", "acq_date": "2026-09-30", "acq_time": "1204", "satellite": "N", "daynight": "D", "scope": "world"}}, {"type": "Feature", "geometry": {"type": "Point", "coordinates": [30.5973, -4.0429]}, "properties": {"layer": "fire", "frp": 26.29, "confidence": "n", "acq_date": "2026-09-30", "acq_time": "1206", "satellite": "N", "daynight": "D", "scope": "world"}}, {"type": "Feature", "geometry": {"type": "Point", "coordinates": [43.8089, 35.7835]}, "properties": {"layer": "fire", "frp": 26.28, "confidence": "n", "acq_date": "2026-09-30", "acq_time": "1036", "satellite": "N", "daynight": "D", "scope": "world"}}, {"type": "Feature", "geometry": {"type": "Point", "coordinates": [139.9986, -7.8044]}, "properties": {"layer": "fire", "frp": 26.27, "confidence": "n", "acq_date": "2026-09-30", "acq_time": "338", "satellite": "N", "daynight": "D", "scope": "world"}}, {"type": "Feature", "geometry": {"type": "Point", "coordinates": [48.719, -16.5735]}, "properties": {"layer": "fire", "frp": 26.27, "confidence": "n", "acq_date": "2026-09-30", "acq_time": "1021", "satellite": "N", "daynight": "D", "scope": "world"}}, {"type": "Feature", "geometry": {"type": "Point", "coordinates": [48.7232, -16.5729]}, "properties": {"layer": "fire", "frp": 26.27, "confidence": "n", "acq_date": "2026-09-30", "acq_time": "1021", "satellite": "N", "daynight": "D", "scope": "world"}}, {"type": "Feature", "geometry": {"type": "Point", "coordinates": [144.7099, -18.6117]}, "properties": {"layer": "fire", "frp": 26.26, "confidence": "n", "acq_date": "2026-09-30", "acq_time": "334", "satellite": "N", "daynight": "D", "scope": "world"}}, {"type": "Feature", "geometry": {"type": "Point", "coordinates": [130.1686, -16.6283]}, "properties": {"layer": "fire", "frp": 26.25, "confidence": "n", "acq_date": "2026-09-30", "acq_time": "516", "satellite": "N", "daynight": "D", "scope": "world"}}, {"type": "Feature", "geometry": {"type": "Point", "coordinates": [37.1994, -2.9921]}, "properties": {"layer": "fire", "frp": 26.25, "confidence": "n", "acq_date": "2026-09-30", "acq_time": "1026", "satellite": "N", "daynight": "D", "scope": "world"}}, {"type": "Feature", "geometry": {"type": "Point", "coordinates": [37.2054, -2.9913]}, "properties": {"layer": "fire", "frp": 26.25, "confidence": "n", "acq_date": "2026-09-30", "acq_time": "1026", "satellite": "N", "daynight": "D", "scope": "world"}}]}