{"type": "FeatureCollection", "metadata": {"generated": "2026-10-02T17:15:46Z", "count": 99}, "features": [{"type": "Feature", "geometry": {"type": "LineString", "coordinates": [[-110.8, 19.3], [-111.4, 19.3], [-112.1, 19.6], [-112.9, 19.8], [-113.9, 20.0], [-115.0, 20.2], [-116.3, 20.3], [-119.5, 20.8], [-122.8, 21.7]]}, "properties": {"layer": "storm_track", "kind": "forecast", "storm_id": "ep182026", "storm_name": "Rachel"}}, {"type": "Feature", "geometry": {"type": "Point", "coordinates": [-110.8, 19.3]}, "properties": {"layer": "storm_track", "kind": "forecast_point", "storm_id": "ep182026", "storm_name": "Rachel", "label": "Ahora", "wind_kt": 95, "category": "Categoria 2", "valid_text": "8:00 AM MST October 02, 2026"}}, {"type": "Feature", "geometry": {"type": "Point", "coordinates": [-111.4, 19.3]}, "properties": {"layer": "storm_track", "kind": "forecast_point", "storm_id": "ep182026", "storm_name": "Rachel", "label": "+12h", "wind_kt": 85, "category": "Categoria 2", "valid_text": "5:00 PM MST October 02, 2026"}}, {"type": "Feature", "geometry": {"type": "Point", "coordinates": [-112.1, 19.6]}, "properties": {"layer": "storm_track", "kind": "forecast_point", "storm_id": "ep182026", "storm_name": "Rachel", "label": "+24h", "wind_kt": 75, "category": "Categoria 1 (huracan)", "valid_text": "5:00 AM MST October 03, 2026"}}, {"type": "Feature", "geometry": {"type": "Point", "coordinates": [-112.9, 19.8]}, "properties": {"layer": "storm_track", "kind": "forecast_point", "storm_id": "ep182026", "storm_name": "Rachel", "label": "+36h", "wind_kt": 70, "category": "Categoria 1 (huracan)", "valid_text": "5:00 PM MST October 03, 2026"}}, {"type": "Feature", "geometry": {"type": "Point", "coordinates": [-113.9, 20.0]}, "properties": {"layer": "storm_track", "kind": "forecast_point", "storm_id": "ep182026", "storm_name": "Rachel", "label": "+48h", "wind_kt": 70, "category": "Categoria 1 (huracan)", "valid_text": "5:00 AM MST October 04, 2026"}}, {"type": "Feature", "geometry": {"type": "Point", "coordinates": [-115.0, 20.2]}, "properties": {"layer": "storm_track", "kind": "forecast_point", "storm_id": "ep182026", "storm_name": "Rachel", "label": "+60h", "wind_kt": 70, "category": "Categoria 1 (huracan)", "valid_text": "5:00 PM MST October 04, 2026"}}, {"type": "Feature", "geometry": {"type": "Point", "coordinates": [-116.3, 20.3]}, "properties": {"layer": "storm_track", "kind": "forecast_point", "storm_id": "ep182026", "storm_name": "Rachel", "label": "+72h", "wind_kt": 70, "category": "Categoria 1 (huracan)", "valid_text": "5:00 AM MST October 05, 2026"}}, {"type": "Feature", "geometry": {"type": "Point", "coordinates": [-119.5, 20.8]}, "properties": {"layer": "storm_track", "kind": "forecast_point", "storm_id": "ep182026", "storm_name": "Rachel", "label": "+96h", "wind_kt": 70, "category": "Categoria 1 (huracan)", "valid_text": "5:00 AM MST October 06, 2026"}}, {"type": "Feature", "geometry": {"type": "Point", "coordinates": [-122.8, 21.7]}, "properties": {"layer": "storm_track", "kind": "forecast_point", "storm_id": "ep182026", "storm_name": "Rachel", "label": "+120h", "wind_kt": 60, "category": "Tormenta tropical", "valid_text": "5:00 AM MST October 07, 2026"}}, {"type": "Feature", "geometry": {"type": "Polygon", "coordinates": [[[-110.7798, 21.4605], [-110.7393, 21.4598], [-110.6988, 21.4585], [-110.6583, 21.4565], [-110.6179, 21.4538], [-110.5776, 21.4505], [-110.5373, 21.4465], [-110.4971, 21.4418], [-110.457, 21.4365], [-110.417, 21.4305], [-110.3772, 21.4239], [-110.3374, 21.4166], [-110.2978, 21.4087], [-110.2584, 21.4001], [-110.2192, 21.3908], [-110.1801, 21.3809], [-110.1412, 21.3704], [-110.1026, 21.3592], [-110.0641, 21.3474], [-110.0259, 21.335], [-109.9879, 21.3219], [-109.9502, 21.3082], [-109.9128, 21.2939], [-109.8756, 21.279], [-109.8388, 21.2635], [-109.8022, 21.2473], [-109.766, 21.2306], [-109.7301, 21.2133], [-109.6945, 21.1954], [-109.6592, 21.1769], [-109.6244, 21.1578], [-109.5899, 21.1381], [-109.5558, 21.1179], [-109.522, 21.0972], [-109.4887, 21.0758], [-109.4558, 21.054], [-109.4233, 21.0315], [-109.3913, 21.0086], [-109.3597, 20.9851], [-109.3285, 20.9612], [-109.2978, 20.9367], [-109.2676, 20.9117], [-109.2379, 20.8862], [-109.2086, 20.8602], [-109.1799, 20.8338], [-109.1516, 20.8069], [-109.1239, 20.7795], [-109.0967, 20.7517], [-109.0701, 20.7234], [-109.0439, 20.6947], [-109.0183, 20.6655], [-108.9933, 20.636], [-108.9689, 20.606], [-108.945, 20.5757], [-108.9217, 20.5449], [-108.899, 20.5138], [-108.8768, 20.4823], [-108.8553, 20.4505], [-108.8344, 20.4183], [-108.8141, 20.3857], [-108.7944, 20.3529], [-108.7753, 20.3197], [-108.7569, 20.2862], [-108.7391, 20.2524], [-108.7219, 20.2183], [-108.7054, 20.1839], [-108.6895, 20.1493], [-108.6742, 20.1144], [-108.6597, 20.0793], [-108.6458, 20.0439], [-108.6325, 20.0083], [-108.6199, 19.9725], [-108.608, 19.9365], [-108.5968, 19.9003], [-108.5863, 19.864], [-108.5764, 19.8274], [-108.5672, 19.7907], [-108.5587, 19.7539], [-108.5509, 19.7169], [-108.5438, 19.6798], [-108.5373, 19.6426], [-108.5316, 19.6053], [-108.5265, 19.5679], [-108.5222, 19.5304], [-108.5185, 19.4929], [-108.5156, 19.4553], [-108.5133, 19.4177], [-108.5117, 19.38], [-108.5109, 19.3423], [-108.5107, 19.3046], [-108.5112, 19.2669], [-108.5125, 19.2292], [-108.5144, 19.1916], [-108.517, 19.1539], [-108.5203, 19.1164], [-108.5243, 19.0789], [-108.529, 19.0414], [-108.5343, 19.0041], [-108.5404, 18.9668], [-108.5472, 18.9296], [-108.5546, 18.8926], [-108.5627, 18.8557], [-108.5714, 18.8189], [-108.5809, 18.7823], [-108.591, 18.7458], [-108.6018, 18.7095], [-108.6132, 18.6734], [-108.6253, 18.6375], [-108.6381, 18.6018], [-108.6515, 18.5663], [-108.6656, 18.531], [-108.6802, 18.496], [-108.6956, 18.4612], [-108.7115, 18.4267], [-108.7281, 18.3924], [-108.7453, 18.3585], [-108.7631, 18.3248], [-108.7816, 18.2914], [-108.8006, 18.2583], [-108.8202, 18.2255], [-108.8405, 18.1931], [-108.8613, 18.161], [-108.8827, 18.1292], [-108.9046, 18.0978], [-108.9271, 18.0668], [-108.9502, 18.0361], [-108.9738, 18.0059], [-108.998, 17.976], [-109.0227, 17.9465], [-109.048, 17.9174], [-109.0737, 17.8888], [-109.1, 17.8606], [-109.1268, 17.8328], [-109.154, 17.8055], [-109.1818, 17.7786], [-109.21, 17.7522], [-109.2388, 17.7262], [-109.2679, 17.7007], [-109.2976, 17.6758], [-109.3276, 17.6513], [-109.3581, 17.6273], [-109.3891, 17.6038], [-109.4204, 17.5808], [-109.4522, 17.5583], [-109.4843, 17.5364], [-109.5169, 17.515], [-109.5498, 17.4941], [-109.5831, 17.4738], [-109.6168, 17.454], [-109.6508, 17.4348], [-109.6851, 17.4162], [-109.7198, 17.3981], [-109.7548, 17.3806], [-109.7901, 17.3637], [-109.8257, 17.3473], [-109.8616, 17.3316], [-109.8977, 17.3164], [-109.9341, 17.3018], [-109.9708, 17.2879], [-110.0077, 17.2745], [-110.0449, 17.2618], [-110.0823, 17.2497], [-110.1199, 17.2381], [-110.1577, 17.2273], [-110.1956, 17.217], [-110.2338, 17.2073], [-110.2721, 17.1983], [-110.3106, 17.19], [-110.3492, 17.1822], [-110.388, 17.1751], [-110.4268, 17.1686], [-110.4658, 17.1628], [-110.5049, 17.1576], [-110.5441, 17.1531], [-110.5833, 17.1492], [-110.6226, 17.1459], [-110.662, 17.1434], [-110.7014, 17.1414], [-110.7408, 17.1401], [-110.7803, 17.1395], [-110.8197, 17.1395], [-110.8592, 17.1401], [-110.8986, 17.1414], [-110.938, 17.1433], [-110.9774, 17.1459], [-111.0167, 17.1492], [-111.0559, 17.1531], [-111.0951, 17.1576], [-111.1342, 17.1628], [-111.1731, 17.1686], [-111.212, 17.1751], [-111.2508, 17.1822], [-111.2894, 17.1899], [-111.3279, 17.1983], [-111.3662, 17.2073], [-111.4044, 17.217], [-111.4423, 17.2272], [-111.4801, 17.2381], [-111.5177, 17.2497], [-111.5551, 17.2618], [-111.5923, 17.2745], [-111.6292, 17.2879], [-111.6659, 17.3018], [-111.7023, 17.3164], [-111.7384, 17.3316], [-111.7743, 17.3473], [-111.8099, 17.3637], [-111.8452, 17.3806], [-111.8802, 17.3981], [-111.9149, 17.4162], [-111.9492, 17.4348], [-111.9832, 17.454], [-112.0169, 17.4738], [-112.0502, 17.4941], [-112.0831, 17.515], [-112.1156, 17.5364], [-112.1478, 17.5583], [-112.1796, 17.5808], [-112.2109, 17.6038], [-112.2419, 17.6272], [-112.2724, 17.6513], [-112.3024, 17.6757], [-112.3321, 17.7007], [-112.3612, 17.7262], [-112.39, 17.7522], [-112.4182, 17.7786], [-112.446, 17.8055], [-112.4732, 17.8328], [-112.5, 17.8606], [-112.5263, 17.8888], [-112.552, 17.9174], [-112.5773, 17.9465], [-112.602, 17.976], [-112.6262, 18.0059], [-112.6498, 18.0361], [-112.6729, 18.0668], [-112.6954, 18.0978], [-112.7173, 18.1292], [-112.7387, 18.161], [-112.7596, 18.1931], [-112.7798, 18.2255], [-112.7994, 18.2583], [-112.8184, 18.2914], [-112.8369, 18.3248], [-112.8547, 18.3584], [-112.8719, 18.3924], [-112.8885, 18.4267], [-112.9044, 18.4612], [-112.9198, 18.496], [-112.9345, 18.531], [-112.9485, 18.5663], [-112.9619, 18.6018], [-112.9747, 18.6375], [-112.9868, 18.6734], [-112.9982, 18.7095], [-113.009, 18.7458], [-113.0191, 18.7823], [-113.0286, 18.8189], [-113.0373, 18.8557], [-113.0455, 18.8926], [-113.0529, 18.9296], [-113.0596, 18.9668], [-113.0657, 19.004], [-113.071, 19.0414], [-113.0757, 19.0788], [-113.0797, 19.1164], [-113.083, 19.1539], [-113.0856, 19.1915], [-113.0876, 19.2292], [-113.0888, 19.2669], [-113.0893, 19.3046], [-113.0891, 19.3423], [-113.0883, 19.38], [-113.0867, 19.4176], [-113.0844, 19.4553], [-113.0815, 19.4929], [-113.0778, 19.5304], [-113.0735, 19.5679], [-113.0684, 19.6053], [-113.0627, 19.6426], [-113.0563, 19.6798], [-113.0491, 19.7169], [-113.0413, 19.7539], [-113.0328, 19.7907], [-113.0236, 19.8274], [-113.0138, 19.864], [-113.0032, 19.9003], [-112.992, 19.9365], [-112.9801, 19.9725], [-112.9675, 20.0083], [-112.9543, 20.0439], [-112.9403, 20.0793], [-112.9258, 20.1144], [-112.9105, 20.1493], [-112.8947, 20.1839], [-112.8781, 20.2183], [-112.8609, 20.2524], [-112.8431, 20.2862], [-112.8247, 20.3197], [-112.8056, 20.3529], [-112.7859, 20.3857], [-112.7656, 20.4183], [-112.7447, 20.4505], [-112.7232, 20.4823], [-112.701, 20.5138], [-112.6783, 20.5449], [-112.655, 20.5757], [-112.6311, 20.606], [-112.6067, 20.636], [-112.5817, 20.6655], [-112.5561, 20.6947], [-112.53, 20.7234], [-112.5033, 20.7516], [-112.4761, 20.7795], [-112.4484, 20.8069], [-112.4201, 20.8338], [-112.3914, 20.8602], [-112.3622, 20.8862], [-112.3324, 20.9117], [-112.3022, 20.9367], [-112.2715, 20.9612], [-112.2403, 20.9851], [-112.2087, 21.0086], [-112.1767, 21.0315], [-112.1442, 21.054], [-112.1113, 21.0758], [-112.078, 21.0971], [-112.0443, 21.1179], [-112.0101, 21.1381], [-111.9756, 21.1578], [-111.9408, 21.1769], [-111.9055, 21.1954], [-111.87, 21.2133], [-111.8341, 21.2306], [-111.7978, 21.2473], [-111.7612, 21.2635], [-111.7244, 21.279], [-111.6872, 21.2939], [-111.6498, 21.3082], [-111.6121, 21.3219], [-111.5741, 21.335], [-111.5359, 21.3474], [-111.4975, 21.3592], [-111.4588, 21.3704], [-111.4199, 21.3809], [-111.3809, 21.3908], [-111.3416, 21.4001], [-111.3022, 21.4087], [-111.2626, 21.4166], [-111.2229, 21.4239], [-111.183, 21.4305], [-111.143, 21.4365], [-111.1029, 21.4418], [-111.0627, 21.4465], [-111.0225, 21.4505], [-110.9821, 21.4538], [-110.9417, 21.4565], [-110.9013, 21.4585], [-110.8608, 21.4598], [-110.8203, 21.4605], [-110.7798, 21.4605]]]}, "properties": {"layer": "storm_track", "kind": "wind_radii_current", "storm_id": "ep182026", "storm_name": "Rachel", "wind_kt": 34}}, {"type": "Feature", "geometry": {"type": "Polygon", "coordinates": [[[-110.7892, 20.4634], [-110.7675, 20.463], [-110.7459, 20.4623], [-110.7242, 20.4612], [-110.7026, 20.4598], [-110.681, 20.458], [-110.6594, 20.4559], [-110.6379, 20.4534], [-110.6165, 20.4505], [-110.5951, 20.4473], [-110.5738, 20.4438], [-110.5525, 20.4399], [-110.5313, 20.4356], [-110.5102, 20.431], [-110.4892, 20.4261], [-110.4683, 20.4208], [-110.4475, 20.4151], [-110.4268, 20.4092], [-110.4062, 20.4028], [-110.3857, 20.3962], [-110.3654, 20.3892], [-110.3452, 20.3819], [-110.3251, 20.3742], [-110.3052, 20.3662], [-110.2854, 20.3579], [-110.2658, 20.3493], [-110.2464, 20.3403], [-110.2271, 20.331], [-110.2081, 20.3214], [-110.1892, 20.3115], [-110.1705, 20.3013], [-110.1519, 20.2908], [-110.1336, 20.28], [-110.1155, 20.2689], [-110.0976, 20.2574], [-110.08, 20.2457], [-110.0625, 20.2337], [-110.0453, 20.2214], [-110.0283, 20.2088], [-110.0115, 20.196], [-109.995, 20.1829], [-109.9789, 20.1694], [-109.9631, 20.1555], [-109.9478, 20.1413], [-109.9329, 20.1266], [-109.9184, 20.1116], [-109.9044, 20.0962], [-109.8908, 20.0805], [-109.8778, 20.0644], [-109.8652, 20.0479], [-109.853, 20.0313], [-109.8412, 20.0144], [-109.8297, 19.9974], [-109.8185, 19.9802], [-109.8077, 19.9629], [-109.7972, 19.9454], [-109.7871, 19.9278], [-109.7773, 19.91], [-109.7678, 19.8921], [-109.7588, 19.8741], [-109.75, 19.856], [-109.7417, 19.8377], [-109.7337, 19.8194], [-109.726, 19.8009], [-109.7187, 19.7824], [-109.7118, 19.7637], [-109.7052, 19.745], [-109.699, 19.7262], [-109.6932, 19.7073], [-109.6877, 19.6884], [-109.6826, 19.6694], [-109.6778, 19.6504], [-109.6735, 19.6313], [-109.6695, 19.6122], [-109.6658, 19.593], [-109.6625, 19.5739], [-109.6596, 19.5547], [-109.657, 19.5355], [-109.6548, 19.5162], [-109.653, 19.497], [-109.6515, 19.4778], [-109.6504, 19.4586], [-109.6497, 19.4394], [-109.6493, 19.4203], [-109.6492, 19.4011], [-109.6496, 19.382], [-109.6502, 19.363], [-109.6513, 19.344], [-109.6527, 19.325], [-109.6544, 19.3061], [-109.6565, 19.2872], [-109.6589, 19.2685], [-109.6617, 19.2498], [-109.6648, 19.2312], [-109.6683, 19.2126], [-109.672, 19.1942], [-109.6762, 19.1758], [-109.6807, 19.1576], [-109.6854, 19.1395], [-109.6906, 19.1215], [-109.696, 19.1036], [-109.7018, 19.0858], [-109.7079, 19.0682], [-109.7143, 19.0506], [-109.721, 19.0333], [-109.728, 19.016], [-109.7353, 18.999], [-109.743, 18.982], [-109.7509, 18.9653], [-109.7591, 18.9487], [-109.7676, 18.9322], [-109.7765, 18.916], [-109.7855, 18.8999], [-109.7949, 18.884], [-109.8046, 18.8683], [-109.8145, 18.8528], [-109.8247, 18.8374], [-109.8351, 18.8223], [-109.8458, 18.8074], [-109.8568, 18.7926], [-109.868, 18.7781], [-109.8795, 18.7638], [-109.8912, 18.7497], [-109.9031, 18.7359], [-109.9153, 18.7223], [-109.9277, 18.7089], [-109.9403, 18.6957], [-109.9531, 18.6827], [-109.9662, 18.67], [-109.9795, 18.6576], [-109.9929, 18.6454], [-110.0066, 18.6334], [-110.0204, 18.6217], [-110.0345, 18.6102], [-110.0487, 18.599], [-110.0631, 18.5881], [-110.0777, 18.5774], [-110.0924, 18.567], [-110.1074, 18.5568], [-110.1224, 18.5469], [-110.1376, 18.5373], [-110.153, 18.528], [-110.1685, 18.5189], [-110.1842, 18.5101], [-110.1999, 18.5016], [-110.2158, 18.4934], [-110.2319, 18.4854], [-110.248, 18.4777], [-110.2642, 18.4703], [-110.2806, 18.4632], [-110.297, 18.4564], [-110.3135, 18.4499], [-110.3302, 18.4436], [-110.3469, 18.4377], [-110.3636, 18.432], [-110.3805, 18.4266], [-110.3974, 18.4216], [-110.4144, 18.4168], [-110.4314, 18.4123], [-110.4484, 18.4081], [-110.4656, 18.4042], [-110.4827, 18.4005], [-110.4999, 18.3972], [-110.5171, 18.3942], [-110.5343, 18.3914], [-110.5515, 18.389], [-110.5688, 18.3868], [-110.586, 18.385], [-110.6033, 18.3834], [-110.6205, 18.3821], [-110.6377, 18.3811], [-110.655, 18.3804], [-110.6722, 18.38], [-110.6893, 18.3798], [-110.7064, 18.38], [-110.7235, 18.3804], [-110.7406, 18.3812], [-110.7576, 18.3822], [-110.7745, 18.3834], [-110.7914, 18.385], [-110.8082, 18.3869], [-110.8249, 18.389], [-110.8416, 18.3914], [-110.8582, 18.394], [-110.8747, 18.397], [-110.8911, 18.4002], [-110.9074, 18.4036], [-110.9236, 18.4074], [-110.9397, 18.4114], [-110.9557, 18.4156], [-110.9716, 18.4202], [-110.9874, 18.4249], [-111.0031, 18.4299], [-111.0186, 18.4352], [-111.034, 18.4407], [-111.0492, 18.4465], [-111.0643, 18.4525], [-111.0793, 18.4587], [-111.0941, 18.4652], [-111.1088, 18.4719], [-111.1233, 18.4789], [-111.1377, 18.4861], [-111.1519, 18.4935], [-111.1659, 18.5011], [-111.1798, 18.5089], [-111.1934, 18.5169], [-111.2069, 18.5252], [-111.2202, 18.5337], [-111.2334, 18.5423], [-111.2463, 18.5512], [-111.259, 18.5602], [-111.2716, 18.5695], [-111.2839, 18.5789], [-111.2961, 18.5885], [-111.308, 18.5984], [-111.3197, 18.6083], [-111.3313, 18.6185], [-111.3426, 18.6288], [-111.3537, 18.6393], [-111.3645, 18.6499], [-111.3752, 18.6607], [-111.3858, 18.6715], [-111.3967, 18.682], [-111.4079, 18.6922], [-111.4193, 18.7021], [-111.431, 18.7118], [-111.443, 18.7213], [-111.4553, 18.7306], [-111.468, 18.7397], [-111.4809, 18.7486], [-111.494, 18.7575], [-111.507, 18.7667], [-111.5198, 18.7762], [-111.5325, 18.7859], [-111.5451, 18.7959], [-111.5575, 18.8061], [-111.5697, 18.8167], [-111.5819, 18.8274], [-111.5938, 18.8384], [-111.6056, 18.8497], [-111.6172, 18.8612], [-111.6286, 18.8729], [-111.6399, 18.8849], [-111.6509, 18.8971], [-111.6618, 18.9096], [-111.6724, 18.9223], [-111.6829, 18.9353], [-111.6931, 18.9484], [-111.7031, 18.9618], [-111.7129, 18.9754], [-111.7225, 18.9893], [-111.7318, 19.0033], [-111.7409, 19.0176], [-111.7498, 19.0321], [-111.7584, 19.0467], [-111.7667, 19.0616], [-111.7748, 19.0767], [-111.7826, 19.092], [-111.7902, 19.1074], [-111.7975, 19.1231], [-111.8045, 19.1389], [-111.8113, 19.1549], [-111.8177, 19.1711], [-111.8239, 19.1874], [-111.8297, 19.2039], [-111.8353, 19.2206], [-111.8406, 19.2374], [-111.8456, 19.2544], [-111.8502, 19.2715], [-111.8545, 19.2887], [-111.8586, 19.3061], [-111.8622, 19.3236], [-111.8656, 19.3412], [-111.8687, 19.359], [-111.8714, 19.3768], [-111.8737, 19.3948], [-111.8758, 19.4129], [-111.8775, 19.431], [-111.8788, 19.4493], [-111.8798, 19.4676], [-111.8805, 19.486], [-111.8808, 19.5045], [-111.8807, 19.5231], [-111.8803, 19.5417], [-111.8795, 19.5603], [-111.8783, 19.579], [-111.8768, 19.5978], [-111.875, 19.6166], [-111.8727, 19.6354], [-111.8701, 19.6542], [-111.8671, 19.673], [-111.8638, 19.6919], [-111.86, 19.7107], [-111.8559, 19.7296], [-111.8514, 19.7484], [-111.8466, 19.7672], [-111.8413, 19.786], [-111.8357, 19.8048], [-111.8297, 19.8235], [-111.8233, 19.8422], [-111.8165, 19.8608], [-111.8094, 19.8794], [-111.8018, 19.8979], [-111.7939, 19.9163], [-111.7856, 19.9347], [-111.777, 19.9529], [-111.7679, 19.9711], [-111.7585, 19.9892], [-111.7487, 20.0072], [-111.7385, 20.025], [-111.7279, 20.0427], [-111.7168, 20.0602], [-111.7051, 20.0772], [-111.6926, 20.0938], [-111.6796, 20.1099], [-111.6659, 20.1255], [-111.6515, 20.1406], [-111.6366, 20.1553], [-111.6211, 20.1693], [-111.605, 20.1829], [-111.5885, 20.196], [-111.5717, 20.2088], [-111.5547, 20.2214], [-111.5375, 20.2337], [-111.52, 20.2457], [-111.5024, 20.2574], [-111.4845, 20.2689], [-111.4664, 20.28], [-111.4481, 20.2908], [-111.4296, 20.3013], [-111.4109, 20.3115], [-111.3919, 20.3214], [-111.3729, 20.331], [-111.3536, 20.3403], [-111.3342, 20.3493], [-111.3146, 20.3579], [-111.2948, 20.3662], [-111.2749, 20.3742], [-111.2548, 20.3819], [-111.2347, 20.3892], [-111.2143, 20.3962], [-111.1938, 20.4028], [-111.1732, 20.4092], [-111.1526, 20.4151], [-111.1317, 20.4208], [-111.1108, 20.4261], [-111.0898, 20.431], [-111.0687, 20.4356], [-111.0475, 20.4399], [-111.0263, 20.4438], [-111.0049, 20.4473], [-110.9835, 20.4505], [-110.9621, 20.4534], [-110.9406, 20.4559], [-110.919, 20.458], [-110.8974, 20.4598], [-110.8758, 20.4612], [-110.8542, 20.4623], [-110.8325, 20.463], [-110.8108, 20.4634], [-110.7892, 20.4634]]]}, "properties": {"layer": "storm_track", "kind": "wind_radii_current", "storm_id": "ep182026", "storm_name": "Rachel", "wind_kt": 50}}, {"type": "Feature", "geometry": {"type": "Polygon", "coordinates": [[[-110.7941, 19.9237], [-110.7825, 19.9244], [-110.7709, 19.925], [-110.7592, 19.9253], [-110.7475, 19.9255], [-110.7358, 19.9254], [-110.7241, 19.9252], [-110.7124, 19.9248], [-110.7007, 19.9241], [-110.689, 19.9233], [-110.6772, 19.9223], [-110.6655, 19.9211], [-110.6538, 19.9197], [-110.6421, 19.9181], [-110.6303, 19.9163], [-110.6187, 19.9143], [-110.607, 19.9121], [-110.5954, 19.9097], [-110.5838, 19.9071], [-110.5722, 19.9043], [-110.5607, 19.9013], [-110.5492, 19.8981], [-110.5378, 19.8948], [-110.5264, 19.8912], [-110.5151, 19.8875], [-110.5038, 19.8835], [-110.4926, 19.8794], [-110.4814, 19.875], [-110.4703, 19.8705], [-110.4593, 19.8658], [-110.4484, 19.8609], [-110.4375, 19.8558], [-110.4267, 19.8505], [-110.4161, 19.8451], [-110.4054, 19.8394], [-110.3949, 19.8336], [-110.3845, 19.8276], [-110.3742, 19.8214], [-110.364, 19.815], [-110.3539, 19.8084], [-110.3439, 19.8017], [-110.3341, 19.7947], [-110.3247, 19.7873], [-110.3157, 19.7796], [-110.3071, 19.7714], [-110.2988, 19.763], [-110.2909, 19.7542], [-110.2835, 19.745], [-110.2765, 19.7355], [-110.2698, 19.7258], [-110.2636, 19.7158], [-110.2575, 19.7057], [-110.2516, 19.6956], [-110.246, 19.6854], [-110.2405, 19.6752], [-110.2353, 19.6649], [-110.2303, 19.6545], [-110.2255, 19.6441], [-110.2209, 19.6336], [-110.2165, 19.6231], [-110.2123, 19.6125], [-110.2084, 19.6019], [-110.2046, 19.5913], [-110.2011, 19.5806], [-110.1978, 19.5699], [-110.1947, 19.5592], [-110.1918, 19.5484], [-110.1891, 19.5377], [-110.1866, 19.5269], [-110.1844, 19.5161], [-110.1823, 19.5054], [-110.1805, 19.4946], [-110.1789, 19.4838], [-110.1775, 19.473], [-110.1763, 19.4623], [-110.1753, 19.4515], [-110.1745, 19.4408], [-110.174, 19.43], [-110.1736, 19.4194], [-110.1734, 19.4087], [-110.1734, 19.398], [-110.1737, 19.3874], [-110.1741, 19.3769], [-110.1748, 19.3664], [-110.1756, 19.3559], [-110.1766, 19.3455], [-110.1779, 19.3351], [-110.1793, 19.3247], [-110.1809, 19.3145], [-110.1827, 19.3043], [-110.1847, 19.2941], [-110.1869, 19.284], [-110.1892, 19.274], [-110.1918, 19.2641], [-110.1945, 19.2542], [-110.1974, 19.2445], [-110.2005, 19.2347], [-110.2037, 19.2251], [-110.2072, 19.2156], [-110.2107, 19.2062], [-110.2145, 19.1968], [-110.2184, 19.1876], [-110.2225, 19.1784], [-110.2268, 19.1693], [-110.2312, 19.1604], [-110.2358, 19.1515], [-110.2405, 19.1428], [-110.2453, 19.1342], [-110.2504, 19.1257], [-110.2555, 19.1172], [-110.2608, 19.109], [-110.2663, 19.1008], [-110.2718, 19.0927], [-110.2776, 19.0848], [-110.2834, 19.077], [-110.2894, 19.0693], [-110.2954, 19.0618], [-110.3017, 19.0544], [-110.308, 19.0471], [-110.3145, 19.0399], [-110.321, 19.0329], [-110.3277, 19.026], [-110.3345, 19.0193], [-110.3414, 19.0127], [-110.3484, 19.0062], [-110.3555, 18.9999], [-110.3626, 18.9937], [-110.3699, 18.9877], [-110.3773, 18.9818], [-110.3847, 18.9761], [-110.3923, 18.9705], [-110.3998, 18.965], [-110.4074, 18.9596], [-110.415, 18.9543], [-110.4226, 18.949], [-110.4301, 18.9439], [-110.4377, 18.9387], [-110.4453, 18.9337], [-110.4529, 18.9287], [-110.4605, 18.9238], [-110.4681, 18.919], [-110.4758, 18.9143], [-110.4835, 18.9097], [-110.4914, 18.9053], [-110.4993, 18.901], [-110.5072, 18.8969], [-110.5152, 18.8929], [-110.5233, 18.8891], [-110.5315, 18.8854], [-110.5396, 18.8818], [-110.5479, 18.8784], [-110.5562, 18.8751], [-110.5645, 18.872], [-110.5728, 18.869], [-110.5813, 18.8661], [-110.5897, 18.8634], [-110.5982, 18.8609], [-110.6067, 18.8585], [-110.6152, 18.8562], [-110.6238, 18.8541], [-110.6323, 18.8522], [-110.6409, 18.8503], [-110.6495, 18.8487], [-110.6582, 18.8471], [-110.6668, 18.8458], [-110.6754, 18.8445], [-110.6841, 18.8435], [-110.6927, 18.8425], [-110.7014, 18.8417], [-110.71, 18.8411], [-110.7187, 18.8406], [-110.7273, 18.8402], [-110.7359, 18.84], [-110.7445, 18.8399], [-110.7531, 18.84], [-110.7617, 18.8402], [-110.7702, 18.8406], [-110.7787, 18.8411], [-110.7872, 18.8417], [-110.7957, 18.8425], [-110.8041, 18.8434], [-110.8125, 18.8445], [-110.8208, 18.8457], [-110.8292, 18.847], [-110.8374, 18.8485], [-110.8457, 18.8501], [-110.8539, 18.8518], [-110.862, 18.8537], [-110.87, 18.8557], [-110.8781, 18.8578], [-110.886, 18.8601], [-110.894, 18.8625], [-110.9018, 18.865], [-110.9096, 18.8676], [-110.9173, 18.8704], [-110.9249, 18.8733], [-110.9325, 18.8763], [-110.94, 18.8794], [-110.9474, 18.8827], [-110.9548, 18.886], [-110.9621, 18.8895], [-110.9693, 18.8931], [-110.9764, 18.8968], [-110.9834, 18.9006], [-110.9903, 18.9045], [-110.9972, 18.9086], [-111.0039, 18.9127], [-111.0106, 18.9169], [-111.0172, 18.9213], [-111.0236, 18.9257], [-111.03, 18.9303], [-111.0363, 18.9349], [-111.0425, 18.9396], [-111.0486, 18.9444], [-111.0545, 18.9493], [-111.0604, 18.9543], [-111.0662, 18.9594], [-111.0718, 18.9646], [-111.0774, 18.9699], [-111.0828, 18.9752], [-111.0881, 18.9806], [-111.0935, 18.986], [-111.0989, 18.9912], [-111.1045, 18.9963], [-111.1102, 19.0013], [-111.1161, 19.0062], [-111.1221, 19.0109], [-111.1282, 19.0156], [-111.1346, 19.0201], [-111.141, 19.0246], [-111.1476, 19.0291], [-111.1541, 19.0337], [-111.1605, 19.0384], [-111.1668, 19.0433], [-111.1731, 19.0483], [-111.1793, 19.0535], [-111.1854, 19.0587], [-111.1915, 19.0641], [-111.1974, 19.0696], [-111.2033, 19.0753], [-111.2091, 19.081], [-111.2148, 19.0869], [-111.2205, 19.0929], [-111.226, 19.0991], [-111.2314, 19.1053], [-111.2367, 19.1117], [-111.2419, 19.1182], [-111.247, 19.1248], [-111.252, 19.1315], [-111.2569, 19.1383], [-111.2617, 19.1452], [-111.2663, 19.1522], [-111.2708, 19.1594], [-111.2753, 19.1666], [-111.2795, 19.174], [-111.2837, 19.1814], [-111.2877, 19.189], [-111.2916, 19.1966], [-111.2954, 19.2044], [-111.299, 19.2122], [-111.3025, 19.2201], [-111.3059, 19.2281], [-111.3091, 19.2362], [-111.3121, 19.2444], [-111.315, 19.2527], [-111.3178, 19.261], [-111.3204, 19.2694], [-111.3228, 19.2779], [-111.3251, 19.2865], [-111.3273, 19.2951], [-111.3293, 19.3038], [-111.3311, 19.3126], [-111.3327, 19.3214], [-111.3342, 19.3303], [-111.3356, 19.3392], [-111.3367, 19.3482], [-111.3377, 19.3572], [-111.3385, 19.3663], [-111.3392, 19.3754], [-111.3396, 19.3846], [-111.3399, 19.3938], [-111.34, 19.4031], [-111.34, 19.4123], [-111.3397, 19.4216], [-111.3393, 19.431], [-111.3387, 19.4403], [-111.3379, 19.4497], [-111.337, 19.4591], [-111.3358, 19.4685], [-111.3345, 19.4779], [-111.3329, 19.4873], [-111.3312, 19.4967], [-111.3293, 19.5061], [-111.3273, 19.5156], [-111.325, 19.525], [-111.3225, 19.5344], [-111.3199, 19.5438], [-111.317, 19.5531], [-111.314, 19.5625], [-111.3108, 19.5718], [-111.3074, 19.5811], [-111.3038, 19.5904], [-111.3, 19.5996], [-111.296, 19.6088], [-111.2918, 19.618], [-111.2875, 19.6271], [-111.2829, 19.6362], [-111.2782, 19.6452], [-111.2733, 19.6542], [-111.2682, 19.6631], [-111.2629, 19.672], [-111.2574, 19.6807], [-111.2516, 19.6893], [-111.2456, 19.6978], [-111.2393, 19.7061], [-111.2327, 19.7142], [-111.2259, 19.7222], [-111.2189, 19.73], [-111.2117, 19.7377], [-111.2042, 19.7451], [-111.1965, 19.7524], [-111.1887, 19.7596], [-111.1807, 19.7667], [-111.1726, 19.7736], [-111.1643, 19.7804], [-111.1559, 19.7871], [-111.1474, 19.7937], [-111.1387, 19.8001], [-111.1299, 19.8064], [-111.1209, 19.8125], [-111.1119, 19.8185], [-111.1027, 19.8244], [-111.0934, 19.8301], [-111.0839, 19.8357], [-111.0744, 19.8411], [-111.0647, 19.8464], [-111.0549, 19.8515], [-111.045, 19.8565], [-111.035, 19.8613], [-111.0249, 19.866], [-111.0147, 19.8704], [-111.0044, 19.8748], [-110.994, 19.8789], [-110.9835, 19.8829], [-110.9729, 19.8867], [-110.9623, 19.8904], [-110.9515, 19.8939], [-110.9407, 19.8972], [-110.9298, 19.9003], [-110.9188, 19.9033], [-110.9078, 19.906], [-110.8966, 19.9086], [-110.8855, 19.9111], [-110.8742, 19.9133], [-110.8629, 19.9153], [-110.8516, 19.9172], [-110.8401, 19.9189], [-110.8287, 19.9204], [-110.8172, 19.9217], [-110.8057, 19.9228], [-110.7941, 19.9237]]]}, "properties": {"layer": "storm_track", "kind": "wind_radii_current", "storm_id": "ep182026", "storm_name": "Rachel", "wind_kt": 64}}, {"type": "Feature", "geometry": {"type": "Polygon", "coordinates": [[[-110.7797, 21.4627], [-110.7392, 21.462], [-110.6987, 21.4607], [-110.6582, 21.4587], [-110.6177, 21.456], [-110.5773, 21.4527], [-110.537, 21.4487], [-110.4968, 21.444], [-110.4566, 21.4387], [-110.4166, 21.4327], [-110.3767, 21.4261], [-110.3369, 21.4188], [-110.2973, 21.4108], [-110.2578, 21.4022], [-110.2185, 21.393], [-110.1794, 21.3831], [-110.1405, 21.3725], [-110.1018, 21.3613], [-110.0633, 21.3495], [-110.0251, 21.3371], [-109.9871, 21.324], [-109.9493, 21.3103], [-109.9119, 21.296], [-109.8747, 21.281], [-109.8378, 21.2655], [-109.8012, 21.2493], [-109.7649, 21.2326], [-109.7289, 21.2152], [-109.6933, 21.1973], [-109.658, 21.1788], [-109.6231, 21.1597], [-109.5886, 21.14], [-109.5545, 21.1198], [-109.5207, 21.099], [-109.4873, 21.0776], [-109.4544, 21.0557], [-109.4219, 21.0333], [-109.3898, 21.0104], [-109.3582, 20.9869], [-109.327, 20.9629], [-109.2963, 20.9383], [-109.266, 20.9133], [-109.2362, 20.8878], [-109.207, 20.8618], [-109.1782, 20.8353], [-109.1499, 20.8084], [-109.1222, 20.781], [-109.0949, 20.7531], [-109.0682, 20.7248], [-109.0421, 20.6961], [-109.0165, 20.6669], [-108.9915, 20.6373], [-108.967, 20.6074], [-108.9431, 20.577], [-108.9197, 20.5462], [-108.897, 20.515], [-108.8748, 20.4835], [-108.8533, 20.4516], [-108.8324, 20.4194], [-108.812, 20.3868], [-108.7923, 20.3539], [-108.7732, 20.3207], [-108.7548, 20.2872], [-108.7369, 20.2533], [-108.7197, 20.2192], [-108.7032, 20.1848], [-108.6873, 20.1502], [-108.6721, 20.1152], [-108.6575, 20.0801], [-108.6435, 20.0447], [-108.6303, 20.009], [-108.6177, 19.9732], [-108.6058, 19.9372], [-108.5946, 19.9009], [-108.584, 19.8645], [-108.5741, 19.828], [-108.5649, 19.7912], [-108.5564, 19.7543], [-108.5486, 19.7173], [-108.5415, 19.6802], [-108.535, 19.643], [-108.5293, 19.6056], [-108.5242, 19.5682], [-108.5199, 19.5306], [-108.5162, 19.4931], [-108.5132, 19.4554], [-108.511, 19.4178], [-108.5094, 19.38], [-108.5086, 19.3423], [-108.5084, 19.3046], [-108.5089, 19.2668], [-108.5101, 19.2291], [-108.5121, 19.1914], [-108.5147, 19.1538], [-108.518, 19.1162], [-108.522, 19.0786], [-108.5267, 19.0411], [-108.5321, 19.0037], [-108.5381, 18.9664], [-108.5449, 18.9292], [-108.5523, 18.8922], [-108.5604, 18.8552], [-108.5692, 18.8184], [-108.5787, 18.7817], [-108.5888, 18.7452], [-108.5996, 18.7089], [-108.611, 18.6728], [-108.6232, 18.6368], [-108.6359, 18.6011], [-108.6493, 18.5656], [-108.6634, 18.5303], [-108.6781, 18.4952], [-108.6935, 18.4604], [-108.7095, 18.4258], [-108.726, 18.3915], [-108.7433, 18.3575], [-108.7611, 18.3238], [-108.7796, 18.2903], [-108.7986, 18.2572], [-108.8183, 18.2244], [-108.8385, 18.1919], [-108.8593, 18.1598], [-108.8807, 18.128], [-108.9027, 18.0966], [-108.9253, 18.0655], [-108.9484, 18.0349], [-108.972, 18.0046], [-108.9962, 17.9746], [-109.021, 17.9451], [-109.0462, 17.916], [-109.072, 17.8874], [-109.0983, 17.8591], [-109.1251, 17.8313], [-109.1524, 17.804], [-109.1802, 17.7771], [-109.2085, 17.7506], [-109.2372, 17.7246], [-109.2664, 17.6991], [-109.2961, 17.6741], [-109.3262, 17.6496], [-109.3567, 17.6256], [-109.3877, 17.602], [-109.4191, 17.579], [-109.4509, 17.5566], [-109.4831, 17.5346], [-109.5156, 17.5132], [-109.5486, 17.4923], [-109.5819, 17.472], [-109.6156, 17.4522], [-109.6497, 17.4329], [-109.684, 17.4143], [-109.7187, 17.3962], [-109.7538, 17.3787], [-109.7891, 17.3617], [-109.8247, 17.3454], [-109.8606, 17.3296], [-109.8968, 17.3144], [-109.9333, 17.2998], [-109.97, 17.2859], [-110.007, 17.2725], [-110.0442, 17.2597], [-110.0816, 17.2476], [-110.1192, 17.2361], [-110.157, 17.2252], [-110.195, 17.2149], [-110.2332, 17.2052], [-110.2716, 17.1962], [-110.3101, 17.1878], [-110.3488, 17.1801], [-110.3876, 17.173], [-110.4265, 17.1665], [-110.4655, 17.1607], [-110.5046, 17.1555], [-110.5438, 17.1509], [-110.5831, 17.147], [-110.6225, 17.1438], [-110.6619, 17.1412], [-110.7013, 17.1392], [-110.7408, 17.1379], [-110.7803, 17.1373], [-110.8197, 17.1373], [-110.8592, 17.1379], [-110.8987, 17.1392], [-110.9381, 17.1412], [-110.9775, 17.1438], [-111.0169, 17.147], [-111.0562, 17.1509], [-111.0954, 17.1555], [-111.1345, 17.1607], [-111.1735, 17.1665], [-111.2124, 17.173], [-111.2512, 17.1801], [-111.2899, 17.1878], [-111.3284, 17.1962], [-111.3668, 17.2052], [-111.405, 17.2149], [-111.443, 17.2252], [-111.4808, 17.2361], [-111.5184, 17.2476], [-111.5558, 17.2597], [-111.593, 17.2725], [-111.63, 17.2859], [-111.6667, 17.2998], [-111.7032, 17.3144], [-111.7394, 17.3296], [-111.7753, 17.3454], [-111.8109, 17.3617], [-111.8462, 17.3787], [-111.8813, 17.3962], [-111.916, 17.4143], [-111.9504, 17.4329], [-111.9844, 17.4522], [-112.0181, 17.472], [-112.0514, 17.4923], [-112.0844, 17.5132], [-112.117, 17.5346], [-112.1491, 17.5566], [-112.1809, 17.579], [-112.2123, 17.602], [-112.2433, 17.6256], [-112.2738, 17.6496], [-112.3039, 17.6741], [-112.3336, 17.6991], [-112.3628, 17.7246], [-112.3915, 17.7506], [-112.4198, 17.777], [-112.4476, 17.804], [-112.4749, 17.8313], [-112.5017, 17.8591], [-112.528, 17.8874], [-112.5538, 17.916], [-112.579, 17.9451], [-112.6038, 17.9746], [-112.628, 18.0045], [-112.6516, 18.0348], [-112.6747, 18.0655], [-112.6973, 18.0966], [-112.7193, 18.128], [-112.7407, 18.1598], [-112.7615, 18.1919], [-112.7817, 18.2244], [-112.8014, 18.2572], [-112.8204, 18.2903], [-112.8389, 18.3238], [-112.8567, 18.3575], [-112.874, 18.3915], [-112.8906, 18.4258], [-112.9065, 18.4604], [-112.9219, 18.4952], [-112.9366, 18.5302], [-112.9507, 18.5655], [-112.9641, 18.6011], [-112.9769, 18.6368], [-112.989, 18.6728], [-113.0004, 18.7089], [-113.0112, 18.7452], [-113.0214, 18.7817], [-113.0308, 18.8184], [-113.0396, 18.8552], [-113.0477, 18.8922], [-113.0551, 18.9292], [-113.0619, 18.9664], [-113.068, 19.0037], [-113.0733, 19.0411], [-113.078, 19.0786], [-113.082, 19.1162], [-113.0853, 19.1538], [-113.088, 19.1914], [-113.0899, 19.2291], [-113.0911, 19.2668], [-113.0916, 19.3046], [-113.0915, 19.3423], [-113.0906, 19.38], [-113.089, 19.4177], [-113.0868, 19.4554], [-113.0838, 19.4931], [-113.0801, 19.5306], [-113.0758, 19.5682], [-113.0707, 19.6056], [-113.065, 19.6429], [-113.0586, 19.6802], [-113.0514, 19.7173], [-113.0436, 19.7543], [-113.0351, 19.7912], [-113.0259, 19.828], [-113.016, 19.8645], [-113.0055, 19.9009], [-112.9942, 19.9372], [-112.9823, 19.9732], [-112.9697, 20.009], [-112.9565, 20.0447], [-112.9425, 20.0801], [-112.928, 20.1152], [-112.9127, 20.1501], [-112.8968, 20.1848], [-112.8803, 20.2192], [-112.8631, 20.2533], [-112.8453, 20.2872], [-112.8268, 20.3207], [-112.8077, 20.3539], [-112.788, 20.3868], [-112.7677, 20.4194], [-112.7467, 20.4516], [-112.7252, 20.4835], [-112.703, 20.515], [-112.6803, 20.5462], [-112.657, 20.577], [-112.633, 20.6074], [-112.6086, 20.6373], [-112.5835, 20.6669], [-112.5579, 20.6961], [-112.5318, 20.7248], [-112.5051, 20.7531], [-112.4779, 20.781], [-112.4501, 20.8084], [-112.4218, 20.8353], [-112.3931, 20.8618], [-112.3638, 20.8878], [-112.334, 20.9133], [-112.3038, 20.9383], [-112.273, 20.9629], [-112.2419, 20.9869], [-112.2102, 21.0103], [-112.1781, 21.0333], [-112.1456, 21.0557], [-112.1127, 21.0776], [-112.0793, 21.099], [-112.0456, 21.1198], [-112.0114, 21.14], [-111.9769, 21.1597], [-111.942, 21.1788], [-111.9067, 21.1973], [-111.8711, 21.2152], [-111.8351, 21.2326], [-111.7989, 21.2493], [-111.7623, 21.2655], [-111.7254, 21.281], [-111.6882, 21.296], [-111.6507, 21.3103], [-111.6129, 21.324], [-111.5749, 21.3371], [-111.5367, 21.3495], [-111.4982, 21.3613], [-111.4595, 21.3725], [-111.4206, 21.3831], [-111.3815, 21.393], [-111.3422, 21.4022], [-111.3027, 21.4108], [-111.2631, 21.4188], [-111.2233, 21.4261], [-111.1834, 21.4327], [-111.1434, 21.4387], [-111.1032, 21.444], [-111.063, 21.4487], [-111.0227, 21.4527], [-110.9823, 21.456], [-110.9419, 21.4587], [-110.9014, 21.4607], [-110.8608, 21.462], [-110.8203, 21.4627], [-110.7797, 21.4627]]]}, "properties": {"layer": "storm_track", "kind": "wind_radii_forecast", "storm_id": "ep182026", "storm_name": "Rachel", "wind_kt": 34, "label": "+12h", "valid_text": "5:00 PM MST October 02, 2026"}}, {"type": "Feature", "geometry": {"type": "Polygon", "coordinates": [[[-110.7892, 20.4645], [-110.7675, 20.4642], [-110.7458, 20.4635], [-110.7241, 20.4624], [-110.7025, 20.461], [-110.6809, 20.4592], [-110.6593, 20.457], [-110.6378, 20.4545], [-110.6163, 20.4517], [-110.5949, 20.4485], [-110.5735, 20.4449], [-110.5522, 20.441], [-110.531, 20.4368], [-110.5099, 20.4322], [-110.4889, 20.4272], [-110.4679, 20.4219], [-110.4471, 20.4163], [-110.4264, 20.4103], [-110.4058, 20.404], [-110.3853, 20.3973], [-110.3649, 20.3903], [-110.3447, 20.383], [-110.3246, 20.3753], [-110.3047, 20.3673], [-110.2849, 20.359], [-110.2653, 20.3504], [-110.2458, 20.3414], [-110.2266, 20.3321], [-110.2075, 20.3225], [-110.1885, 20.3126], [-110.1698, 20.3023], [-110.1513, 20.2918], [-110.1329, 20.281], [-110.1148, 20.2698], [-110.0969, 20.2584], [-110.0792, 20.2467], [-110.0618, 20.2347], [-110.0445, 20.2224], [-110.0275, 20.2098], [-110.0107, 20.1969], [-109.9942, 20.1838], [-109.9779, 20.1704], [-109.9619, 20.1567], [-109.9462, 20.1428], [-109.9307, 20.1286], [-109.9154, 20.1141], [-109.9005, 20.0994], [-109.8858, 20.0845], [-109.8714, 20.0693], [-109.8573, 20.0539], [-109.8435, 20.0383], [-109.83, 20.0224], [-109.8168, 20.0063], [-109.8038, 19.99], [-109.7912, 19.9735], [-109.7789, 19.9568], [-109.767, 19.9399], [-109.7553, 19.9227], [-109.744, 19.9054], [-109.7329, 19.888], [-109.7223, 19.8703], [-109.7119, 19.8525], [-109.7019, 19.8344], [-109.6922, 19.8163], [-109.6828, 19.798], [-109.6738, 19.7795], [-109.6652, 19.7609], [-109.6569, 19.7421], [-109.6489, 19.7232], [-109.6413, 19.7042], [-109.6341, 19.685], [-109.6272, 19.6658], [-109.6207, 19.6464], [-109.6145, 19.6269], [-109.6087, 19.6073], [-109.6033, 19.5877], [-109.5982, 19.5679], [-109.5935, 19.5481], [-109.5891, 19.5282], [-109.5852, 19.5082], [-109.5816, 19.4882], [-109.5784, 19.4681], [-109.5755, 19.4479], [-109.573, 19.4277], [-109.5709, 19.4075], [-109.5692, 19.3872], [-109.5679, 19.367], [-109.5669, 19.3467], [-109.5663, 19.3263], [-109.5661, 19.306], [-109.7425, 19.2882], [-109.7429, 19.2708], [-109.7437, 19.2534], [-109.7447, 19.236], [-109.7461, 19.2187], [-109.7478, 19.2013], [-109.7499, 19.184], [-109.7523, 19.1667], [-109.7549, 19.1495], [-109.7579, 19.1323], [-109.7612, 19.1152], [-109.7648, 19.0981], [-109.7688, 19.0811], [-109.773, 19.0641], [-109.7776, 19.0472], [-109.7825, 19.0304], [-109.7877, 19.0137], [-109.7932, 18.9971], [-109.7989, 18.9805], [-109.805, 18.9641], [-109.8114, 18.9478], [-109.8181, 18.9315], [-109.8251, 18.9154], [-109.8324, 18.8994], [-109.84, 18.8836], [-109.8479, 18.8678], [-109.856, 18.8522], [-109.8645, 18.8367], [-109.8732, 18.8214], [-109.8822, 18.8062], [-109.8915, 18.7911], [-109.9011, 18.7762], [-109.9109, 18.7615], [-109.921, 18.747], [-109.9314, 18.7326], [-109.942, 18.7183], [-109.9528, 18.7043], [-109.964, 18.6904], [-109.9754, 18.6768], [-109.987, 18.6633], [-109.9989, 18.65], [-110.011, 18.6369], [-110.0234, 18.624], [-110.036, 18.6113], [-110.0488, 18.5988], [-110.0619, 18.5866], [-110.0751, 18.5745], [-110.0886, 18.5627], [-110.1023, 18.5511], [-110.1162, 18.5397], [-110.1304, 18.5285], [-110.1447, 18.5176], [-110.1592, 18.507], [-110.1739, 18.4965], [-110.1888, 18.4863], [-110.2039, 18.4764], [-110.2192, 18.4667], [-110.2346, 18.4573], [-110.2502, 18.4481], [-110.266, 18.4391], [-110.2819, 18.4305], [-110.298, 18.4221], [-110.3142, 18.4139], [-110.3306, 18.4061], [-110.3471, 18.3985], [-110.3638, 18.3912], [-110.3806, 18.3841], [-110.3975, 18.3773], [-110.4145, 18.3708], [-110.4317, 18.3646], [-110.4489, 18.3587], [-110.4663, 18.3531], [-110.4838, 18.3477], [-110.5013, 18.3427], [-110.519, 18.3379], [-110.5367, 18.3334], [-110.5545, 18.3292], [-110.5724, 18.3253], [-110.5904, 18.3217], [-110.6084, 18.3184], [-110.6265, 18.3154], [-110.6446, 18.3127], [-110.6628, 18.3103], [-110.681, 18.3082], [-110.6992, 18.3064], [-110.7175, 18.3048], [-110.7358, 18.3036], [-110.7541, 18.3027], [-110.7725, 18.3021], [-110.7908, 18.3018], [-110.8077, 18.4682], [-110.823, 18.4684], [-110.8383, 18.4689], [-110.8535, 18.4697], [-110.8688, 18.4707], [-110.8841, 18.472], [-110.8993, 18.4735], [-110.9145, 18.4752], [-110.9296, 18.4772], [-110.9448, 18.4795], [-110.9598, 18.482], [-110.9749, 18.4848], [-110.9898, 18.4878], [-111.0048, 18.491], [-111.0196, 18.4945], [-111.0344, 18.4983], [-111.0491, 18.5022], [-111.0638, 18.5065], [-111.0783, 18.5109], [-111.0928, 18.5156], [-111.1072, 18.5206], [-111.1215, 18.5258], [-111.1357, 18.5312], [-111.1498, 18.5368], [-111.1638, 18.5427], [-111.1777, 18.5488], [-111.1915, 18.5551], [-111.2052, 18.5617], [-111.2187, 18.5685], [-111.2321, 18.5755], [-111.2454, 18.5827], [-111.2586, 18.5902], [-111.2716, 18.5978], [-111.2844, 18.6057], [-111.2972, 18.6138], [-111.3097, 18.6221], [-111.3222, 18.6306], [-111.3344, 18.6393], [-111.3465, 18.6482], [-111.3585, 18.6573], [-111.3702, 18.6666], [-111.3818, 18.6761], [-111.3932, 18.6857], [-111.4045, 18.6956], [-111.4156, 18.7057], [-111.4264, 18.7159], [-111.4371, 18.7263], [-111.4476, 18.7369], [-111.4579, 18.7476], [-111.468, 18.7586], [-111.4779, 18.7696], [-111.4876, 18.7809], [-111.4971, 18.7923], [-111.5064, 18.8038], [-111.5155, 18.8156], [-111.5243, 18.8274], [-111.5329, 18.8394], [-111.5413, 18.8516], [-111.5495, 18.8638], [-111.5575, 18.8763], [-111.5652, 18.8888], [-111.5727, 18.9015], [-111.58, 18.9142], [-111.587, 18.9272], [-111.5938, 18.9402], [-111.6003, 18.9533], [-111.6067, 18.9665], [-111.6127, 18.9799], [-111.6185, 18.9933], [-111.6241, 19.0068], [-111.6294, 19.0205], [-111.6345, 19.0342], [-111.6393, 19.0479], [-111.6439, 19.0618], [-111.6482, 19.0757], [-111.6522, 19.0897], [-111.656, 19.1038], [-111.6595, 19.1179], [-111.6628, 19.1321], [-111.6658, 19.1464], [-111.6686, 19.1607], [-111.671, 19.175], [-111.6733, 19.1893], [-111.6752, 19.2037], [-111.6769, 19.2182], [-111.6783, 19.2326], [-111.6795, 19.2471], [-111.6803, 19.2616], [-111.681, 19.2761], [-111.6813, 19.2906], [-112.0339, 19.306], [-112.0337, 19.3263], [-112.0331, 19.3467], [-112.0321, 19.367], [-112.0308, 19.3872], [-112.0291, 19.4075], [-112.027, 19.4277], [-112.0245, 19.4479], [-112.0216, 19.4681], [-112.0184, 19.4882], [-112.0148, 19.5082], [-112.0109, 19.5282], [-112.0065, 19.5481], [-112.0018, 19.5679], [-111.9968, 19.5877], [-111.9913, 19.6073], [-111.9855, 19.6269], [-111.9793, 19.6464], [-111.9728, 19.6658], [-111.9659, 19.685], [-111.9587, 19.7042], [-111.9511, 19.7232], [-111.9431, 19.7421], [-111.9348, 19.7609], [-111.9262, 19.7795], [-111.9172, 19.7979], [-111.9078, 19.8163], [-111.8981, 19.8344], [-111.8881, 19.8524], [-111.8778, 19.8703], [-111.8671, 19.888], [-111.8561, 19.9054], [-111.8447, 19.9227], [-111.8331, 19.9398], [-111.8211, 19.9568], [-111.8088, 19.9735], [-111.7962, 19.99], [-111.7833, 20.0063], [-111.77, 20.0224], [-111.7565, 20.0383], [-111.7427, 20.0539], [-111.7286, 20.0693], [-111.7142, 20.0845], [-111.6995, 20.0994], [-111.6846, 20.1141], [-111.6693, 20.1286], [-111.6539, 20.1428], [-111.6381, 20.1567], [-111.6221, 20.1704], [-111.6058, 20.1838], [-111.5893, 20.1969], [-111.5725, 20.2098], [-111.5555, 20.2224], [-111.5383, 20.2347], [-111.5208, 20.2467], [-111.5031, 20.2584], [-111.4852, 20.2698], [-111.4671, 20.281], [-111.4487, 20.2918], [-111.4302, 20.3023], [-111.4115, 20.3126], [-111.3926, 20.3225], [-111.3735, 20.3321], [-111.3542, 20.3414], [-111.3347, 20.3503], [-111.3151, 20.359], [-111.2953, 20.3673], [-111.2754, 20.3753], [-111.2553, 20.383], [-111.2351, 20.3903], [-111.2147, 20.3973], [-111.1943, 20.404], [-111.1736, 20.4103], [-111.1529, 20.4163], [-111.1321, 20.4219], [-111.1111, 20.4272], [-111.0901, 20.4322], [-111.069, 20.4368], [-111.0478, 20.441], [-111.0265, 20.4449], [-111.0051, 20.4485], [-110.9837, 20.4517], [-110.9622, 20.4545], [-110.9407, 20.457], [-110.9191, 20.4592], [-110.8975, 20.461], [-110.8759, 20.4624], [-110.8542, 20.4635], [-110.8325, 20.4642], [-110.8109, 20.4645], [-110.7892, 20.4645]]]}, "properties": {"layer": "storm_track", "kind": "wind_radii_forecast", "storm_id": "ep182026", "storm_name": "Rachel", "wind_kt": 50, "label": "+12h", "valid_text": "5:00 PM MST October 02, 2026"}}, {"type": "Feature", "geometry": {"type": "Polygon", "coordinates": [[[-110.7938, 19.9655], [-110.7815, 19.9653], [-110.7691, 19.9648], [-110.7568, 19.9642], [-110.7445, 19.9634], [-110.7321, 19.9624], [-110.7199, 19.9612], [-110.7076, 19.9598], [-110.6954, 19.9581], [-110.6832, 19.9563], [-110.671, 19.9543], [-110.6589, 19.9521], [-110.6468, 19.9496], [-110.6347, 19.947], [-110.6228, 19.9442], [-110.6108, 19.9412], [-110.599, 19.938], [-110.5871, 19.9346], [-110.5754, 19.931], [-110.5637, 19.9272], [-110.5521, 19.9232], [-110.5406, 19.919], [-110.5291, 19.9146], [-110.5178, 19.9101], [-110.5065, 19.9053], [-110.4953, 19.9004], [-110.4842, 19.8953], [-110.4732, 19.89], [-110.4623, 19.8845], [-110.4516, 19.8789], [-110.4409, 19.873], [-110.4303, 19.867], [-110.4198, 19.8609], [-110.4095, 19.8545], [-110.3993, 19.848], [-110.3892, 19.8413], [-110.3792, 19.8345], [-110.3694, 19.8275], [-110.3597, 19.8203], [-110.3501, 19.8129], [-110.3406, 19.8055], [-110.3314, 19.7978], [-110.3222, 19.79], [-110.3132, 19.7821], [-110.3043, 19.774], [-110.2956, 19.7657], [-110.2871, 19.7574], [-110.2787, 19.7488], [-110.2705, 19.7402], [-110.2624, 19.7314], [-110.2545, 19.7225], [-110.2468, 19.7134], [-110.2392, 19.7043], [-110.2318, 19.695], [-110.2246, 19.6855], [-110.2176, 19.676], [-110.2107, 19.6664], [-110.204, 19.6566], [-110.1975, 19.6467], [-110.1912, 19.6367], [-110.1851, 19.6267], [-110.1791, 19.6165], [-110.1734, 19.6062], [-110.1678, 19.5958], [-110.1625, 19.5854], [-110.1573, 19.5748], [-110.1523, 19.5642], [-110.1476, 19.5535], [-110.143, 19.5427], [-110.1386, 19.5319], [-110.1344, 19.5209], [-110.1305, 19.5099], [-110.1267, 19.4989], [-110.1232, 19.4878], [-110.1198, 19.4766], [-110.1167, 19.4654], [-110.1137, 19.4541], [-110.111, 19.4427], [-110.1085, 19.4314], [-110.1062, 19.42], [-110.1041, 19.4085], [-110.1022, 19.397], [-110.1006, 19.3855], [-110.0991, 19.374], [-110.0979, 19.3624], [-110.0969, 19.3509], [-110.096, 19.3393], [-110.0955, 19.3277], [-110.0951, 19.3161], [-110.0949, 19.3045], [-110.2712, 19.2949], [-110.2714, 19.2862], [-110.2718, 19.2775], [-110.2723, 19.2688], [-110.2729, 19.2601], [-110.2738, 19.2514], [-110.2748, 19.2428], [-110.2759, 19.2341], [-110.2772, 19.2255], [-110.2787, 19.2169], [-110.2803, 19.2083], [-110.2821, 19.1998], [-110.284, 19.1912], [-110.2862, 19.1828], [-110.2884, 19.1743], [-110.2908, 19.1659], [-110.2934, 19.1576], [-110.2961, 19.1492], [-110.299, 19.1409], [-110.302, 19.1327], [-110.3052, 19.1245], [-110.3085, 19.1164], [-110.312, 19.1084], [-110.3156, 19.1003], [-110.3194, 19.0924], [-110.3233, 19.0845], [-110.3274, 19.0767], [-110.3316, 19.0689], [-110.3359, 19.0613], [-110.3404, 19.0537], [-110.3451, 19.0461], [-110.3498, 19.0387], [-110.3547, 19.0313], [-110.3598, 19.024], [-110.3649, 19.0168], [-110.3702, 19.0097], [-110.3757, 19.0026], [-110.3812, 18.9957], [-110.3869, 18.9888], [-110.3927, 18.9821], [-110.3987, 18.9754], [-110.4047, 18.9689], [-110.4109, 18.9624], [-110.4172, 18.956], [-110.4236, 18.9498], [-110.4301, 18.9436], [-110.4368, 18.9376], [-110.4435, 18.9317], [-110.4504, 18.9259], [-110.4574, 18.9202], [-110.4644, 18.9146], [-110.4716, 18.9091], [-110.4789, 18.9038], [-110.4862, 18.8985], [-110.4937, 18.8934], [-110.5012, 18.8884], [-110.5089, 18.8836], [-110.5166, 18.8788], [-110.5244, 18.8742], [-110.5323, 18.8698], [-110.5403, 18.8654], [-110.5483, 18.8612], [-110.5565, 18.8571], [-110.5647, 18.8532], [-110.573, 18.8494], [-110.5813, 18.8457], [-110.5897, 18.8422], [-110.5982, 18.8388], [-110.6067, 18.8355], [-110.6153, 18.8324], [-110.624, 18.8294], [-110.6327, 18.8266], [-110.6414, 18.8239], [-110.6502, 18.8214], [-110.6591, 18.819], [-110.668, 18.8167], [-110.6769, 18.8146], [-110.6859, 18.8127], [-110.6949, 18.8109], [-110.7039, 18.8092], [-110.713, 18.8077], [-110.7221, 18.8064], [-110.7312, 18.8052], [-110.7403, 18.8041], [-110.7495, 18.8032], [-110.7586, 18.8024], [-110.7678, 18.8018], [-110.777, 18.8014], [-110.7862, 18.8011], [-110.7954, 18.8009], [-110.8038, 18.8841], [-110.8115, 18.8842], [-110.8192, 18.8845], [-110.8268, 18.8849], [-110.8345, 18.8854], [-110.8421, 18.886], [-110.8498, 18.8867], [-110.8574, 18.8876], [-110.865, 18.8886], [-110.8726, 18.8898], [-110.8801, 18.891], [-110.8876, 18.8924], [-110.8951, 18.8939], [-110.9026, 18.8955], [-110.9101, 18.8973], [-110.9175, 18.8992], [-110.9249, 18.9012], [-110.9322, 18.9033], [-110.9395, 18.9055], [-110.9468, 18.9079], [-110.954, 18.9104], [-110.9611, 18.9129], [-110.9683, 18.9157], [-110.9753, 18.9185], [-110.9823, 18.9214], [-110.9893, 18.9245], [-110.9962, 18.9277], [-111.003, 18.931], [-111.0098, 18.9344], [-111.0165, 18.9379], [-111.0232, 18.9415], [-111.0298, 18.9452], [-111.0363, 18.9491], [-111.0427, 18.953], [-111.0491, 18.9571], [-111.0554, 18.9612], [-111.0616, 18.9655], [-111.0677, 18.9698], [-111.0738, 18.9743], [-111.0798, 18.9789], [-111.0857, 18.9835], [-111.0915, 18.9883], [-111.0972, 18.9931], [-111.1028, 18.9981], [-111.1083, 19.0031], [-111.1138, 19.0082], [-111.1191, 19.0134], [-111.1244, 19.0187], [-111.1295, 19.0241], [-111.1346, 19.0296], [-111.1395, 19.0351], [-111.1443, 19.0408], [-111.1491, 19.0465], [-111.1537, 19.0523], [-111.1582, 19.0581], [-111.1627, 19.0641], [-111.167, 19.0701], [-111.1712, 19.0762], [-111.1753, 19.0823], [-111.1792, 19.0885], [-111.1831, 19.0948], [-111.1868, 19.1011], [-111.1904, 19.1075], [-111.1939, 19.114], [-111.1973, 19.1205], [-111.2006, 19.1271], [-111.2037, 19.1337], [-111.2067, 19.1404], [-111.2096, 19.1471], [-111.2124, 19.1539], [-111.2151, 19.1607], [-111.2176, 19.1676], [-111.22, 19.1745], [-111.2222, 19.1814], [-111.2244, 19.1884], [-111.2264, 19.1954], [-111.2283, 19.2024], [-111.23, 19.2095], [-111.2316, 19.2166], [-111.2331, 19.2237], [-111.2345, 19.2308], [-111.2357, 19.238], [-111.2368, 19.2452], [-111.2377, 19.2524], [-111.2386, 19.2596], [-111.2392, 19.2668], [-111.2398, 19.2741], [-111.2402, 19.2813], [-111.2405, 19.2886], [-111.2407, 19.2958], [-111.417, 19.304], [-111.4168, 19.3142], [-111.4165, 19.3244], [-111.416, 19.3345], [-111.4152, 19.3447], [-111.4143, 19.3548], [-111.4132, 19.3649], [-111.412, 19.375], [-111.4105, 19.3851], [-111.4089, 19.3951], [-111.407, 19.4051], [-111.405, 19.4151], [-111.4028, 19.425], [-111.4004, 19.435], [-111.3979, 19.4448], [-111.3951, 19.4546], [-111.3922, 19.4644], [-111.389, 19.4742], [-111.3858, 19.4838], [-111.3823, 19.4934], [-111.3786, 19.503], [-111.3748, 19.5125], [-111.3708, 19.5219], [-111.3666, 19.5313], [-111.3623, 19.5406], [-111.3577, 19.5498], [-111.353, 19.559], [-111.3482, 19.5681], [-111.3431, 19.577], [-111.3379, 19.5859], [-111.3326, 19.5948], [-111.327, 19.6035], [-111.3213, 19.6121], [-111.3155, 19.6207], [-111.3095, 19.6291], [-111.3033, 19.6374], [-111.297, 19.6457], [-111.2905, 19.6538], [-111.2839, 19.6618], [-111.2772, 19.6698], [-111.2702, 19.6776], [-111.2632, 19.6853], [-111.256, 19.6928], [-111.2486, 19.7003], [-111.2412, 19.7076], [-111.2336, 19.7148], [-111.2258, 19.7219], [-111.2179, 19.7288], [-111.2099, 19.7357], [-111.2018, 19.7423], [-111.1935, 19.7489], [-111.1852, 19.7553], [-111.1767, 19.7616], [-111.1681, 19.7677], [-111.1593, 19.7737], [-111.1505, 19.7795], [-111.1416, 19.7852], [-111.1325, 19.7908], [-111.1234, 19.7962], [-111.1141, 19.8015], [-111.1048, 19.8065], [-111.0953, 19.8115], [-111.0858, 19.8163], [-111.0762, 19.8209], [-111.0665, 19.8254], [-111.0567, 19.8297], [-111.0468, 19.8338], [-111.0369, 19.8378], [-111.0269, 19.8416], [-111.0168, 19.8453], [-111.0067, 19.8488], [-110.9964, 19.8521], [-110.9862, 19.8552], [-110.9758, 19.8582], [-110.9655, 19.861], [-110.955, 19.8637], [-110.9445, 19.8661], [-110.934, 19.8684], [-110.9234, 19.8706], [-110.9128, 19.8725], [-110.9022, 19.8743], [-110.8915, 19.8759], [-110.8808, 19.8773], [-110.8701, 19.8785], [-110.8594, 19.8796], [-110.8486, 19.8805], [-110.8378, 19.8812], [-110.827, 19.8817], [-110.8162, 19.8821], [-110.8054, 19.8823], [-110.7938, 19.9655]]]}, "properties": {"layer": "storm_track", "kind": "wind_radii_forecast", "storm_id": "ep182026", "storm_name": "Rachel", "wind_kt": 64, "label": "+12h", "valid_text": "5:00 PM MST October 02, 2026"}}, {"type": "Feature", "geometry": {"type": "Polygon", "coordinates": [[[-111.3797, 21.4627], [-111.3392, 21.462], [-111.2987, 21.4607], [-111.2582, 21.4587], [-111.2177, 21.456], [-111.1773, 21.4527], [-111.137, 21.4487], [-111.0968, 21.444], [-111.0566, 21.4387], [-111.0166, 21.4327], [-110.9767, 21.4261], [-110.9369, 21.4188], [-110.8973, 21.4108], [-110.8578, 21.4022], [-110.8185, 21.393], [-110.7794, 21.3831], [-110.7405, 21.3725], [-110.7018, 21.3613], [-110.6633, 21.3495], [-110.6251, 21.3371], [-110.5871, 21.324], [-110.5493, 21.3103], [-110.5119, 21.296], [-110.4747, 21.281], [-110.4378, 21.2655], [-110.4012, 21.2493], [-110.3649, 21.2326], [-110.3289, 21.2152], [-110.2933, 21.1973], [-110.258, 21.1788], [-110.2231, 21.1597], [-110.1886, 21.14], [-110.1545, 21.1198], [-110.1207, 21.099], [-110.0873, 21.0776], [-110.0544, 21.0557], [-110.0219, 21.0333], [-109.9898, 21.0104], [-109.9582, 20.9869], [-109.927, 20.9629], [-109.8963, 20.9383], [-109.866, 20.9133], [-109.8362, 20.8878], [-109.807, 20.8618], [-109.7782, 20.8353], [-109.7499, 20.8084], [-109.7222, 20.781], [-109.6949, 20.7531], [-109.6682, 20.7248], [-109.6421, 20.6961], [-109.6165, 20.6669], [-109.5915, 20.6373], [-109.567, 20.6074], [-109.5431, 20.577], [-109.5197, 20.5462], [-109.497, 20.515], [-109.4748, 20.4835], [-109.4533, 20.4516], [-109.4324, 20.4194], [-109.412, 20.3868], [-109.3923, 20.3539], [-109.3732, 20.3207], [-109.3548, 20.2872], [-109.3369, 20.2533], [-109.3197, 20.2192], [-109.3032, 20.1848], [-109.2873, 20.1502], [-109.2721, 20.1152], [-109.2575, 20.0801], [-109.2435, 20.0447], [-109.2303, 20.009], [-109.2177, 19.9732], [-109.2058, 19.9372], [-109.1946, 19.9009], [-109.184, 19.8645], [-109.1741, 19.828], [-109.1649, 19.7912], [-109.1564, 19.7543], [-109.1486, 19.7173], [-109.1414, 19.6802], [-109.135, 19.643], [-109.1293, 19.6056], [-109.1242, 19.5682], [-109.1199, 19.5306], [-109.1162, 19.4931], [-109.1132, 19.4554], [-109.111, 19.4178], [-109.1094, 19.38], [-109.1086, 19.3423], [-109.1084, 19.3046], [-109.1089, 19.2668], [-109.1101, 19.2291], [-109.1121, 19.1914], [-109.1147, 19.1538], [-109.118, 19.1162], [-109.122, 19.0786], [-109.1267, 19.0411], [-109.1321, 19.0037], [-109.1381, 18.9664], [-109.1449, 18.9292], [-109.1523, 18.8922], [-109.1604, 18.8552], [-109.1692, 18.8184], [-109.1787, 18.7817], [-109.1888, 18.7452], [-109.1996, 18.7089], [-109.211, 18.6728], [-109.2232, 18.6368], [-109.2359, 18.6011], [-109.2493, 18.5656], [-109.2634, 18.5303], [-109.2781, 18.4952], [-109.2935, 18.4604], [-109.3094, 18.4258], [-109.326, 18.3915], [-109.3433, 18.3575], [-109.3611, 18.3238], [-109.3796, 18.2903], [-109.3986, 18.2572], [-109.4183, 18.2244], [-109.4385, 18.1919], [-109.4593, 18.1598], [-109.4807, 18.128], [-109.5027, 18.0966], [-109.5253, 18.0655], [-109.5484, 18.0349], [-109.572, 18.0046], [-109.5962, 17.9746], [-109.621, 17.9451], [-109.6462, 17.916], [-109.672, 17.8874], [-109.6983, 17.8591], [-109.7251, 17.8313], [-109.7524, 17.804], [-109.7802, 17.7771], [-109.8085, 17.7506], [-109.8372, 17.7246], [-109.8664, 17.6991], [-109.8961, 17.6741], [-109.9262, 17.6496], [-109.9567, 17.6256], [-109.9877, 17.602], [-110.0191, 17.579], [-110.0509, 17.5566], [-110.0831, 17.5346], [-110.1156, 17.5132], [-110.1486, 17.4923], [-110.1819, 17.472], [-110.2156, 17.4522], [-110.2496, 17.4329], [-110.284, 17.4143], [-110.3187, 17.3962], [-110.3538, 17.3787], [-110.3891, 17.3617], [-110.4247, 17.3454], [-110.4606, 17.3296], [-110.4968, 17.3144], [-110.5333, 17.2998], [-110.57, 17.2859], [-110.607, 17.2725], [-110.6442, 17.2597], [-110.6816, 17.2476], [-110.7192, 17.2361], [-110.757, 17.2252], [-110.795, 17.2149], [-110.8332, 17.2052], [-110.8716, 17.1962], [-110.9101, 17.1878], [-110.9488, 17.1801], [-110.9876, 17.173], [-111.0265, 17.1665], [-111.0655, 17.1607], [-111.1046, 17.1555], [-111.1438, 17.1509], [-111.1831, 17.147], [-111.2225, 17.1438], [-111.2619, 17.1412], [-111.3013, 17.1392], [-111.3408, 17.1379], [-111.3802, 17.1373], [-111.4182, 17.3036], [-111.4547, 17.3042], [-111.4912, 17.3054], [-111.5276, 17.3073], [-111.564, 17.3097], [-111.6004, 17.3127], [-111.6367, 17.3163], [-111.6729, 17.3205], [-111.7091, 17.3252], [-111.7451, 17.3306], [-111.7811, 17.3366], [-111.8169, 17.3432], [-111.8526, 17.3503], [-111.8882, 17.3581], [-111.9236, 17.3664], [-111.9589, 17.3753], [-111.994, 17.3848], [-112.029, 17.3949], [-112.0638, 17.4056], [-112.0983, 17.4168], [-112.1327, 17.4286], [-112.1668, 17.4409], [-112.2007, 17.4538], [-112.2344, 17.4673], [-112.2678, 17.4813], [-112.301, 17.4959], [-112.3339, 17.511], [-112.3666, 17.5266], [-112.3989, 17.5428], [-112.431, 17.5596], [-112.4627, 17.5768], [-112.4942, 17.5946], [-112.5253, 17.6128], [-112.5561, 17.6316], [-112.5865, 17.6509], [-112.6166, 17.6707], [-112.6463, 17.691], [-112.6757, 17.7118], [-112.7047, 17.733], [-112.7332, 17.7547], [-112.7614, 17.7769], [-112.7892, 17.7996], [-112.8166, 17.8227], [-112.8436, 17.8463], [-112.8701, 17.8703], [-112.8962, 17.8947], [-112.9219, 17.9195], [-112.9471, 17.9448], [-112.9718, 17.9705], [-112.9961, 17.9966], [-113.0199, 18.0231], [-113.0432, 18.0499], [-113.066, 18.0772], [-113.0883, 18.1048], [-113.1102, 18.1328], [-113.1315, 18.1611], [-113.1523, 18.1898], [-113.1726, 18.2189], [-113.1923, 18.2482], [-113.2115, 18.2779], [-113.2302, 18.3079], [-113.2483, 18.3382], [-113.2659, 18.3688], [-113.2829, 18.3996], [-113.2993, 18.4308], [-113.3152, 18.4622], [-113.3305, 18.4939], [-113.3452, 18.5258], [-113.3594, 18.5579], [-113.3729, 18.5903], [-113.3859, 18.6229], [-113.3983, 18.6557], [-113.41, 18.6887], [-113.4212, 18.7219], [-113.4317, 18.7553], [-113.4416, 18.7888], [-113.451, 18.8225], [-113.4597, 18.8564], [-113.4678, 18.8904], [-113.4752, 18.9245], [-113.482, 18.9587], [-113.4882, 18.9931], [-113.4938, 19.0275], [-113.4987, 19.062], [-113.503, 19.0966], [-113.5067, 19.1313], [-113.5097, 19.166], [-113.5121, 19.2008], [-113.5138, 19.2356], [-113.5149, 19.2704], [-113.6916, 19.3046], [-113.6915, 19.3423], [-113.6906, 19.38], [-113.689, 19.4177], [-113.6868, 19.4554], [-113.6838, 19.4931], [-113.6801, 19.5306], [-113.6758, 19.5682], [-113.6707, 19.6056], [-113.665, 19.6429], [-113.6586, 19.6802], [-113.6514, 19.7173], [-113.6436, 19.7543], [-113.6351, 19.7912], [-113.6259, 19.828], [-113.616, 19.8645], [-113.6055, 19.9009], [-113.5942, 19.9372], [-113.5823, 19.9732], [-113.5697, 20.009], [-113.5565, 20.0447], [-113.5425, 20.0801], [-113.528, 20.1152], [-113.5127, 20.1501], [-113.4968, 20.1848], [-113.4803, 20.2192], [-113.4631, 20.2533], [-113.4453, 20.2872], [-113.4268, 20.3207], [-113.4077, 20.3539], [-113.388, 20.3868], [-113.3677, 20.4194], [-113.3467, 20.4516], [-113.3252, 20.4835], [-113.303, 20.515], [-113.2803, 20.5462], [-113.257, 20.577], [-113.233, 20.6074], [-113.2086, 20.6373], [-113.1835, 20.6669], [-113.1579, 20.6961], [-113.1318, 20.7248], [-113.1051, 20.7531], [-113.0779, 20.781], [-113.0501, 20.8084], [-113.0218, 20.8353], [-112.9931, 20.8618], [-112.9638, 20.8878], [-112.934, 20.9133], [-112.9038, 20.9383], [-112.873, 20.9629], [-112.8419, 20.9869], [-112.8102, 21.0103], [-112.7781, 21.0333], [-112.7456, 21.0557], [-112.7127, 21.0776], [-112.6793, 21.099], [-112.6456, 21.1198], [-112.6114, 21.14], [-112.5769, 21.1597], [-112.542, 21.1788], [-112.5067, 21.1973], [-112.4711, 21.2152], [-112.4351, 21.2326], [-112.3989, 21.2493], [-112.3623, 21.2655], [-112.3254, 21.281], [-112.2882, 21.296], [-112.2507, 21.3103], [-112.2129, 21.324], [-112.1749, 21.3371], [-112.1367, 21.3495], [-112.0982, 21.3613], [-112.0595, 21.3725], [-112.0206, 21.3831], [-111.9815, 21.393], [-111.9422, 21.4022], [-111.9027, 21.4108], [-111.8631, 21.4188], [-111.8233, 21.4261], [-111.7834, 21.4327], [-111.7434, 21.4387], [-111.7032, 21.444], [-111.663, 21.4487], [-111.6227, 21.4527], [-111.5823, 21.456], [-111.5419, 21.4587], [-111.5014, 21.4607], [-111.4608, 21.462], [-111.4203, 21.4627], [-111.3797, 21.4627]]]}, "properties": {"layer": "storm_track", "kind": "wind_radii_forecast", "storm_id": "ep182026", "storm_name": "Rachel", "wind_kt": 34, "label": "+24h", "valid_text": "5:00 AM MST October 03, 2026"}}, {"type": "Feature", "geometry": {"type": "Polygon", "coordinates": [[[-111.3892, 20.4645], [-111.3675, 20.4642], [-111.3458, 20.4635], [-111.3241, 20.4624], [-111.3025, 20.461], [-111.2809, 20.4592], [-111.2593, 20.457], [-111.2378, 20.4545], [-111.2163, 20.4517], [-111.1949, 20.4485], [-111.1735, 20.4449], [-111.1522, 20.441], [-111.131, 20.4368], [-111.1099, 20.4322], [-111.0889, 20.4272], [-111.0679, 20.4219], [-111.0471, 20.4163], [-111.0264, 20.4103], [-111.0058, 20.404], [-110.9853, 20.3973], [-110.9649, 20.3903], [-110.9447, 20.383], [-110.9246, 20.3753], [-110.9047, 20.3673], [-110.8849, 20.359], [-110.8653, 20.3504], [-110.8458, 20.3414], [-110.8266, 20.3321], [-110.8075, 20.3225], [-110.7885, 20.3126], [-110.7698, 20.3023], [-110.7513, 20.2918], [-110.7329, 20.281], [-110.7148, 20.2698], [-110.6969, 20.2584], [-110.6792, 20.2467], [-110.6618, 20.2347], [-110.6445, 20.2224], [-110.6275, 20.2098], [-110.6107, 20.1969], [-110.5942, 20.1838], [-110.5779, 20.1704], [-110.5619, 20.1567], [-110.5462, 20.1428], [-110.5307, 20.1286], [-110.5154, 20.1141], [-110.5005, 20.0994], [-110.4858, 20.0845], [-110.4714, 20.0693], [-110.4573, 20.0539], [-110.4435, 20.0383], [-110.43, 20.0224], [-110.4168, 20.0063], [-110.4038, 19.99], [-110.3912, 19.9735], [-110.3789, 19.9568], [-110.367, 19.9399], [-110.3553, 19.9227], [-110.344, 19.9054], [-110.3329, 19.888], [-110.3222, 19.8703], [-110.3119, 19.8525], [-110.3019, 19.8344], [-110.2922, 19.8163], [-110.2828, 19.798], [-110.2738, 19.7795], [-110.2652, 19.7609], [-110.2569, 19.7421], [-110.2489, 19.7232], [-110.2413, 19.7042], [-110.2341, 19.685], [-110.2272, 19.6658], [-110.2207, 19.6464], [-110.2145, 19.6269], [-110.2087, 19.6073], [-110.2033, 19.5877], [-110.1982, 19.5679], [-110.1935, 19.5481], [-110.1891, 19.5282], [-110.1852, 19.5082], [-110.1816, 19.4882], [-110.1784, 19.4681], [-110.1755, 19.4479], [-110.173, 19.4277], [-110.1709, 19.4075], [-110.1692, 19.3872], [-110.1679, 19.367], [-110.1669, 19.3467], [-110.1663, 19.3263], [-110.1661, 19.306], [-110.3425, 19.2882], [-110.3429, 19.2708], [-110.3437, 19.2534], [-110.3447, 19.236], [-110.3461, 19.2187], [-110.3478, 19.2013], [-110.3499, 19.184], [-110.3522, 19.1667], [-110.3549, 19.1495], [-110.3579, 19.1323], [-110.3612, 19.1152], [-110.3648, 19.0981], [-110.3688, 19.0811], [-110.373, 19.0641], [-110.3776, 19.0472], [-110.3825, 19.0304], [-110.3877, 19.0137], [-110.3932, 18.9971], [-110.3989, 18.9805], [-110.405, 18.9641], [-110.4114, 18.9478], [-110.4181, 18.9315], [-110.4251, 18.9154], [-110.4324, 18.8994], [-110.44, 18.8836], [-110.4479, 18.8678], [-110.456, 18.8522], [-110.4645, 18.8367], [-110.4732, 18.8214], [-110.4822, 18.8062], [-110.4915, 18.7911], [-110.5011, 18.7762], [-110.5109, 18.7615], [-110.521, 18.747], [-110.5313, 18.7326], [-110.542, 18.7183], [-110.5528, 18.7043], [-110.564, 18.6904], [-110.5754, 18.6768], [-110.587, 18.6633], [-110.5989, 18.65], [-110.611, 18.6369], [-110.6234, 18.624], [-110.636, 18.6113], [-110.6488, 18.5988], [-110.6619, 18.5866], [-110.6751, 18.5745], [-110.6886, 18.5627], [-110.7023, 18.5511], [-110.7162, 18.5397], [-110.7304, 18.5285], [-110.7447, 18.5176], [-110.7592, 18.507], [-110.7739, 18.4965], [-110.7888, 18.4863], [-110.8039, 18.4764], [-110.8192, 18.4667], [-110.8346, 18.4573], [-110.8502, 18.4481], [-110.866, 18.4391], [-110.8819, 18.4305], [-110.898, 18.4221], [-110.9142, 18.4139], [-110.9306, 18.4061], [-110.9471, 18.3985], [-110.9638, 18.3912], [-110.9806, 18.3841], [-110.9975, 18.3773], [-111.0145, 18.3708], [-111.0317, 18.3646], [-111.0489, 18.3587], [-111.0663, 18.3531], [-111.0838, 18.3477], [-111.1013, 18.3427], [-111.119, 18.3379], [-111.1367, 18.3334], [-111.1545, 18.3292], [-111.1724, 18.3253], [-111.1904, 18.3217], [-111.2084, 18.3184], [-111.2265, 18.3154], [-111.2446, 18.3127], [-111.2628, 18.3103], [-111.281, 18.3082], [-111.2992, 18.3064], [-111.3175, 18.3048], [-111.3358, 18.3036], [-111.3541, 18.3027], [-111.3725, 18.3021], [-111.3908, 18.3018], [-111.4077, 18.4682], [-111.423, 18.4684], [-111.4383, 18.4689], [-111.4535, 18.4697], [-111.4688, 18.4707], [-111.4841, 18.472], [-111.4993, 18.4735], [-111.5145, 18.4752], [-111.5296, 18.4772], [-111.5448, 18.4795], [-111.5598, 18.482], [-111.5749, 18.4848], [-111.5898, 18.4878], [-111.6048, 18.491], [-111.6196, 18.4945], [-111.6344, 18.4983], [-111.6491, 18.5022], [-111.6638, 18.5065], [-111.6783, 18.5109], [-111.6928, 18.5156], [-111.7072, 18.5206], [-111.7215, 18.5258], [-111.7357, 18.5312], [-111.7498, 18.5368], [-111.7638, 18.5427], [-111.7777, 18.5488], [-111.7915, 18.5551], [-111.8052, 18.5617], [-111.8187, 18.5685], [-111.8321, 18.5755], [-111.8454, 18.5827], [-111.8586, 18.5902], [-111.8716, 18.5978], [-111.8844, 18.6057], [-111.8972, 18.6138], [-111.9097, 18.6221], [-111.9222, 18.6306], [-111.9344, 18.6393], [-111.9465, 18.6482], [-111.9585, 18.6573], [-111.9702, 18.6666], [-111.9818, 18.6761], [-111.9932, 18.6857], [-112.0045, 18.6956], [-112.0156, 18.7057], [-112.0264, 18.7159], [-112.0371, 18.7263], [-112.0476, 18.7369], [-112.0579, 18.7476], [-112.068, 18.7586], [-112.0779, 18.7696], [-112.0876, 18.7809], [-112.0971, 18.7923], [-112.1064, 18.8038], [-112.1154, 18.8156], [-112.1243, 18.8274], [-112.1329, 18.8394], [-112.1413, 18.8516], [-112.1495, 18.8638], [-112.1575, 18.8763], [-112.1652, 18.8888], [-112.1727, 18.9015], [-112.18, 18.9142], [-112.187, 18.9272], [-112.1938, 18.9402], [-112.2003, 18.9533], [-112.2066, 18.9665], [-112.2127, 18.9799], [-112.2185, 18.9933], [-112.2241, 19.0068], [-112.2294, 19.0205], [-112.2345, 19.0342], [-112.2393, 19.0479], [-112.2439, 19.0618], [-112.2482, 19.0757], [-112.2522, 19.0897], [-112.256, 19.1038], [-112.2595, 19.1179], [-112.2628, 19.1321], [-112.2658, 19.1464], [-112.2686, 19.1607], [-112.271, 19.175], [-112.2733, 19.1893], [-112.2752, 19.2037], [-112.2769, 19.2182], [-112.2783, 19.2326], [-112.2795, 19.2471], [-112.2803, 19.2616], [-112.281, 19.2761], [-112.2813, 19.2906], [-112.6339, 19.306], [-112.6337, 19.3263], [-112.6331, 19.3467], [-112.6321, 19.367], [-112.6308, 19.3872], [-112.6291, 19.4075], [-112.627, 19.4277], [-112.6245, 19.4479], [-112.6216, 19.4681], [-112.6184, 19.4882], [-112.6148, 19.5082], [-112.6109, 19.5282], [-112.6065, 19.5481], [-112.6018, 19.5679], [-112.5968, 19.5877], [-112.5913, 19.6073], [-112.5855, 19.6269], [-112.5793, 19.6464], [-112.5728, 19.6658], [-112.5659, 19.685], [-112.5587, 19.7042], [-112.5511, 19.7232], [-112.5431, 19.7421], [-112.5348, 19.7609], [-112.5262, 19.7795], [-112.5172, 19.7979], [-112.5078, 19.8163], [-112.4981, 19.8344], [-112.4881, 19.8524], [-112.4778, 19.8703], [-112.4671, 19.888], [-112.4561, 19.9054], [-112.4447, 19.9227], [-112.4331, 19.9398], [-112.4211, 19.9568], [-112.4088, 19.9735], [-112.3962, 19.99], [-112.3833, 20.0063], [-112.37, 20.0224], [-112.3565, 20.0383], [-112.3427, 20.0539], [-112.3286, 20.0693], [-112.3142, 20.0845], [-112.2995, 20.0994], [-112.2846, 20.1141], [-112.2693, 20.1286], [-112.2539, 20.1428], [-112.2381, 20.1567], [-112.2221, 20.1704], [-112.2058, 20.1838], [-112.1893, 20.1969], [-112.1725, 20.2098], [-112.1555, 20.2224], [-112.1383, 20.2347], [-112.1208, 20.2467], [-112.1031, 20.2584], [-112.0852, 20.2698], [-112.0671, 20.281], [-112.0487, 20.2918], [-112.0302, 20.3023], [-112.0115, 20.3126], [-111.9926, 20.3225], [-111.9735, 20.3321], [-111.9542, 20.3414], [-111.9347, 20.3503], [-111.9151, 20.359], [-111.8953, 20.3673], [-111.8754, 20.3753], [-111.8553, 20.383], [-111.8351, 20.3903], [-111.8147, 20.3973], [-111.7943, 20.404], [-111.7736, 20.4103], [-111.7529, 20.4163], [-111.7321, 20.4219], [-111.7111, 20.4272], [-111.6901, 20.4322], [-111.669, 20.4368], [-111.6478, 20.441], [-111.6265, 20.4449], [-111.6051, 20.4485], [-111.5837, 20.4517], [-111.5622, 20.4545], [-111.5407, 20.457], [-111.5191, 20.4592], [-111.4975, 20.461], [-111.4759, 20.4624], [-111.4542, 20.4635], [-111.4325, 20.4642], [-111.4109, 20.4645], [-111.3892, 20.4645]]]}, "properties": {"layer": "storm_track", "kind": "wind_radii_forecast", "storm_id": "ep182026", "storm_name": "Rachel", "wind_kt": 50, "label": "+24h", "valid_text": "5:00 AM MST October 03, 2026"}}, {"type": "Feature", "geometry": {"type": "Polygon", "coordinates": [[[-111.3938, 19.9655], [-111.3815, 19.9653], [-111.3691, 19.9648], [-111.3568, 19.9642], [-111.3445, 19.9634], [-111.3321, 19.9624], [-111.3199, 19.9612], [-111.3076, 19.9598], [-111.2954, 19.9581], [-111.2832, 19.9563], [-111.271, 19.9543], [-111.2589, 19.9521], [-111.2468, 19.9496], [-111.2347, 19.947], [-111.2228, 19.9442], [-111.2108, 19.9412], [-111.199, 19.938], [-111.1871, 19.9346], [-111.1754, 19.931], [-111.1637, 19.9272], [-111.1521, 19.9232], [-111.1406, 19.919], [-111.1291, 19.9146], [-111.1178, 19.9101], [-111.1065, 19.9053], [-111.0953, 19.9004], [-111.0842, 19.8953], [-111.0732, 19.89], [-111.0623, 19.8845], [-111.0516, 19.8789], [-111.0409, 19.873], [-111.0303, 19.867], [-111.0198, 19.8609], [-111.0095, 19.8545], [-110.9993, 19.848], [-110.9892, 19.8413], [-110.9792, 19.8345], [-110.9694, 19.8275], [-110.9597, 19.8203], [-110.9501, 19.8129], [-110.9406, 19.8055], [-110.9314, 19.7978], [-110.9222, 19.79], [-110.9132, 19.7821], [-110.9043, 19.774], [-110.8956, 19.7657], [-110.8871, 19.7574], [-110.8787, 19.7488], [-110.8705, 19.7402], [-110.8624, 19.7314], [-110.8545, 19.7225], [-110.8468, 19.7134], [-110.8392, 19.7043], [-110.8318, 19.695], [-110.8246, 19.6855], [-110.8176, 19.676], [-110.8107, 19.6664], [-110.804, 19.6566], [-110.7975, 19.6467], [-110.7912, 19.6367], [-110.7851, 19.6267], [-110.7791, 19.6165], [-110.7734, 19.6062], [-110.7678, 19.5958], [-110.7625, 19.5854], [-110.7573, 19.5748], [-110.7523, 19.5642], [-110.7476, 19.5535], [-110.743, 19.5427], [-110.7386, 19.5319], [-110.7344, 19.5209], [-110.7305, 19.5099], [-110.7267, 19.4989], [-110.7232, 19.4878], [-110.7198, 19.4766], [-110.7167, 19.4654], [-110.7137, 19.4541], [-110.711, 19.4427], [-110.7085, 19.4314], [-110.7062, 19.42], [-110.7041, 19.4085], [-110.7022, 19.397], [-110.7006, 19.3855], [-110.6991, 19.374], [-110.6979, 19.3624], [-110.6969, 19.3509], [-110.696, 19.3393], [-110.6954, 19.3277], [-110.6951, 19.3161], [-110.6949, 19.3045], [-110.8712, 19.2949], [-110.8714, 19.2862], [-110.8718, 19.2775], [-110.8723, 19.2688], [-110.8729, 19.2601], [-110.8738, 19.2514], [-110.8748, 19.2428], [-110.8759, 19.2341], [-110.8772, 19.2255], [-110.8787, 19.2169], [-110.8803, 19.2083], [-110.8821, 19.1998], [-110.884, 19.1912], [-110.8862, 19.1828], [-110.8884, 19.1743], [-110.8908, 19.1659], [-110.8934, 19.1576], [-110.8961, 19.1492], [-110.899, 19.1409], [-110.902, 19.1327], [-110.9052, 19.1245], [-110.9085, 19.1164], [-110.912, 19.1084], [-110.9156, 19.1003], [-110.9194, 19.0924], [-110.9233, 19.0845], [-110.9274, 19.0767], [-110.9316, 19.0689], [-110.9359, 19.0613], [-110.9404, 19.0537], [-110.9451, 19.0461], [-110.9498, 19.0387], [-110.9547, 19.0313], [-110.9598, 19.024], [-110.9649, 19.0168], [-110.9702, 19.0097], [-110.9757, 19.0026], [-110.9812, 18.9957], [-110.9869, 18.9888], [-110.9927, 18.9821], [-110.9987, 18.9754], [-111.0047, 18.9689], [-111.0109, 18.9624], [-111.0172, 18.956], [-111.0236, 18.9498], [-111.0301, 18.9436], [-111.0368, 18.9376], [-111.0435, 18.9317], [-111.0504, 18.9259], [-111.0573, 18.9202], [-111.0644, 18.9146], [-111.0716, 18.9091], [-111.0789, 18.9038], [-111.0862, 18.8985], [-111.0937, 18.8934], [-111.1012, 18.8884], [-111.1089, 18.8836], [-111.1166, 18.8788], [-111.1244, 18.8742], [-111.1323, 18.8698], [-111.1403, 18.8654], [-111.1483, 18.8612], [-111.1565, 18.8571], [-111.1647, 18.8532], [-111.173, 18.8494], [-111.1813, 18.8457], [-111.1897, 18.8422], [-111.1982, 18.8388], [-111.2067, 18.8355], [-111.2153, 18.8324], [-111.224, 18.8294], [-111.2327, 18.8266], [-111.2414, 18.8239], [-111.2502, 18.8214], [-111.2591, 18.819], [-111.268, 18.8167], [-111.2769, 18.8146], [-111.2859, 18.8127], [-111.2949, 18.8109], [-111.3039, 18.8092], [-111.313, 18.8077], [-111.3221, 18.8064], [-111.3312, 18.8052], [-111.3403, 18.8041], [-111.3495, 18.8032], [-111.3586, 18.8024], [-111.3678, 18.8018], [-111.377, 18.8014], [-111.3862, 18.8011], [-111.3954, 18.8009], [-111.4038, 18.8841], [-111.4115, 18.8842], [-111.4192, 18.8845], [-111.4268, 18.8849], [-111.4345, 18.8854], [-111.4421, 18.886], [-111.4498, 18.8867], [-111.4574, 18.8876], [-111.465, 18.8886], [-111.4726, 18.8898], [-111.4801, 18.891], [-111.4876, 18.8924], [-111.4951, 18.8939], [-111.5026, 18.8955], [-111.5101, 18.8973], [-111.5175, 18.8992], [-111.5249, 18.9012], [-111.5322, 18.9033], [-111.5395, 18.9055], [-111.5468, 18.9079], [-111.554, 18.9104], [-111.5611, 18.9129], [-111.5683, 18.9157], [-111.5753, 18.9185], [-111.5823, 18.9214], [-111.5893, 18.9245], [-111.5962, 18.9277], [-111.603, 18.931], [-111.6098, 18.9344], [-111.6165, 18.9379], [-111.6232, 18.9415], [-111.6298, 18.9452], [-111.6363, 18.9491], [-111.6427, 18.953], [-111.6491, 18.9571], [-111.6554, 18.9612], [-111.6616, 18.9655], [-111.6677, 18.9698], [-111.6738, 18.9743], [-111.6798, 18.9789], [-111.6857, 18.9835], [-111.6915, 18.9883], [-111.6972, 18.9931], [-111.7028, 18.9981], [-111.7083, 19.0031], [-111.7138, 19.0082], [-111.7191, 19.0134], [-111.7244, 19.0187], [-111.7295, 19.0241], [-111.7345, 19.0296], [-111.7395, 19.0351], [-111.7443, 19.0408], [-111.7491, 19.0465], [-111.7537, 19.0523], [-111.7582, 19.0581], [-111.7627, 19.0641], [-111.767, 19.0701], [-111.7712, 19.0762], [-111.7753, 19.0823], [-111.7792, 19.0885], [-111.7831, 19.0948], [-111.7868, 19.1011], [-111.7904, 19.1075], [-111.7939, 19.114], [-111.7973, 19.1205], [-111.8006, 19.1271], [-111.8037, 19.1337], [-111.8067, 19.1404], [-111.8096, 19.1471], [-111.8124, 19.1539], [-111.8151, 19.1607], [-111.8176, 19.1676], [-111.82, 19.1745], [-111.8222, 19.1814], [-111.8244, 19.1884], [-111.8264, 19.1954], [-111.8283, 19.2024], [-111.83, 19.2095], [-111.8316, 19.2166], [-111.8331, 19.2237], [-111.8345, 19.2308], [-111.8357, 19.238], [-111.8368, 19.2452], [-111.8377, 19.2524], [-111.8386, 19.2596], [-111.8392, 19.2668], [-111.8398, 19.2741], [-111.8402, 19.2813], [-111.8405, 19.2886], [-111.8407, 19.2958], [-111.9288, 19.3036], [-111.9287, 19.3123], [-111.9284, 19.321], [-111.9279, 19.3297], [-111.9273, 19.3384], [-111.9266, 19.3471], [-111.9256, 19.3557], [-111.9245, 19.3644], [-111.9233, 19.373], [-111.9218, 19.3816], [-111.9203, 19.3902], [-111.9185, 19.3988], [-111.9166, 19.4073], [-111.9146, 19.4158], [-111.9124, 19.4243], [-111.91, 19.4327], [-111.9075, 19.4411], [-111.9048, 19.4494], [-111.902, 19.4577], [-111.899, 19.4659], [-111.8959, 19.4741], [-111.8926, 19.4823], [-111.8892, 19.4903], [-111.8856, 19.4984], [-111.8818, 19.5063], [-111.8779, 19.5142], [-111.8739, 19.5221], [-111.8697, 19.5299], [-111.8654, 19.5376], [-111.861, 19.5452], [-111.8564, 19.5527], [-111.8516, 19.5602], [-111.8467, 19.5676], [-111.8417, 19.5749], [-111.8366, 19.5822], [-111.8313, 19.5893], [-111.8259, 19.5964], [-111.8203, 19.6034], [-111.8147, 19.6102], [-111.8089, 19.617], [-111.8029, 19.6237], [-111.7969, 19.6303], [-111.7907, 19.6368], [-111.7844, 19.6432], [-111.778, 19.6494], [-111.7715, 19.6556], [-111.7648, 19.6617], [-111.7581, 19.6676], [-111.7512, 19.6735], [-111.7443, 19.6792], [-111.7372, 19.6848], [-111.73, 19.6903], [-111.7227, 19.6957], [-111.7153, 19.7009], [-111.7079, 19.7061], [-111.7003, 19.7111], [-111.6926, 19.716], [-111.6849, 19.7207], [-111.677, 19.7253], [-111.6691, 19.7298], [-111.6611, 19.7342], [-111.653, 19.7384], [-111.6449, 19.7425], [-111.6366, 19.7465], [-111.6283, 19.7503], [-111.6199, 19.754], [-111.6115, 19.7576], [-111.603, 19.761], [-111.5944, 19.7643], [-111.5857, 19.7674], [-111.577, 19.7704], [-111.5683, 19.7732], [-111.5595, 19.7759], [-111.5506, 19.7785], [-111.5417, 19.7809], [-111.5328, 19.7832], [-111.5238, 19.7853], [-111.5148, 19.7872], [-111.5058, 19.7891], [-111.4967, 19.7907], [-111.4876, 19.7922], [-111.4784, 19.7936], [-111.4692, 19.7948], [-111.4601, 19.7959], [-111.4509, 19.7968], [-111.4416, 19.7976], [-111.4324, 19.7982], [-111.4231, 19.7986], [-111.4139, 19.7989], [-111.4046, 19.7991], [-111.3938, 19.9655]]]}, "properties": {"layer": "storm_track", "kind": "wind_radii_forecast", "storm_id": "ep182026", "storm_name": "Rachel", "wind_kt": 64, "label": "+24h", "valid_text": "5:00 AM MST October 03, 2026"}}, {"type": "Feature", "geometry": {"type": "Polygon", "coordinates": [[[-112.0813, 21.5964], [-112.0438, 21.5957], [-112.0064, 21.5945], [-111.969, 21.5927], [-111.9316, 21.5902], [-111.8943, 21.5871], [-111.857, 21.5834], [-111.8198, 21.5791], [-111.7827, 21.5742], [-111.7458, 21.5687], [-111.7089, 21.5626], [-111.6721, 21.5558], [-111.6355, 21.5485], [-111.5991, 21.5406], [-111.5627, 21.532], [-111.5266, 21.5229], [-111.4906, 21.5132], [-111.4549, 21.5029], [-111.4193, 21.492], [-111.384, 21.4805], [-111.3488, 21.4684], [-111.314, 21.4558], [-111.2793, 21.4426], [-111.2449, 21.4288], [-111.2108, 21.4145], [-111.177, 21.3996], [-111.1435, 21.3841], [-111.1103, 21.3681], [-111.0773, 21.3516], [-111.0447, 21.3345], [-111.0125, 21.3169], [-110.9806, 21.2987], [-110.949, 21.2801], [-110.9178, 21.2609], [-110.8869, 21.2412], [-110.8565, 21.221], [-110.8264, 21.2003], [-110.7968, 21.1791], [-110.7675, 21.1575], [-110.7387, 21.1353], [-110.7103, 21.1127], [-110.6823, 21.0896], [-110.6548, 21.0661], [-110.6277, 21.0421], [-110.6011, 21.0177], [-110.5749, 20.9928], [-110.5493, 20.9675], [-110.5241, 20.9418], [-110.4994, 20.9157], [-110.4752, 20.8892], [-110.4515, 20.8623], [-110.4284, 20.835], [-110.4057, 20.8073], [-110.3836, 20.7793], [-110.362, 20.7509], [-110.341, 20.7222], [-110.3205, 20.6931], [-110.3005, 20.6637], [-110.2812, 20.6339], [-110.2623, 20.6039], [-110.2441, 20.5735], [-110.2264, 20.5428], [-110.2093, 20.5119], [-110.1928, 20.4807], [-110.1769, 20.4492], [-110.1616, 20.4175], [-110.1469, 20.3855], [-110.1327, 20.3533], [-110.1192, 20.3208], [-110.1063, 20.2881], [-110.094, 20.2553], [-110.0824, 20.2222], [-110.0713, 20.1889], [-110.0609, 20.1555], [-110.0511, 20.1219], [-110.0419, 20.0881], [-110.0334, 20.0542], [-110.0255, 20.0202], [-110.0182, 19.986], [-110.0116, 19.9518], [-110.0056, 19.9174], [-110.0003, 19.8829], [-109.9956, 19.8483], [-109.9915, 19.8137], [-109.9881, 19.779], [-109.9854, 19.7443], [-109.9832, 19.7095], [-109.9818, 19.6747], [-109.9809, 19.6399], [-109.9807, 19.605], [-110.1577, 19.5736], [-110.1587, 19.5417], [-110.1603, 19.5098], [-110.1624, 19.4779], [-110.1652, 19.4461], [-110.1685, 19.4143], [-110.1724, 19.3826], [-110.1769, 19.351], [-110.182, 19.3194], [-110.1877, 19.2879], [-110.1939, 19.2565], [-110.2007, 19.2252], [-110.2081, 19.1941], [-110.2161, 19.163], [-110.2246, 19.1321], [-110.2337, 19.1014], [-110.2434, 19.0708], [-110.2536, 19.0403], [-110.2644, 19.0101], [-110.2757, 18.98], [-110.2876, 18.9501], [-110.3, 18.9204], [-110.313, 18.8909], [-110.3265, 18.8617], [-110.3406, 18.8326], [-110.3551, 18.8038], [-110.3702, 18.7753], [-110.3858, 18.7469], [-110.4019, 18.7189], [-110.4186, 18.6911], [-110.4357, 18.6636], [-110.4533, 18.6364], [-110.4715, 18.6095], [-110.4901, 18.5829], [-110.5092, 18.5565], [-110.5287, 18.5305], [-110.5488, 18.5049], [-110.5693, 18.4795], [-110.5902, 18.4546], [-110.6116, 18.4299], [-110.6335, 18.4056], [-110.6558, 18.3817], [-110.6785, 18.3581], [-110.7016, 18.335], [-110.7252, 18.3122], [-110.7492, 18.2897], [-110.7735, 18.2677], [-110.7983, 18.2461], [-110.8234, 18.2249], [-110.849, 18.2042], [-110.8749, 18.1838], [-110.9011, 18.1639], [-110.9278, 18.1444], [-110.9547, 18.1253], [-110.982, 18.1067], [-111.0097, 18.0886], [-111.0376, 18.0709], [-111.0659, 18.0536], [-111.0945, 18.0369], [-111.1234, 18.0206], [-111.1526, 18.0048], [-111.182, 17.9894], [-111.2117, 17.9746], [-111.2417, 17.9602], [-111.272, 17.9464], [-111.3024, 17.933], [-111.3332, 17.9201], [-111.3641, 17.9078], [-111.3953, 17.8959], [-111.4267, 17.8846], [-111.4582, 17.8738], [-111.49, 17.8635], [-111.5219, 17.8537], [-111.5541, 17.8445], [-111.5863, 17.8358], [-111.6188, 17.8276], [-111.6513, 17.82], [-111.684, 17.8129], [-111.7168, 17.8063], [-111.7498, 17.8003], [-111.7828, 17.7948], [-111.816, 17.7898], [-111.8492, 17.7854], [-111.8825, 17.7816], [-111.9158, 17.7783], [-111.9492, 17.7755], [-111.9827, 17.7733], [-112.0162, 17.7717], [-112.0497, 17.7706], [-112.0832, 17.77], [-112.1168, 17.77], [-112.1503, 17.7706], [-112.1838, 17.7717], [-112.2173, 17.7733], [-112.2508, 17.7755], [-112.2842, 17.7783], [-112.3175, 17.7816], [-112.3508, 17.7854], [-112.384, 17.7898], [-112.4172, 17.7948], [-112.4502, 17.8003], [-112.4831, 17.8063], [-112.516, 17.8129], [-112.5487, 17.82], [-112.5812, 17.8276], [-112.6137, 17.8358], [-112.6459, 17.8445], [-112.6781, 17.8537], [-112.71, 17.8635], [-112.7418, 17.8738], [-112.7733, 17.8846], [-112.8047, 17.8959], [-112.8359, 17.9078], [-112.8668, 17.9201], [-112.8976, 17.933], [-112.928, 17.9464], [-112.9583, 17.9602], [-112.9883, 17.9746], [-113.018, 17.9894], [-113.0474, 18.0048], [-113.0766, 18.0206], [-113.1055, 18.0369], [-113.1341, 18.0536], [-113.1624, 18.0709], [-113.1903, 18.0886], [-113.218, 18.1067], [-113.2453, 18.1253], [-113.2722, 18.1444], [-113.2989, 18.1639], [-113.3251, 18.1838], [-113.351, 18.2042], [-113.3766, 18.2249], [-113.4017, 18.2461], [-113.4265, 18.2677], [-113.4509, 18.2897], [-113.4748, 18.3121], [-113.4984, 18.3349], [-113.5215, 18.3581], [-113.5442, 18.3817], [-113.5665, 18.4056], [-113.5884, 18.4299], [-113.6098, 18.4545], [-113.6307, 18.4795], [-113.6512, 18.5049], [-113.6713, 18.5305], [-113.6908, 18.5565], [-113.7099, 18.5828], [-113.7285, 18.6095], [-113.7467, 18.6364], [-113.7643, 18.6636], [-113.7814, 18.6911], [-113.7981, 18.7189], [-113.8142, 18.7469], [-113.8298, 18.7752], [-113.8449, 18.8038], [-113.8595, 18.8326], [-113.8735, 18.8617], [-113.887, 18.8909], [-113.9, 18.9204], [-113.9124, 18.9501], [-113.9243, 18.98], [-113.9356, 19.0101], [-113.9464, 19.0403], [-113.9566, 19.0708], [-113.9663, 19.1014], [-113.9754, 19.1321], [-113.9839, 19.163], [-113.9919, 19.1941], [-113.9993, 19.2252], [-114.0061, 19.2565], [-114.0123, 19.2879], [-114.018, 19.3194], [-114.0231, 19.351], [-114.0276, 19.3826], [-114.0315, 19.4143], [-114.0348, 19.4461], [-114.0376, 19.4779], [-114.0397, 19.5098], [-114.0413, 19.5417], [-114.0423, 19.5736], [-114.2193, 19.605], [-114.2191, 19.6399], [-114.2182, 19.6747], [-114.2168, 19.7095], [-114.2146, 19.7443], [-114.2119, 19.779], [-114.2085, 19.8137], [-114.2044, 19.8483], [-114.1997, 19.8829], [-114.1944, 19.9174], [-114.1884, 19.9517], [-114.1818, 19.986], [-114.1745, 20.0202], [-114.1666, 20.0542], [-114.1581, 20.0881], [-114.1489, 20.1219], [-114.1391, 20.1555], [-114.1287, 20.1889], [-114.1176, 20.2222], [-114.106, 20.2552], [-114.0937, 20.2881], [-114.0808, 20.3208], [-114.0673, 20.3532], [-114.0532, 20.3855], [-114.0384, 20.4175], [-114.0231, 20.4492], [-114.0072, 20.4807], [-113.9907, 20.5119], [-113.9736, 20.5428], [-113.9559, 20.5735], [-113.9377, 20.6039], [-113.9189, 20.6339], [-113.8995, 20.6637], [-113.8795, 20.6931], [-113.859, 20.7222], [-113.838, 20.7509], [-113.8164, 20.7793], [-113.7943, 20.8073], [-113.7716, 20.835], [-113.7485, 20.8623], [-113.7248, 20.8892], [-113.7006, 20.9157], [-113.6759, 20.9418], [-113.6507, 20.9675], [-113.6251, 20.9928], [-113.5989, 21.0177], [-113.5723, 21.0421], [-113.5452, 21.0661], [-113.5177, 21.0896], [-113.4897, 21.1127], [-113.4613, 21.1353], [-113.4325, 21.1574], [-113.4032, 21.1791], [-113.3736, 21.2003], [-113.3435, 21.221], [-113.3131, 21.2412], [-113.2822, 21.2609], [-113.251, 21.2801], [-113.2195, 21.2987], [-113.1875, 21.3169], [-113.1553, 21.3345], [-113.1227, 21.3516], [-113.0898, 21.3681], [-113.0565, 21.3841], [-113.023, 21.3996], [-112.9892, 21.4145], [-112.9551, 21.4288], [-112.9207, 21.4426], [-112.8861, 21.4558], [-112.8512, 21.4684], [-112.8161, 21.4805], [-112.7807, 21.492], [-112.7451, 21.5029], [-112.7094, 21.5132], [-112.6734, 21.5229], [-112.6373, 21.532], [-112.601, 21.5406], [-112.5645, 21.5485], [-112.5279, 21.5558], [-112.4911, 21.5626], [-112.4543, 21.5687], [-112.4173, 21.5742], [-112.3802, 21.5791], [-112.343, 21.5834], [-112.3058, 21.5871], [-112.2684, 21.5902], [-112.2311, 21.5927], [-112.1936, 21.5945], [-112.1562, 21.5957], [-112.1187, 21.5964], [-112.0813, 21.5964]]]}, "properties": {"layer": "storm_track", "kind": "wind_radii_forecast", "storm_id": "ep182026", "storm_name": "Rachel", "wind_kt": 34, "label": "+36h", "valid_text": "5:00 PM MST October 03, 2026"}}, {"type": "Feature", "geometry": {"type": "Polygon", "coordinates": [[[-112.0907, 20.5982], [-112.0721, 20.5979], [-112.0535, 20.5973], [-112.0349, 20.5963], [-112.0163, 20.5951], [-111.9978, 20.5936], [-111.9793, 20.5918], [-111.9608, 20.5896], [-111.9424, 20.5872], [-111.924, 20.5844], [-111.9057, 20.5814], [-111.8874, 20.5781], [-111.8692, 20.5744], [-111.8511, 20.5705], [-111.8331, 20.5662], [-111.8151, 20.5617], [-111.7972, 20.5569], [-111.7794, 20.5517], [-111.7618, 20.5463], [-111.7442, 20.5406], [-111.7267, 20.5346], [-111.7094, 20.5283], [-111.6921, 20.5218], [-111.675, 20.5149], [-111.6581, 20.5078], [-111.6412, 20.5004], [-111.6245, 20.4927], [-111.608, 20.4848], [-111.5916, 20.4765], [-111.5754, 20.468], [-111.5593, 20.4593], [-111.5434, 20.4503], [-111.5276, 20.441], [-111.5121, 20.4314], [-111.4967, 20.4216], [-111.4815, 20.4116], [-111.4665, 20.4013], [-111.4517, 20.3908], [-111.4371, 20.38], [-111.4227, 20.369], [-111.4085, 20.3577], [-111.3946, 20.3462], [-111.3808, 20.3345], [-111.3673, 20.3226], [-111.354, 20.3104], [-111.3409, 20.2981], [-111.3281, 20.2855], [-111.3155, 20.2727], [-111.3031, 20.2597], [-111.291, 20.2465], [-111.2791, 20.2331], [-111.2675, 20.2195], [-111.2561, 20.2057], [-111.245, 20.1917], [-111.2342, 20.1776], [-111.2236, 20.1633], [-111.2134, 20.1488], [-111.2033, 20.1341], [-111.1936, 20.1193], [-111.1841, 20.1043], [-111.1749, 20.0892], [-111.166, 20.0739], [-111.1574, 20.0585], [-111.1491, 20.0429], [-111.141, 20.0272], [-111.1333, 20.0114], [-111.1259, 19.9954], [-111.1187, 19.9793], [-111.1119, 19.9631], [-111.1053, 19.9468], [-111.0991, 19.9304], [-111.0932, 19.9139], [-111.0875, 19.8973], [-111.0822, 19.8806], [-111.0772, 19.8639], [-111.0725, 19.847], [-111.0682, 19.8301], [-111.0641, 19.8131], [-111.0604, 19.796], [-111.057, 19.7789], [-111.0539, 19.7617], [-111.0511, 19.7445], [-111.0486, 19.7272], [-111.0465, 19.7099], [-111.0447, 19.6926], [-111.0432, 19.6752], [-111.042, 19.6579], [-111.0411, 19.6404], [-111.0406, 19.623], [-111.0404, 19.6056], [-111.2171, 19.5906], [-111.2174, 19.5761], [-111.218, 19.5616], [-111.2189, 19.5471], [-111.2201, 19.5326], [-111.2215, 19.5181], [-111.2232, 19.5037], [-111.2251, 19.4893], [-111.2274, 19.475], [-111.2299, 19.4606], [-111.2326, 19.4463], [-111.2356, 19.4321], [-111.2389, 19.4179], [-111.2424, 19.4038], [-111.2462, 19.3897], [-111.2503, 19.3757], [-111.2546, 19.3618], [-111.2592, 19.3479], [-111.264, 19.3341], [-111.2691, 19.3204], [-111.2744, 19.3068], [-111.28, 19.2933], [-111.2858, 19.2798], [-111.2919, 19.2665], [-111.2982, 19.2533], [-111.3048, 19.2401], [-111.3116, 19.2271], [-111.3186, 19.2142], [-111.3259, 19.2014], [-111.3334, 19.1888], [-111.3412, 19.1762], [-111.3491, 19.1638], [-111.3573, 19.1515], [-111.3658, 19.1394], [-111.3744, 19.1274], [-111.3833, 19.1155], [-111.3924, 19.1038], [-111.4016, 19.0923], [-111.4111, 19.0809], [-111.4209, 19.0696], [-111.4308, 19.0585], [-111.4409, 19.0476], [-111.4512, 19.0369], [-111.4617, 19.0263], [-111.4724, 19.0159], [-111.4833, 19.0056], [-111.4944, 18.9956], [-111.5057, 18.9857], [-111.5171, 18.9761], [-111.5288, 18.9666], [-111.5405, 18.9573], [-111.5525, 18.9482], [-111.5646, 18.9393], [-111.5769, 18.9306], [-111.5894, 18.9221], [-111.602, 18.9138], [-111.6147, 18.9057], [-111.6276, 18.8978], [-111.6406, 18.8902], [-111.6538, 18.8827], [-111.6671, 18.8755], [-111.6805, 18.8685], [-111.6941, 18.8617], [-111.7078, 18.8551], [-111.7216, 18.8488], [-111.7355, 18.8427], [-111.7495, 18.8368], [-111.7637, 18.8312], [-111.7779, 18.8258], [-111.7922, 18.8206], [-111.8067, 18.8156], [-111.8212, 18.8109], [-111.8358, 18.8065], [-111.8504, 18.8022], [-111.8652, 18.7983], [-111.88, 18.7945], [-111.8949, 18.791], [-111.9098, 18.7878], [-111.9248, 18.7848], [-111.9399, 18.782], [-111.955, 18.7795], [-111.9701, 18.7772], [-111.9853, 18.7752], [-112.0005, 18.7735], [-112.0158, 18.772], [-112.0311, 18.7707], [-112.0464, 18.7697], [-112.0617, 18.7689], [-112.077, 18.7684], [-112.0923, 18.7682], [-112.1061, 18.9346], [-112.1184, 18.9348], [-112.1307, 18.9352], [-112.143, 18.9358], [-112.1552, 18.9366], [-112.1674, 18.9376], [-112.1796, 18.9388], [-112.1918, 18.9402], [-112.204, 18.9418], [-112.2161, 18.9436], [-112.2282, 18.9456], [-112.2403, 18.9478], [-112.2523, 18.9502], [-112.2643, 18.9528], [-112.2762, 18.9556], [-112.288, 18.9586], [-112.2999, 18.9618], [-112.3116, 18.9652], [-112.3233, 18.9688], [-112.3349, 18.9725], [-112.3464, 18.9765], [-112.3579, 18.9806], [-112.3693, 18.985], [-112.3806, 18.9895], [-112.3919, 18.9942], [-112.403, 18.9991], [-112.414, 19.0042], [-112.425, 19.0094], [-112.4359, 19.0149], [-112.4466, 19.0205], [-112.4573, 19.0263], [-112.4678, 19.0322], [-112.4782, 19.0384], [-112.4886, 19.0447], [-112.4988, 19.0511], [-112.5088, 19.0578], [-112.5188, 19.0646], [-112.5286, 19.0715], [-112.5383, 19.0787], [-112.5479, 19.086], [-112.5573, 19.0934], [-112.5666, 19.101], [-112.5758, 19.1087], [-112.5848, 19.1166], [-112.5937, 19.1247], [-112.6024, 19.1329], [-112.611, 19.1412], [-112.6194, 19.1497], [-112.6276, 19.1583], [-112.6357, 19.167], [-112.6437, 19.1759], [-112.6514, 19.1849], [-112.659, 19.194], [-112.6665, 19.2033], [-112.6737, 19.2127], [-112.6808, 19.2221], [-112.6877, 19.2318], [-112.6945, 19.2415], [-112.701, 19.2513], [-112.7074, 19.2612], [-112.7136, 19.2713], [-112.7196, 19.2814], [-112.7254, 19.2916], [-112.731, 19.302], [-112.7365, 19.3124], [-112.7417, 19.3229], [-112.7468, 19.3335], [-112.7516, 19.3442], [-112.7563, 19.3549], [-112.7607, 19.3657], [-112.765, 19.3766], [-112.769, 19.3876], [-112.7729, 19.3986], [-112.7765, 19.4097], [-112.78, 19.4209], [-112.7832, 19.4321], [-112.7862, 19.4434], [-112.789, 19.4547], [-112.7917, 19.466], [-112.7941, 19.4774], [-112.7962, 19.4888], [-112.7982, 19.5003], [-112.8, 19.5118], [-112.8015, 19.5233], [-112.8029, 19.5349], [-112.804, 19.5464], [-112.8049, 19.558], [-112.8056, 19.5696], [-112.8061, 19.5812], [-112.8064, 19.5928], [-113.1596, 19.6056], [-113.1594, 19.623], [-113.1589, 19.6404], [-113.158, 19.6579], [-113.1569, 19.6752], [-113.1553, 19.6926], [-113.1535, 19.7099], [-113.1514, 19.7272], [-113.1489, 19.7445], [-113.1461, 19.7617], [-113.143, 19.7789], [-113.1396, 19.796], [-113.1359, 19.8131], [-113.1318, 19.8301], [-113.1275, 19.847], [-113.1228, 19.8639], [-113.1178, 19.8806], [-113.1125, 19.8973], [-113.1068, 19.9139], [-113.1009, 19.9304], [-113.0947, 19.9468], [-113.0881, 19.9631], [-113.0813, 19.9793], [-113.0742, 19.9954], [-113.0667, 20.0114], [-113.059, 20.0272], [-113.0509, 20.0429], [-113.0426, 20.0585], [-113.034, 20.0739], [-113.0251, 20.0892], [-113.0159, 20.1043], [-113.0064, 20.1193], [-112.9967, 20.1341], [-112.9867, 20.1488], [-112.9764, 20.1633], [-112.9658, 20.1776], [-112.955, 20.1917], [-112.9439, 20.2057], [-112.9325, 20.2195], [-112.9209, 20.2331], [-112.909, 20.2465], [-112.8969, 20.2597], [-112.8846, 20.2727], [-112.872, 20.2855], [-112.8591, 20.2981], [-112.846, 20.3104], [-112.8327, 20.3226], [-112.8192, 20.3345], [-112.8054, 20.3462], [-112.7915, 20.3577], [-112.7773, 20.369], [-112.7629, 20.38], [-112.7483, 20.3908], [-112.7335, 20.4013], [-112.7185, 20.4116], [-112.7033, 20.4216], [-112.6879, 20.4314], [-112.6724, 20.441], [-112.6566, 20.4503], [-112.6407, 20.4593], [-112.6247, 20.468], [-112.6084, 20.4765], [-112.592, 20.4848], [-112.5755, 20.4927], [-112.5588, 20.5004], [-112.542, 20.5078], [-112.525, 20.5149], [-112.5079, 20.5218], [-112.4906, 20.5283], [-112.4733, 20.5346], [-112.4558, 20.5406], [-112.4382, 20.5463], [-112.4206, 20.5517], [-112.4028, 20.5569], [-112.3849, 20.5617], [-112.3669, 20.5662], [-112.3489, 20.5705], [-112.3308, 20.5744], [-112.3126, 20.5781], [-112.2943, 20.5814], [-112.276, 20.5844], [-112.2576, 20.5872], [-112.2392, 20.5896], [-112.2207, 20.5918], [-112.2022, 20.5936], [-112.1837, 20.5951], [-112.1651, 20.5963], [-112.1465, 20.5973], [-112.1279, 20.5979], [-112.1093, 20.5982], [-112.0907, 20.5982]]]}, "properties": {"layer": "storm_track", "kind": "wind_radii_forecast", "storm_id": "ep182026", "storm_name": "Rachel", "wind_kt": 50, "label": "+36h", "valid_text": "5:00 PM MST October 03, 2026"}}, {"type": "Feature", "geometry": {"type": "Polygon", "coordinates": [[[-112.0946, 20.1823], [-112.0838, 20.1821], [-112.0729, 20.1817], [-112.0621, 20.1812], [-112.0513, 20.1805], [-112.0405, 20.1796], [-112.0298, 20.1785], [-112.019, 20.1773], [-112.0083, 20.1759], [-111.9976, 20.1743], [-111.987, 20.1725], [-111.9763, 20.1706], [-111.9657, 20.1684], [-111.9552, 20.1661], [-111.9447, 20.1637], [-111.9342, 20.161], [-111.9238, 20.1582], [-111.9135, 20.1552], [-111.9032, 20.1521], [-111.893, 20.1488], [-111.8828, 20.1453], [-111.8727, 20.1416], [-111.8627, 20.1378], [-111.8527, 20.1338], [-111.8428, 20.1297], [-111.833, 20.1254], [-111.8233, 20.1209], [-111.8137, 20.1163], [-111.8041, 20.1115], [-111.7947, 20.1065], [-111.7853, 20.1014], [-111.776, 20.0962], [-111.7669, 20.0908], [-111.7578, 20.0852], [-111.7488, 20.0795], [-111.74, 20.0737], [-111.7313, 20.0677], [-111.7226, 20.0616], [-111.7141, 20.0553], [-111.7057, 20.0489], [-111.6975, 20.0423], [-111.6893, 20.0356], [-111.6813, 20.0288], [-111.6734, 20.0219], [-111.6656, 20.0148], [-111.658, 20.0076], [-111.6505, 20.0003], [-111.6432, 19.9928], [-111.636, 19.9852], [-111.6289, 19.9776], [-111.6219, 19.9698], [-111.6152, 19.9618], [-111.6085, 19.9538], [-111.6021, 19.9457], [-111.5957, 19.9374], [-111.5896, 19.9291], [-111.5835, 19.9207], [-111.5777, 19.9121], [-111.572, 19.9035], [-111.5664, 19.8948], [-111.5611, 19.8859], [-111.5559, 19.877], [-111.5508, 19.868], [-111.5459, 19.859], [-111.5412, 19.8498], [-111.5367, 19.8406], [-111.5323, 19.8313], [-111.5282, 19.8219], [-111.5241, 19.8125], [-111.5203, 19.803], [-111.5166, 19.7934], [-111.5132, 19.7838], [-111.5099, 19.7741], [-111.5067, 19.7644], [-111.5038, 19.7546], [-111.501, 19.7448], [-111.4985, 19.7349], [-111.4961, 19.725], [-111.4939, 19.7151], [-111.4919, 19.7051], [-111.49, 19.6951], [-111.4884, 19.685], [-111.4869, 19.675], [-111.4856, 19.6649], [-111.4845, 19.6548], [-111.4836, 19.6446], [-111.4829, 19.6345], [-111.4824, 19.6243], [-111.4821, 19.6142], [-111.4819, 19.604], [-111.6585, 19.5958], [-111.6587, 19.5886], [-111.659, 19.5813], [-111.6594, 19.5741], [-111.6599, 19.5668], [-111.6606, 19.5596], [-111.6615, 19.5524], [-111.6624, 19.5452], [-111.6635, 19.538], [-111.6647, 19.5308], [-111.6661, 19.5237], [-111.6676, 19.5166], [-111.6692, 19.5095], [-111.671, 19.5024], [-111.6728, 19.4954], [-111.6749, 19.4884], [-111.677, 19.4814], [-111.6793, 19.4744], [-111.6817, 19.4675], [-111.6842, 19.4607], [-111.6868, 19.4539], [-111.6896, 19.4471], [-111.6925, 19.4404], [-111.6955, 19.4337], [-111.6987, 19.4271], [-111.7019, 19.4205], [-111.7053, 19.414], [-111.7089, 19.4075], [-111.7125, 19.4011], [-111.7162, 19.3948], [-111.7201, 19.3885], [-111.7241, 19.3823], [-111.7282, 19.3761], [-111.7324, 19.3701], [-111.7367, 19.3641], [-111.7411, 19.3581], [-111.7456, 19.3523], [-111.7503, 19.3465], [-111.755, 19.3408], [-111.7599, 19.3351], [-111.7648, 19.3296], [-111.7699, 19.3241], [-111.7751, 19.3187], [-111.7803, 19.3134], [-111.7857, 19.3082], [-111.7911, 19.3031], [-111.7967, 19.298], [-111.8023, 19.2931], [-111.808, 19.2883], [-111.8138, 19.2835], [-111.8197, 19.2788], [-111.8257, 19.2743], [-111.8318, 19.2698], [-111.8379, 19.2655], [-111.8442, 19.2612], [-111.8505, 19.2571], [-111.8568, 19.253], [-111.8633, 19.2491], [-111.8698, 19.2452], [-111.8764, 19.2415], [-111.8831, 19.2379], [-111.8898, 19.2344], [-111.8966, 19.231], [-111.9035, 19.2277], [-111.9104, 19.2245], [-111.9173, 19.2214], [-111.9244, 19.2185], [-111.9314, 19.2157], [-111.9386, 19.2129], [-111.9458, 19.2104], [-111.953, 19.2079], [-111.9603, 19.2055], [-111.9676, 19.2033], [-111.9749, 19.2012], [-111.9823, 19.1992], [-111.9897, 19.1973], [-111.9972, 19.1955], [-112.0047, 19.1939], [-112.0122, 19.1924], [-112.0198, 19.191], [-112.0273, 19.1898], [-112.0349, 19.1886], [-112.0425, 19.1876], [-112.0501, 19.1867], [-112.0578, 19.186], [-112.0655, 19.1854], [-112.0731, 19.1849], [-112.0808, 19.1845], [-112.0885, 19.1842], [-112.0962, 19.1841], [-112.1031, 19.2673], [-112.1092, 19.2674], [-112.1154, 19.2676], [-112.1215, 19.2679], [-112.1277, 19.2683], [-112.1338, 19.2688], [-112.1399, 19.2694], [-112.146, 19.2701], [-112.1521, 19.2709], [-112.1582, 19.2718], [-112.1642, 19.2728], [-112.1703, 19.2739], [-112.1763, 19.2751], [-112.1823, 19.2764], [-112.1883, 19.2778], [-112.1942, 19.2793], [-112.2001, 19.2809], [-112.206, 19.2826], [-112.2119, 19.2844], [-112.2177, 19.2863], [-112.2235, 19.2883], [-112.2292, 19.2904], [-112.2349, 19.2925], [-112.2406, 19.2948], [-112.2462, 19.2972], [-112.2518, 19.2996], [-112.2573, 19.3022], [-112.2628, 19.3048], [-112.2682, 19.3075], [-112.2736, 19.3103], [-112.2789, 19.3132], [-112.2842, 19.3162], [-112.2895, 19.3193], [-112.2946, 19.3224], [-112.2997, 19.3257], [-112.3048, 19.329], [-112.3098, 19.3324], [-112.3147, 19.3359], [-112.3195, 19.3395], [-112.3243, 19.3431], [-112.329, 19.3468], [-112.3337, 19.3506], [-112.3383, 19.3545], [-112.3428, 19.3585], [-112.3472, 19.3625], [-112.3516, 19.3666], [-112.3558, 19.3708], [-112.36, 19.375], [-112.3642, 19.3793], [-112.3682, 19.3837], [-112.3722, 19.3881], [-112.3761, 19.3927], [-112.3799, 19.3972], [-112.3836, 19.4019], [-112.3872, 19.4065], [-112.3907, 19.4113], [-112.3942, 19.4161], [-112.3976, 19.421], [-112.4008, 19.4259], [-112.404, 19.4309], [-112.4071, 19.4359], [-112.4101, 19.441], [-112.413, 19.4461], [-112.4158, 19.4513], [-112.4185, 19.4565], [-112.4211, 19.4617], [-112.4236, 19.467], [-112.4261, 19.4724], [-112.4284, 19.4778], [-112.4306, 19.4832], [-112.4327, 19.4886], [-112.4347, 19.4941], [-112.4367, 19.4996], [-112.4385, 19.5052], [-112.4402, 19.5108], [-112.4418, 19.5164], [-112.4433, 19.522], [-112.4447, 19.5277], [-112.446, 19.5333], [-112.4472, 19.539], [-112.4482, 19.5447], [-112.4492, 19.5505], [-112.4501, 19.5562], [-112.4509, 19.562], [-112.4515, 19.5678], [-112.4521, 19.5736], [-112.4525, 19.5793], [-112.4528, 19.5851], [-112.4531, 19.5909], [-112.4532, 19.5968], [-112.6298, 19.6036], [-112.6297, 19.6123], [-112.6294, 19.621], [-112.6289, 19.6297], [-112.6283, 19.6384], [-112.6275, 19.6471], [-112.6266, 19.6557], [-112.6255, 19.6644], [-112.6242, 19.673], [-112.6228, 19.6816], [-112.6212, 19.6902], [-112.6195, 19.6988], [-112.6176, 19.7073], [-112.6155, 19.7158], [-112.6133, 19.7242], [-112.611, 19.7327], [-112.6084, 19.741], [-112.6058, 19.7494], [-112.6029, 19.7577], [-112.5999, 19.7659], [-112.5968, 19.7741], [-112.5935, 19.7822], [-112.5901, 19.7903], [-112.5865, 19.7984], [-112.5827, 19.8063], [-112.5788, 19.8142], [-112.5748, 19.8221], [-112.5706, 19.8298], [-112.5663, 19.8376], [-112.5618, 19.8452], [-112.5572, 19.8527], [-112.5525, 19.8602], [-112.5476, 19.8676], [-112.5426, 19.8749], [-112.5374, 19.8822], [-112.5321, 19.8893], [-112.5267, 19.8964], [-112.5211, 19.9033], [-112.5154, 19.9102], [-112.5096, 19.917], [-112.5037, 19.9237], [-112.4976, 19.9303], [-112.4914, 19.9368], [-112.4851, 19.9432], [-112.4787, 19.9494], [-112.4722, 19.9556], [-112.4655, 19.9617], [-112.4588, 19.9676], [-112.4519, 19.9735], [-112.4449, 19.9792], [-112.4378, 19.9848], [-112.4306, 19.9903], [-112.4233, 19.9957], [-112.4159, 20.0009], [-112.4084, 20.0061], [-112.4009, 20.0111], [-112.3932, 20.016], [-112.3854, 20.0207], [-112.3776, 20.0253], [-112.3696, 20.0298], [-112.3616, 20.0342], [-112.3535, 20.0384], [-112.3453, 20.0425], [-112.3371, 20.0465], [-112.3287, 20.0503], [-112.3203, 20.054], [-112.3119, 20.0576], [-112.3033, 20.061], [-112.2947, 20.0643], [-112.2861, 20.0674], [-112.2774, 20.0704], [-112.2686, 20.0732], [-112.2598, 20.0759], [-112.2509, 20.0785], [-112.242, 20.0809], [-112.2331, 20.0832], [-112.2241, 20.0853], [-112.215, 20.0872], [-112.206, 20.0891], [-112.1969, 20.0907], [-112.1877, 20.0922], [-112.1786, 20.0936], [-112.1694, 20.0948], [-112.1602, 20.0959], [-112.1509, 20.0968], [-112.1417, 20.0976], [-112.1325, 20.0982], [-112.1232, 20.0986], [-112.1139, 20.0989], [-112.1046, 20.0991], [-112.0946, 20.1823]]]}, "properties": {"layer": "storm_track", "kind": "wind_radii_forecast", "storm_id": "ep182026", "storm_name": "Rachel", "wind_kt": 64, "label": "+36h", "valid_text": "5:00 PM MST October 03, 2026"}}, {"type": "Feature", "geometry": {"type": "Polygon", "coordinates": [[[-112.8828, 21.63], [-112.8485, 21.6294], [-112.8142, 21.6283], [-112.7798, 21.6266], [-112.7456, 21.6244], [-112.7114, 21.6215], [-112.6772, 21.6182], [-112.6431, 21.6142], [-112.6091, 21.6097], [-112.5752, 21.6047], [-112.5414, 21.5991], [-112.5077, 21.5929], [-112.4741, 21.5862], [-112.4407, 21.5789], [-112.4074, 21.5711], [-112.3742, 21.5627], [-112.3413, 21.5538], [-112.3085, 21.5444], [-112.2758, 21.5344], [-112.2434, 21.5239], [-112.2112, 21.5128], [-112.1792, 21.5013], [-112.1475, 21.4892], [-112.1159, 21.4765], [-112.0847, 21.4634], [-112.0536, 21.4498], [-112.0229, 21.4356], [-111.9924, 21.421], [-111.9622, 21.4058], [-111.9323, 21.3902], [-111.9027, 21.374], [-111.8734, 21.3574], [-111.8445, 21.3403], [-111.8158, 21.3227], [-111.7875, 21.3047], [-111.7596, 21.2862], [-111.732, 21.2673], [-111.7048, 21.2479], [-111.678, 21.228], [-111.6515, 21.2077], [-111.6254, 21.187], [-111.5998, 21.1659], [-111.5745, 21.1443], [-111.5497, 21.1223], [-111.5252, 21.1], [-111.5012, 21.0772], [-111.4777, 21.054], [-111.4546, 21.0305], [-111.4319, 21.0066], [-111.4097, 20.9823], [-111.3879, 20.9576], [-111.3667, 20.9326], [-111.3459, 20.9073], [-111.3256, 20.8816], [-111.3057, 20.8556], [-111.2864, 20.8292], [-111.2676, 20.8026], [-111.2493, 20.7756], [-111.2315, 20.7484], [-111.2142, 20.7209], [-111.1974, 20.693], [-111.1812, 20.6649], [-111.1655, 20.6366], [-111.1503, 20.608], [-111.1357, 20.5791], [-111.1216, 20.5501], [-111.108, 20.5207], [-111.0951, 20.4912], [-111.0826, 20.4615], [-111.0708, 20.4315], [-111.0595, 20.4014], [-111.0487, 20.3711], [-111.0386, 20.3406], [-111.029, 20.31], [-111.02, 20.2792], [-111.0115, 20.2483], [-111.0037, 20.2172], [-110.9964, 20.186], [-110.9897, 20.1547], [-110.9836, 20.1233], [-110.9781, 20.0917], [-110.9731, 20.0602], [-110.9688, 20.0285], [-110.965, 19.9967], [-110.9619, 19.9649], [-110.9593, 19.9331], [-110.9573, 19.9012], [-110.9559, 19.8693], [-110.9551, 19.8374], [-110.9549, 19.8054], [-111.1321, 19.7768], [-111.1329, 19.7478], [-111.1343, 19.7188], [-111.1363, 19.6898], [-111.1387, 19.6609], [-111.1417, 19.632], [-111.1453, 19.6031], [-111.1494, 19.5743], [-111.154, 19.5456], [-111.1591, 19.517], [-111.1647, 19.4885], [-111.1709, 19.46], [-111.1776, 19.4317], [-111.1849, 19.4035], [-111.1926, 19.3754], [-111.2009, 19.3474], [-111.2096, 19.3196], [-111.2189, 19.2919], [-111.2287, 19.2644], [-111.239, 19.237], [-111.2498, 19.2098], [-111.2611, 19.1828], [-111.2729, 19.156], [-111.2851, 19.1294], [-111.2979, 19.103], [-111.3111, 19.0768], [-111.3249, 19.0508], [-111.3391, 19.0251], [-111.3537, 18.9996], [-111.3688, 18.9743], [-111.3844, 18.9493], [-111.4005, 18.9245], [-111.4169, 18.9], [-111.4339, 18.8758], [-111.4512, 18.8519], [-111.469, 18.8283], [-111.4873, 18.8049], [-111.5059, 18.7819], [-111.525, 18.7591], [-111.5445, 18.7367], [-111.5644, 18.7146], [-111.5847, 18.6929], [-111.6053, 18.6714], [-111.6264, 18.6503], [-111.6478, 18.6296], [-111.6697, 18.6092], [-111.6918, 18.5892], [-111.7144, 18.5695], [-111.7373, 18.5503], [-111.7605, 18.5314], [-111.7841, 18.5128], [-111.808, 18.4947], [-111.8323, 18.477], [-111.8568, 18.4596], [-111.8817, 18.4427], [-111.9069, 18.4262], [-111.9323, 18.4101], [-111.9581, 18.3944], [-111.9841, 18.3792], [-112.0104, 18.3643], [-112.037, 18.35], [-112.0638, 18.336], [-112.0909, 18.3225], [-112.1182, 18.3094], [-112.1457, 18.2968], [-112.1735, 18.2847], [-112.2015, 18.273], [-112.2297, 18.2617], [-112.258, 18.2509], [-112.2866, 18.2406], [-112.3154, 18.2308], [-112.3443, 18.2214], [-112.3734, 18.2126], [-112.4027, 18.2041], [-112.4321, 18.1962], [-112.4616, 18.1888], [-112.4913, 18.1818], [-112.5211, 18.1754], [-112.551, 18.1694], [-112.581, 18.1639], [-112.6111, 18.1589], [-112.6413, 18.1544], [-112.6715, 18.1504], [-112.7018, 18.1469], [-112.7322, 18.1439], [-112.7627, 18.1414], [-112.7931, 18.1394], [-112.8237, 18.1379], [-112.8542, 18.1369], [-112.8847, 18.1364], [-112.9153, 18.1364], [-112.9458, 18.1369], [-112.9764, 18.1379], [-113.0069, 18.1394], [-113.0373, 18.1414], [-113.0678, 18.1439], [-113.0982, 18.1469], [-113.1285, 18.1504], [-113.1588, 18.1544], [-113.189, 18.1589], [-113.219, 18.1639], [-113.2491, 18.1694], [-113.279, 18.1754], [-113.3087, 18.1818], [-113.3384, 18.1888], [-113.3679, 18.1962], [-113.3974, 18.2041], [-113.4266, 18.2126], [-113.4557, 18.2214], [-113.4846, 18.2308], [-113.5134, 18.2406], [-113.542, 18.2509], [-113.5704, 18.2617], [-113.5985, 18.273], [-113.6265, 18.2847], [-113.6543, 18.2968], [-113.6818, 18.3094], [-113.7092, 18.3225], [-113.7362, 18.336], [-113.763, 18.35], [-113.7896, 18.3643], [-113.8159, 18.3792], [-113.8419, 18.3944], [-113.8677, 18.4101], [-113.8932, 18.4262], [-113.9183, 18.4427], [-113.9432, 18.4596], [-113.9678, 18.477], [-113.992, 18.4947], [-114.0159, 18.5128], [-114.0395, 18.5314], [-114.0627, 18.5503], [-114.0856, 18.5695], [-114.1082, 18.5892], [-114.1304, 18.6092], [-114.1522, 18.6296], [-114.1736, 18.6503], [-114.1947, 18.6714], [-114.2154, 18.6928], [-114.2356, 18.7146], [-114.2555, 18.7367], [-114.275, 18.7591], [-114.2941, 18.7819], [-114.3127, 18.8049], [-114.331, 18.8282], [-114.3488, 18.8519], [-114.3661, 18.8758], [-114.3831, 18.9], [-114.3996, 18.9245], [-114.4156, 18.9493], [-114.4312, 18.9743], [-114.4463, 18.9996], [-114.461, 19.0251], [-114.4752, 19.0508], [-114.4889, 19.0768], [-114.5021, 19.103], [-114.5149, 19.1294], [-114.5271, 19.156], [-114.5389, 19.1828], [-114.5502, 19.2098], [-114.561, 19.237], [-114.5713, 19.2644], [-114.5811, 19.2919], [-114.5904, 19.3196], [-114.5992, 19.3474], [-114.6074, 19.3754], [-114.6152, 19.4035], [-114.6224, 19.4317], [-114.6291, 19.46], [-114.6353, 19.4885], [-114.6409, 19.517], [-114.6461, 19.5456], [-114.6507, 19.5743], [-114.6547, 19.6031], [-114.6583, 19.632], [-114.6613, 19.6608], [-114.6637, 19.6898], [-114.6657, 19.7188], [-114.6671, 19.7478], [-114.6679, 19.7768], [-114.8451, 19.8054], [-114.8449, 19.8374], [-114.8441, 19.8693], [-114.8427, 19.9012], [-114.8407, 19.9331], [-114.8382, 19.9649], [-114.835, 19.9967], [-114.8312, 20.0285], [-114.8269, 20.0601], [-114.822, 20.0917], [-114.8164, 20.1232], [-114.8103, 20.1547], [-114.8037, 20.186], [-114.7964, 20.2172], [-114.7885, 20.2482], [-114.7801, 20.2792], [-114.7711, 20.31], [-114.7615, 20.3406], [-114.7513, 20.3711], [-114.7406, 20.4014], [-114.7293, 20.4315], [-114.7174, 20.4615], [-114.705, 20.4912], [-114.692, 20.5207], [-114.6785, 20.55], [-114.6644, 20.5791], [-114.6497, 20.608], [-114.6346, 20.6366], [-114.6189, 20.6649], [-114.6026, 20.693], [-114.5859, 20.7208], [-114.5686, 20.7484], [-114.5508, 20.7756], [-114.5324, 20.8026], [-114.5136, 20.8292], [-114.4943, 20.8556], [-114.4745, 20.8816], [-114.4542, 20.9073], [-114.4334, 20.9326], [-114.4121, 20.9576], [-114.3903, 20.9823], [-114.3681, 21.0066], [-114.3455, 21.0305], [-114.3224, 21.054], [-114.2988, 21.0772], [-114.2748, 21.1], [-114.2504, 21.1223], [-114.2255, 21.1443], [-114.2003, 21.1659], [-114.1746, 21.187], [-114.1485, 21.2077], [-114.1221, 21.228], [-114.0952, 21.2479], [-114.068, 21.2673], [-114.0404, 21.2862], [-114.0125, 21.3047], [-113.9842, 21.3227], [-113.9556, 21.3403], [-113.9266, 21.3574], [-113.8973, 21.374], [-113.8677, 21.3902], [-113.8378, 21.4058], [-113.8076, 21.421], [-113.7772, 21.4356], [-113.7464, 21.4498], [-113.7154, 21.4634], [-113.6841, 21.4765], [-113.6526, 21.4892], [-113.6208, 21.5012], [-113.5888, 21.5128], [-113.5566, 21.5239], [-113.5242, 21.5344], [-113.4916, 21.5444], [-113.4588, 21.5538], [-113.4258, 21.5627], [-113.3927, 21.5711], [-113.3594, 21.5789], [-113.3259, 21.5862], [-113.2924, 21.5929], [-113.2587, 21.5991], [-113.2248, 21.6047], [-113.1909, 21.6097], [-113.1569, 21.6142], [-113.1228, 21.6182], [-113.0887, 21.6215], [-113.0545, 21.6243], [-113.0202, 21.6266], [-112.9859, 21.6283], [-112.9515, 21.6294], [-112.9172, 21.63], [-112.8828, 21.63]]]}, "properties": {"layer": "storm_track", "kind": "wind_radii_forecast", "storm_id": "ep182026", "storm_name": "Rachel", "wind_kt": 34, "label": "+48h", "valid_text": "5:00 AM MST October 04, 2026"}}, {"type": "Feature", "geometry": {"type": "Polygon", "coordinates": [[[-112.8907, 20.7982], [-112.8721, 20.7979], [-112.8534, 20.7973], [-112.8348, 20.7963], [-112.8162, 20.7951], [-112.7977, 20.7936], [-112.7791, 20.7918], [-112.7607, 20.7896], [-112.7422, 20.7872], [-112.7238, 20.7844], [-112.7055, 20.7814], [-112.6872, 20.778], [-112.6689, 20.7744], [-112.6508, 20.7705], [-112.6327, 20.7662], [-112.6147, 20.7617], [-112.5968, 20.7569], [-112.579, 20.7517], [-112.5613, 20.7463], [-112.5437, 20.7406], [-112.5262, 20.7346], [-112.5089, 20.7283], [-112.4916, 20.7218], [-112.4745, 20.7149], [-112.4575, 20.7078], [-112.4406, 20.7004], [-112.4239, 20.6927], [-112.4073, 20.6847], [-112.3909, 20.6765], [-112.3747, 20.668], [-112.3586, 20.6593], [-112.3427, 20.6502], [-112.3269, 20.641], [-112.3113, 20.6314], [-112.2959, 20.6216], [-112.2807, 20.6116], [-112.2657, 20.6013], [-112.2509, 20.5908], [-112.2363, 20.58], [-112.2219, 20.569], [-112.2076, 20.5577], [-112.1937, 20.5462], [-112.1799, 20.5345], [-112.1663, 20.5226], [-112.153, 20.5104], [-112.1399, 20.498], [-112.1271, 20.4855], [-112.1144, 20.4727], [-112.1021, 20.4597], [-112.0899, 20.4465], [-112.0781, 20.4331], [-112.0664, 20.4195], [-112.0551, 20.4057], [-112.044, 20.3917], [-112.0331, 20.3776], [-112.0225, 20.3632], [-112.0122, 20.3487], [-112.0022, 20.3341], [-111.9924, 20.3193], [-111.9829, 20.3043], [-111.9737, 20.2891], [-111.9648, 20.2739], [-111.9562, 20.2584], [-111.9479, 20.2429], [-111.9398, 20.2272], [-111.9321, 20.2113], [-111.9246, 20.1954], [-111.9175, 20.1793], [-111.9106, 20.1631], [-111.9041, 20.1468], [-111.8978, 20.1304], [-111.8919, 20.1139], [-111.8863, 20.0973], [-111.881, 20.0806], [-111.8759, 20.0638], [-111.8713, 20.047], [-111.8669, 20.0301], [-111.8628, 20.0131], [-111.8591, 19.996], [-111.8557, 19.9789], [-111.8526, 19.9617], [-111.8498, 19.9445], [-111.8473, 19.9272], [-111.8452, 19.9099], [-111.8433, 19.8926], [-111.8418, 19.8752], [-111.8407, 19.8578], [-111.8398, 19.8404], [-111.8393, 19.823], [-111.8391, 19.8056], [-112.016, 19.7906], [-112.0163, 19.7761], [-112.0169, 19.7615], [-112.0178, 19.7471], [-112.019, 19.7326], [-112.0204, 19.7181], [-112.0221, 19.7037], [-112.0241, 19.6893], [-112.0263, 19.6749], [-112.0288, 19.6606], [-112.0315, 19.6463], [-112.0346, 19.6321], [-112.0378, 19.6179], [-112.0414, 19.6038], [-112.0452, 19.5897], [-112.0492, 19.5757], [-112.0536, 19.5618], [-112.0581, 19.5479], [-112.063, 19.5341], [-112.0681, 19.5204], [-112.0734, 19.5068], [-112.079, 19.4933], [-112.0848, 19.4798], [-112.0909, 19.4665], [-112.0972, 19.4533], [-112.1038, 19.4401], [-112.1106, 19.4271], [-112.1177, 19.4142], [-112.125, 19.4014], [-112.1325, 19.3888], [-112.1402, 19.3762], [-112.1482, 19.3638], [-112.1564, 19.3515], [-112.1649, 19.3394], [-112.1735, 19.3274], [-112.1824, 19.3155], [-112.1915, 19.3038], [-112.2008, 19.2923], [-112.2103, 19.2809], [-112.2201, 19.2696], [-112.23, 19.2585], [-112.2401, 19.2476], [-112.2505, 19.2368], [-112.261, 19.2263], [-112.2717, 19.2159], [-112.2826, 19.2056], [-112.2937, 19.1956], [-112.305, 19.1857], [-112.3164, 19.176], [-112.3281, 19.1666], [-112.3399, 19.1573], [-112.3519, 19.1482], [-112.364, 19.1393], [-112.3763, 19.1306], [-112.3888, 19.1221], [-112.4014, 19.1138], [-112.4141, 19.1057], [-112.427, 19.0978], [-112.4401, 19.0902], [-112.4533, 19.0827], [-112.4666, 19.0755], [-112.4801, 19.0685], [-112.4936, 19.0617], [-112.5073, 19.0551], [-112.5212, 19.0488], [-112.5351, 19.0427], [-112.5491, 19.0368], [-112.5633, 19.0312], [-112.5775, 19.0258], [-112.5919, 19.0206], [-112.6063, 19.0156], [-112.6208, 19.0109], [-112.6355, 19.0065], [-112.6501, 19.0022], [-112.6649, 18.9983], [-112.6797, 18.9945], [-112.6946, 18.991], [-112.7096, 18.9878], [-112.7246, 18.9848], [-112.7397, 18.982], [-112.7548, 18.9795], [-112.77, 18.9772], [-112.7852, 18.9752], [-112.8004, 18.9735], [-112.8157, 18.972], [-112.831, 18.9707], [-112.8463, 18.9697], [-112.8616, 18.9689], [-112.877, 18.9684], [-112.8923, 18.9682], [-112.9062, 19.1345], [-112.9184, 19.1348], [-112.9307, 19.1352], [-112.943, 19.1358], [-112.9553, 19.1366], [-112.9675, 19.1376], [-112.9797, 19.1388], [-112.992, 19.1402], [-113.0041, 19.1418], [-113.0163, 19.1436], [-113.0284, 19.1456], [-113.0405, 19.1478], [-113.0525, 19.1502], [-113.0645, 19.1528], [-113.0764, 19.1556], [-113.0883, 19.1586], [-113.1001, 19.1618], [-113.1119, 19.1652], [-113.1236, 19.1688], [-113.1352, 19.1725], [-113.1468, 19.1765], [-113.1582, 19.1806], [-113.1696, 19.185], [-113.181, 19.1895], [-113.1922, 19.1942], [-113.2034, 19.1991], [-113.2144, 19.2042], [-113.2254, 19.2094], [-113.2363, 19.2149], [-113.247, 19.2205], [-113.2577, 19.2262], [-113.2683, 19.2322], [-113.2787, 19.2383], [-113.289, 19.2446], [-113.2993, 19.2511], [-113.3093, 19.2578], [-113.3193, 19.2646], [-113.3292, 19.2715], [-113.3389, 19.2787], [-113.3485, 19.2859], [-113.3579, 19.2934], [-113.3672, 19.301], [-113.3764, 19.3087], [-113.3854, 19.3166], [-113.3943, 19.3247], [-113.403, 19.3329], [-113.4116, 19.3412], [-113.42, 19.3497], [-113.4283, 19.3583], [-113.4364, 19.367], [-113.4443, 19.3759], [-113.4521, 19.3849], [-113.4597, 19.394], [-113.4672, 19.4033], [-113.4744, 19.4126], [-113.4815, 19.4221], [-113.4885, 19.4317], [-113.4952, 19.4415], [-113.5018, 19.4513], [-113.5081, 19.4612], [-113.5143, 19.4713], [-113.5204, 19.4814], [-113.5262, 19.4916], [-113.5318, 19.502], [-113.5373, 19.5124], [-113.5425, 19.5229], [-113.5476, 19.5335], [-113.5524, 19.5441], [-113.5571, 19.5549], [-113.5615, 19.5657], [-113.5658, 19.5766], [-113.5699, 19.5876], [-113.5737, 19.5986], [-113.5774, 19.6097], [-113.5808, 19.6209], [-113.5841, 19.6321], [-113.5871, 19.6433], [-113.5899, 19.6546], [-113.5925, 19.666], [-113.5949, 19.6774], [-113.5971, 19.6888], [-113.5991, 19.7003], [-113.6009, 19.7118], [-113.6024, 19.7233], [-113.6038, 19.7348], [-113.6049, 19.7464], [-113.6058, 19.758], [-113.6065, 19.7696], [-113.607, 19.7812], [-113.6072, 19.7928], [-113.7841, 19.8051], [-113.7839, 19.8196], [-113.7835, 19.8341], [-113.7828, 19.8486], [-113.7818, 19.8631], [-113.7805, 19.8776], [-113.779, 19.892], [-113.7772, 19.9064], [-113.7751, 19.9208], [-113.7727, 19.9352], [-113.7701, 19.9495], [-113.7673, 19.9637], [-113.7641, 19.978], [-113.7607, 19.9921], [-113.7571, 20.0062], [-113.7532, 20.0203], [-113.749, 20.0342], [-113.7445, 20.0481], [-113.7398, 20.062], [-113.7349, 20.0757], [-113.7297, 20.0894], [-113.7242, 20.103], [-113.7185, 20.1165], [-113.7125, 20.1299], [-113.7063, 20.1431], [-113.6998, 20.1563], [-113.6931, 20.1694], [-113.6861, 20.1824], [-113.6789, 20.1952], [-113.6715, 20.208], [-113.6638, 20.2206], [-113.6559, 20.233], [-113.6478, 20.2454], [-113.6394, 20.2576], [-113.6308, 20.2697], [-113.622, 20.2816], [-113.6129, 20.2934], [-113.6037, 20.305], [-113.5942, 20.3165], [-113.5845, 20.3278], [-113.5746, 20.339], [-113.5645, 20.35], [-113.5542, 20.3608], [-113.5437, 20.3714], [-113.5329, 20.3819], [-113.522, 20.3922], [-113.5109, 20.4024], [-113.4996, 20.4123], [-113.4882, 20.422], [-113.4765, 20.4316], [-113.4647, 20.441], [-113.4527, 20.4502], [-113.4405, 20.4591], [-113.4281, 20.4679], [-113.4156, 20.4765], [-113.403, 20.4848], [-113.3901, 20.493], [-113.3772, 20.5009], [-113.3641, 20.5087], [-113.3508, 20.5162], [-113.3374, 20.5235], [-113.3238, 20.5305], [-113.3102, 20.5374], [-113.2964, 20.544], [-113.2825, 20.5504], [-113.2684, 20.5566], [-113.2543, 20.5625], [-113.24, 20.5682], [-113.2256, 20.5737], [-113.2112, 20.5789], [-113.1966, 20.5839], [-113.182, 20.5886], [-113.1672, 20.5931], [-113.1524, 20.5974], [-113.1375, 20.6014], [-113.1225, 20.6052], [-113.1075, 20.6087], [-113.0924, 20.612], [-113.0772, 20.6151], [-113.062, 20.6178], [-113.0467, 20.6204], [-113.0314, 20.6227], [-113.016, 20.6247], [-113.0006, 20.6265], [-112.9852, 20.628], [-112.9697, 20.6293], [-112.9543, 20.6303], [-112.9388, 20.6311], [-112.9233, 20.6316], [-112.9078, 20.6318], [-112.8907, 20.7982]]]}, "properties": {"layer": "storm_track", "kind": "wind_radii_forecast", "storm_id": "ep182026", "storm_name": "Rachel", "wind_kt": 50, "label": "+48h", "valid_text": "5:00 AM MST October 04, 2026"}}, {"type": "Feature", "geometry": {"type": "Polygon", "coordinates": [[[-112.8946, 20.3823], [-112.8838, 20.3821], [-112.8729, 20.3817], [-112.8621, 20.3812], [-112.8513, 20.3805], [-112.8405, 20.3796], [-112.8297, 20.3785], [-112.8189, 20.3773], [-112.8082, 20.3759], [-112.7975, 20.3743], [-112.7868, 20.3725], [-112.7762, 20.3706], [-112.7656, 20.3684], [-112.755, 20.3661], [-112.7445, 20.3637], [-112.734, 20.361], [-112.7236, 20.3582], [-112.7132, 20.3552], [-112.703, 20.3521], [-112.6927, 20.3488], [-112.6825, 20.3453], [-112.6724, 20.3416], [-112.6624, 20.3378], [-112.6524, 20.3338], [-112.6425, 20.3297], [-112.6327, 20.3254], [-112.6229, 20.3209], [-112.6133, 20.3163], [-112.6037, 20.3115], [-112.5943, 20.3065], [-112.5849, 20.3014], [-112.5756, 20.2962], [-112.5665, 20.2908], [-112.5574, 20.2852], [-112.5484, 20.2795], [-112.5396, 20.2737], [-112.5308, 20.2677], [-112.5222, 20.2616], [-112.5136, 20.2553], [-112.5052, 20.2489], [-112.497, 20.2423], [-112.4888, 20.2356], [-112.4808, 20.2288], [-112.4729, 20.2219], [-112.4651, 20.2148], [-112.4575, 20.2076], [-112.45, 20.2003], [-112.4426, 20.1928], [-112.4354, 20.1852], [-112.4283, 20.1775], [-112.4213, 20.1697], [-112.4146, 20.1618], [-112.4079, 20.1538], [-112.4014, 20.1457], [-112.3951, 20.1374], [-112.3889, 20.1291], [-112.3829, 20.1206], [-112.377, 20.1121], [-112.3713, 20.1035], [-112.3658, 20.0947], [-112.3604, 20.0859], [-112.3552, 20.077], [-112.3501, 20.068], [-112.3452, 20.059], [-112.3405, 20.0498], [-112.336, 20.0406], [-112.3316, 20.0313], [-112.3274, 20.0219], [-112.3234, 20.0125], [-112.3196, 20.003], [-112.3159, 19.9934], [-112.3124, 19.9838], [-112.3091, 19.9741], [-112.306, 19.9644], [-112.3031, 19.9546], [-112.3003, 19.9448], [-112.2977, 19.9349], [-112.2953, 19.925], [-112.2931, 19.9151], [-112.2911, 19.9051], [-112.2893, 19.8951], [-112.2876, 19.885], [-112.2861, 19.875], [-112.2849, 19.8649], [-112.2838, 19.8548], [-112.2829, 19.8446], [-112.2822, 19.8345], [-112.2816, 19.8243], [-112.2813, 19.8142], [-112.2811, 19.804], [-112.458, 19.7958], [-112.4581, 19.7886], [-112.4584, 19.7813], [-112.4588, 19.7741], [-112.4594, 19.7668], [-112.4601, 19.7596], [-112.4609, 19.7524], [-112.4619, 19.7452], [-112.463, 19.738], [-112.4642, 19.7308], [-112.4656, 19.7237], [-112.467, 19.7166], [-112.4687, 19.7095], [-112.4704, 19.7024], [-112.4723, 19.6954], [-112.4743, 19.6883], [-112.4765, 19.6814], [-112.4787, 19.6744], [-112.4811, 19.6675], [-112.4837, 19.6607], [-112.4863, 19.6539], [-112.4891, 19.6471], [-112.492, 19.6404], [-112.495, 19.6337], [-112.4982, 19.6271], [-112.5015, 19.6205], [-112.5049, 19.614], [-112.5084, 19.6075], [-112.512, 19.6011], [-112.5158, 19.5948], [-112.5196, 19.5885], [-112.5236, 19.5823], [-112.5277, 19.5761], [-112.5319, 19.5701], [-112.5362, 19.5641], [-112.5407, 19.5581], [-112.5452, 19.5523], [-112.5499, 19.5465], [-112.5546, 19.5408], [-112.5595, 19.5351], [-112.5644, 19.5296], [-112.5695, 19.5241], [-112.5747, 19.5187], [-112.5799, 19.5134], [-112.5853, 19.5082], [-112.5907, 19.5031], [-112.5963, 19.498], [-112.6019, 19.4931], [-112.6077, 19.4883], [-112.6135, 19.4835], [-112.6194, 19.4788], [-112.6254, 19.4743], [-112.6315, 19.4698], [-112.6376, 19.4655], [-112.6439, 19.4612], [-112.6502, 19.4571], [-112.6565, 19.453], [-112.663, 19.4491], [-112.6695, 19.4452], [-112.6761, 19.4415], [-112.6828, 19.4379], [-112.6896, 19.4344], [-112.6964, 19.431], [-112.7032, 19.4277], [-112.7101, 19.4245], [-112.7171, 19.4214], [-112.7242, 19.4185], [-112.7312, 19.4157], [-112.7384, 19.4129], [-112.7456, 19.4104], [-112.7528, 19.4079], [-112.7601, 19.4055], [-112.7674, 19.4033], [-112.7748, 19.4012], [-112.7822, 19.3992], [-112.7896, 19.3973], [-112.7971, 19.3955], [-112.8046, 19.3939], [-112.8121, 19.3924], [-112.8197, 19.391], [-112.8272, 19.3898], [-112.8348, 19.3886], [-112.8425, 19.3876], [-112.8501, 19.3867], [-112.8577, 19.386], [-112.8654, 19.3854], [-112.8731, 19.3849], [-112.8808, 19.3845], [-112.8885, 19.3842], [-112.8962, 19.3841], [-112.9031, 19.4673], [-112.9092, 19.4674], [-112.9154, 19.4676], [-112.9216, 19.4679], [-112.9277, 19.4683], [-112.9338, 19.4688], [-112.94, 19.4694], [-112.9461, 19.4701], [-112.9522, 19.4709], [-112.9583, 19.4718], [-112.9643, 19.4728], [-112.9704, 19.4739], [-112.9764, 19.4751], [-112.9824, 19.4764], [-112.9884, 19.4778], [-112.9943, 19.4793], [-113.0003, 19.4809], [-113.0061, 19.4826], [-113.012, 19.4844], [-113.0178, 19.4863], [-113.0236, 19.4883], [-113.0294, 19.4904], [-113.0351, 19.4925], [-113.0408, 19.4948], [-113.0464, 19.4972], [-113.052, 19.4996], [-113.0575, 19.5022], [-113.063, 19.5048], [-113.0685, 19.5075], [-113.0738, 19.5103], [-113.0792, 19.5132], [-113.0845, 19.5162], [-113.0897, 19.5193], [-113.0949, 19.5224], [-113.1, 19.5257], [-113.105, 19.529], [-113.11, 19.5324], [-113.1149, 19.5359], [-113.1198, 19.5395], [-113.1246, 19.5431], [-113.1293, 19.5468], [-113.134, 19.5506], [-113.1386, 19.5545], [-113.1431, 19.5585], [-113.1475, 19.5625], [-113.1519, 19.5666], [-113.1562, 19.5708], [-113.1604, 19.575], [-113.1645, 19.5793], [-113.1686, 19.5837], [-113.1725, 19.5881], [-113.1764, 19.5927], [-113.1802, 19.5972], [-113.1839, 19.6019], [-113.1876, 19.6065], [-113.1911, 19.6113], [-113.1946, 19.6161], [-113.1979, 19.621], [-113.2012, 19.6259], [-113.2044, 19.6309], [-113.2075, 19.6359], [-113.2105, 19.641], [-113.2134, 19.6461], [-113.2162, 19.6513], [-113.2189, 19.6565], [-113.2215, 19.6617], [-113.2241, 19.667], [-113.2265, 19.6724], [-113.2288, 19.6777], [-113.231, 19.6832], [-113.2331, 19.6886], [-113.2352, 19.6941], [-113.2371, 19.6996], [-113.2389, 19.7052], [-113.2406, 19.7108], [-113.2422, 19.7164], [-113.2437, 19.722], [-113.2451, 19.7276], [-113.2464, 19.7333], [-113.2476, 19.739], [-113.2487, 19.7447], [-113.2497, 19.7505], [-113.2505, 19.7562], [-113.2513, 19.762], [-113.252, 19.7678], [-113.2525, 19.7735], [-113.253, 19.7793], [-113.2533, 19.7851], [-113.2535, 19.7909], [-113.2536, 19.7967], [-113.3421, 19.8031], [-113.3419, 19.8103], [-113.3417, 19.8176], [-113.3413, 19.8249], [-113.3408, 19.8321], [-113.3401, 19.8393], [-113.3394, 19.8465], [-113.3384, 19.8538], [-113.3374, 19.8609], [-113.3362, 19.8681], [-113.3349, 19.8753], [-113.3334, 19.8824], [-113.3318, 19.8895], [-113.3301, 19.8966], [-113.3283, 19.9036], [-113.3263, 19.9106], [-113.3242, 19.9176], [-113.3219, 19.9246], [-113.3196, 19.9315], [-113.3171, 19.9384], [-113.3145, 19.9452], [-113.3117, 19.952], [-113.3088, 19.9587], [-113.3058, 19.9654], [-113.3027, 19.972], [-113.2995, 19.9786], [-113.2961, 19.9851], [-113.2926, 19.9916], [-113.289, 19.998], [-113.2853, 20.0044], [-113.2814, 20.0107], [-113.2774, 20.0169], [-113.2734, 20.0231], [-113.2692, 20.0292], [-113.2649, 20.0352], [-113.2604, 20.0412], [-113.2559, 20.047], [-113.2513, 20.0529], [-113.2465, 20.0586], [-113.2417, 20.0642], [-113.2367, 20.0698], [-113.2317, 20.0753], [-113.2265, 20.0807], [-113.2212, 20.086], [-113.2159, 20.0912], [-113.2104, 20.0964], [-113.2049, 20.1014], [-113.1992, 20.1064], [-113.1935, 20.1113], [-113.1877, 20.116], [-113.1818, 20.1207], [-113.1758, 20.1253], [-113.1697, 20.1298], [-113.1635, 20.1341], [-113.1573, 20.1384], [-113.1509, 20.1426], [-113.1445, 20.1467], [-113.1381, 20.1506], [-113.1315, 20.1545], [-113.1249, 20.1582], [-113.1182, 20.1619], [-113.1114, 20.1654], [-113.1046, 20.1688], [-113.0977, 20.1721], [-113.0908, 20.1753], [-113.0838, 20.1784], [-113.0767, 20.1813], [-113.0696, 20.1842], [-113.0624, 20.1869], [-113.0552, 20.1895], [-113.0479, 20.192], [-113.0406, 20.1944], [-113.0333, 20.1966], [-113.0259, 20.1988], [-113.0184, 20.2008], [-113.011, 20.2026], [-113.0035, 20.2044], [-112.9959, 20.206], [-112.9884, 20.2076], [-112.9808, 20.2089], [-112.9732, 20.2102], [-112.9655, 20.2113], [-112.9579, 20.2124], [-112.9502, 20.2132], [-112.9425, 20.214], [-112.9348, 20.2146], [-112.9271, 20.2151], [-112.9193, 20.2155], [-112.9116, 20.2158], [-112.9039, 20.2159], [-112.8946, 20.3823]]]}, "properties": {"layer": "storm_track", "kind": "wind_radii_forecast", "storm_id": "ep182026", "storm_name": "Rachel", "wind_kt": 64, "label": "+48h", "valid_text": "5:00 AM MST October 04, 2026"}}, {"type": "Feature", "geometry": {"type": "Polygon", "coordinates": [[[-113.8828, 21.83], [-113.8484, 21.8294], [-113.814, 21.8283], [-113.7797, 21.8266], [-113.7454, 21.8244], [-113.7111, 21.8215], [-113.6769, 21.8182], [-113.6428, 21.8142], [-113.6087, 21.8097], [-113.5747, 21.8047], [-113.5409, 21.7991], [-113.5071, 21.7929], [-113.4735, 21.7862], [-113.44, 21.7789], [-113.4067, 21.7711], [-113.3735, 21.7627], [-113.3405, 21.7538], [-113.3076, 21.7444], [-113.275, 21.7344], [-113.2425, 21.7239], [-113.2103, 21.7128], [-113.1782, 21.7012], [-113.1464, 21.6891], [-113.1148, 21.6765], [-113.0835, 21.6634], [-113.0525, 21.6497], [-113.0217, 21.6356], [-112.9911, 21.6209], [-112.9609, 21.6058], [-112.931, 21.5901], [-112.9013, 21.574], [-112.872, 21.5574], [-112.843, 21.5403], [-112.8143, 21.5227], [-112.786, 21.5047], [-112.758, 21.4862], [-112.7304, 21.4672], [-112.7032, 21.4478], [-112.6763, 21.428], [-112.6498, 21.4077], [-112.6237, 21.387], [-112.598, 21.3658], [-112.5727, 21.3443], [-112.5478, 21.3223], [-112.5234, 21.2999], [-112.4993, 21.2771], [-112.4757, 21.254], [-112.4526, 21.2304], [-112.4299, 21.2065], [-112.4077, 21.1822], [-112.3859, 21.1576], [-112.3646, 21.1326], [-112.3438, 21.1072], [-112.3234, 21.0815], [-112.3036, 21.0555], [-112.2842, 21.0292], [-112.2654, 21.0025], [-112.2471, 20.9756], [-112.2292, 20.9483], [-112.2119, 20.9208], [-112.1951, 20.8929], [-112.1789, 20.8649], [-112.1632, 20.8365], [-112.148, 20.8079], [-112.1333, 20.779], [-112.1192, 20.75], [-112.1057, 20.7206], [-112.0927, 20.6911], [-112.0802, 20.6614], [-112.0684, 20.6314], [-112.0571, 20.6013], [-112.0463, 20.571], [-112.0361, 20.5405], [-112.0265, 20.5099], [-112.0175, 20.4791], [-112.0091, 20.4481], [-112.0012, 20.4171], [-111.9939, 20.3859], [-111.9872, 20.3546], [-111.9811, 20.3231], [-111.9756, 20.2916], [-111.9707, 20.26], [-111.9663, 20.2284], [-111.9625, 20.1966], [-111.9594, 20.1648], [-111.9568, 20.133], [-111.9548, 20.1011], [-111.9534, 20.0692], [-111.9527, 20.0373], [-111.9525, 20.0053], [-112.1298, 19.9767], [-112.1307, 19.9477], [-112.1321, 19.9187], [-112.134, 19.8897], [-112.1365, 19.8608], [-112.1395, 19.8319], [-112.1431, 19.803], [-112.1472, 19.7742], [-112.1518, 19.7455], [-112.1569, 19.7169], [-112.1626, 19.6884], [-112.1688, 19.6599], [-112.1755, 19.6316], [-112.1827, 19.6034], [-112.1905, 19.5753], [-112.1988, 19.5473], [-112.2075, 19.5195], [-112.2168, 19.4918], [-112.2266, 19.4643], [-112.237, 19.4369], [-112.2478, 19.4098], [-112.2591, 19.3828], [-112.2709, 19.3559], [-112.2832, 19.3293], [-112.296, 19.3029], [-112.3092, 19.2767], [-112.3229, 19.2507], [-112.3372, 19.225], [-112.3518, 19.1995], [-112.367, 19.1742], [-112.3826, 19.1492], [-112.3987, 19.1245], [-112.4152, 19.1], [-112.4321, 19.0758], [-112.4495, 19.0518], [-112.4673, 19.0282], [-112.4856, 19.0048], [-112.5043, 18.9818], [-112.5234, 18.9591], [-112.5429, 18.9367], [-112.5628, 18.9146], [-112.5831, 18.8928], [-112.6038, 18.8714], [-112.6249, 18.8503], [-112.6464, 18.8296], [-112.6682, 18.8092], [-112.6904, 18.7892], [-112.713, 18.7695], [-112.7359, 18.7502], [-112.7592, 18.7313], [-112.7828, 18.7128], [-112.8067, 18.6947], [-112.831, 18.6769], [-112.8556, 18.6596], [-112.8805, 18.6427], [-112.9057, 18.6262], [-112.9312, 18.6101], [-112.957, 18.5944], [-112.983, 18.5791], [-113.0094, 18.5643], [-113.036, 18.5499], [-113.0628, 18.536], [-113.0899, 18.5225], [-113.1173, 18.5094], [-113.1448, 18.4968], [-113.1726, 18.4846], [-113.2006, 18.4729], [-113.2289, 18.4617], [-113.2573, 18.4509], [-113.2859, 18.4406], [-113.3147, 18.4308], [-113.3437, 18.4214], [-113.3728, 18.4125], [-113.4021, 18.4041], [-113.4315, 18.3962], [-113.4611, 18.3888], [-113.4908, 18.3818], [-113.5206, 18.3753], [-113.5506, 18.3694], [-113.5806, 18.3639], [-113.6107, 18.3589], [-113.641, 18.3544], [-113.6712, 18.3504], [-113.7016, 18.3469], [-113.732, 18.3439], [-113.7625, 18.3414], [-113.793, 18.3394], [-113.8236, 18.3379], [-113.8541, 18.3369], [-113.8847, 18.3364], [-113.9153, 18.3364], [-113.9459, 18.3369], [-113.9764, 18.3379], [-114.007, 18.3394], [-114.0375, 18.3414], [-114.068, 18.3439], [-114.0984, 18.3469], [-114.1288, 18.3504], [-114.1591, 18.3544], [-114.1893, 18.3589], [-114.2194, 18.3639], [-114.2495, 18.3694], [-114.2794, 18.3753], [-114.3092, 18.3818], [-114.3389, 18.3888], [-114.3685, 18.3962], [-114.3979, 18.4041], [-114.4272, 18.4125], [-114.4563, 18.4214], [-114.4853, 18.4308], [-114.5141, 18.4406], [-114.5427, 18.4509], [-114.5711, 18.4617], [-114.5994, 18.4729], [-114.6274, 18.4846], [-114.6552, 18.4968], [-114.6827, 18.5094], [-114.7101, 18.5225], [-114.7372, 18.536], [-114.764, 18.5499], [-114.7906, 18.5643], [-114.817, 18.5791], [-114.843, 18.5944], [-114.8688, 18.6101], [-114.8943, 18.6262], [-114.9195, 18.6427], [-114.9444, 18.6596], [-114.969, 18.6769], [-114.9933, 18.6947], [-115.0172, 18.7128], [-115.0408, 18.7313], [-115.0641, 18.7502], [-115.087, 18.7695], [-115.1096, 18.7891], [-115.1318, 18.8092], [-115.1537, 18.8295], [-115.1751, 18.8503], [-115.1962, 18.8714], [-115.2169, 18.8928], [-115.2372, 18.9146], [-115.2571, 18.9366], [-115.2766, 18.9591], [-115.2957, 18.9818], [-115.3144, 19.0048], [-115.3327, 19.0282], [-115.3505, 19.0518], [-115.3679, 19.0758], [-115.3848, 19.1], [-115.4014, 19.1245], [-115.4174, 19.1492], [-115.433, 19.1742], [-115.4482, 19.1995], [-115.4628, 19.225], [-115.4771, 19.2507], [-115.4908, 19.2767], [-115.5041, 19.3029], [-115.5168, 19.3293], [-115.5291, 19.3559], [-115.5409, 19.3827], [-115.5522, 19.4097], [-115.563, 19.4369], [-115.5734, 19.4643], [-115.5832, 19.4918], [-115.5925, 19.5195], [-115.6012, 19.5473], [-115.6095, 19.5753], [-115.6173, 19.6034], [-115.6245, 19.6316], [-115.6312, 19.6599], [-115.6374, 19.6884], [-115.6431, 19.7169], [-115.6482, 19.7455], [-115.6528, 19.7742], [-115.6569, 19.803], [-115.6605, 19.8319], [-115.6635, 19.8608], [-115.666, 19.8897], [-115.6679, 19.9187], [-115.6693, 19.9477], [-115.6702, 19.9767], [-115.6705, 20.0057], [-115.6703, 20.0348], [-115.6695, 20.0638], [-115.6682, 20.0928], [-115.6664, 20.1218], [-115.664, 20.1507], [-115.6611, 20.1796], [-115.6577, 20.2085], [-115.6537, 20.2373], [-115.6492, 20.266], [-115.6441, 20.2946], [-115.6385, 20.3232], [-115.6324, 20.3516], [-115.6258, 20.38], [-115.6186, 20.4082], [-115.6109, 20.4364], [-115.6027, 20.4643], [-115.5939, 20.4922], [-115.5846, 20.5199], [-115.5748, 20.5474], [-115.5645, 20.5748], [-115.5537, 20.602], [-115.5424, 20.6291], [-115.5305, 20.6559], [-115.5182, 20.6825], [-115.5053, 20.709], [-115.492, 20.7352], [-115.4782, 20.7612], [-115.4639, 20.7869], [-115.4491, 20.8125], [-115.4338, 20.8377], [-115.418, 20.8628], [-115.4018, 20.8875], [-115.3851, 20.912], [-115.368, 20.9362], [-115.3504, 20.9602], [-115.3323, 20.9838], [-115.3138, 21.0071], [-115.2949, 21.0302], [-115.2755, 21.0529], [-115.2557, 21.0753], [-115.2355, 21.0973], [-115.2149, 21.1191], [-115.1938, 21.1405], [-115.1724, 21.1615], [-115.1505, 21.1822], [-115.1283, 21.2025], [-115.1057, 21.2225], [-115.0827, 21.2421], [-115.0593, 21.2613], [-115.0356, 21.2801], [-115.0115, 21.2985], [-114.9871, 21.3165], [-114.9623, 21.3342], [-114.9372, 21.3514], [-114.9118, 21.3682], [-114.8861, 21.3846], [-114.86, 21.4005], [-114.8337, 21.416], [-114.807, 21.4311], [-114.7801, 21.4458], [-114.7529, 21.46], [-114.7254, 21.4738], [-114.6977, 21.4871], [-114.6697, 21.4999], [-114.6415, 21.5123], [-114.6131, 21.5243], [-114.5844, 21.5357], [-114.5555, 21.5467], [-114.5264, 21.5572], [-114.4971, 21.5672], [-114.4676, 21.5768], [-114.438, 21.5859], [-114.4081, 21.5944], [-114.3781, 21.6025], [-114.348, 21.6101], [-114.3177, 21.6172], [-114.2873, 21.6238], [-114.2568, 21.6299], [-114.2261, 21.6355], [-114.1954, 21.6406], [-114.1645, 21.6452], [-114.1336, 21.6493], [-114.1026, 21.6529], [-114.0716, 21.656], [-114.0404, 21.6585], [-114.0093, 21.6606], [-113.9781, 21.6621], [-113.9469, 21.6631], [-113.9156, 21.6636], [-113.8828, 21.83]]]}, "properties": {"layer": "storm_track", "kind": "wind_radii_forecast", "storm_id": "ep182026", "storm_name": "Rachel", "wind_kt": 34, "label": "+60h", "valid_text": "5:00 PM MST October 04, 2026"}}, {"type": "Feature", "geometry": {"type": "Polygon", "coordinates": [[[-113.8907, 20.9982], [-113.872, 20.9979], [-113.8534, 20.9973], [-113.8347, 20.9963], [-113.8161, 20.9951], [-113.7975, 20.9936], [-113.779, 20.9918], [-113.7605, 20.9896], [-113.742, 20.9872], [-113.7236, 20.9844], [-113.7052, 20.9814], [-113.6869, 20.978], [-113.6686, 20.9744], [-113.6505, 20.9705], [-113.6324, 20.9662], [-113.6144, 20.9617], [-113.5964, 20.9568], [-113.5786, 20.9517], [-113.5609, 20.9463], [-113.5432, 20.9406], [-113.5257, 20.9346], [-113.5083, 20.9283], [-113.4911, 20.9218], [-113.4739, 20.9149], [-113.4569, 20.9078], [-113.44, 20.9004], [-113.4233, 20.8927], [-113.4067, 20.8847], [-113.3903, 20.8765], [-113.374, 20.868], [-113.3579, 20.8593], [-113.3419, 20.8502], [-113.3261, 20.841], [-113.3105, 20.8314], [-113.2951, 20.8216], [-113.2799, 20.8116], [-113.2649, 20.8013], [-113.25, 20.7907], [-113.2354, 20.78], [-113.221, 20.7689], [-113.2067, 20.7577], [-113.1927, 20.7462], [-113.1789, 20.7345], [-113.1654, 20.7226], [-113.152, 20.7104], [-113.1389, 20.698], [-113.1261, 20.6854], [-113.1134, 20.6726], [-113.101, 20.6596], [-113.0889, 20.6464], [-113.077, 20.633], [-113.0653, 20.6194], [-113.054, 20.6057], [-113.0428, 20.5917], [-113.032, 20.5775], [-113.0214, 20.5632], [-113.0111, 20.5487], [-113.001, 20.5341], [-112.9912, 20.5192], [-112.9818, 20.5043], [-112.9725, 20.4891], [-112.9636, 20.4738], [-112.955, 20.4584], [-112.9466, 20.4428], [-112.9386, 20.4271], [-112.9308, 20.4113], [-112.9234, 20.3954], [-112.9162, 20.3793], [-112.9093, 20.3631], [-112.9028, 20.3468], [-112.8965, 20.3304], [-112.8906, 20.3139], [-112.885, 20.2973], [-112.8796, 20.2806], [-112.8746, 20.2638], [-112.8699, 20.247], [-112.8656, 20.23], [-112.8615, 20.213], [-112.8577, 20.196], [-112.8543, 20.1788], [-112.8512, 20.1617], [-112.8484, 20.1444], [-112.846, 20.1272], [-112.8438, 20.1099], [-112.842, 20.0925], [-112.8405, 20.0752], [-112.8393, 20.0578], [-112.8385, 20.0404], [-112.8379, 20.023], [-112.8377, 20.0055], [-113.0149, 19.9905], [-113.0152, 19.976], [-113.0158, 19.9615], [-113.0167, 19.947], [-113.0179, 19.9326], [-113.0193, 19.9181], [-113.021, 19.9037], [-113.023, 19.8893], [-113.0252, 19.8749], [-113.0277, 19.8606], [-113.0304, 19.8463], [-113.0335, 19.8321], [-113.0368, 19.8179], [-113.0403, 19.8037], [-113.0441, 19.7897], [-113.0482, 19.7757], [-113.0525, 19.7617], [-113.0571, 19.7479], [-113.0619, 19.7341], [-113.067, 19.7204], [-113.0724, 19.7068], [-113.078, 19.6932], [-113.0838, 19.6798], [-113.0899, 19.6665], [-113.0962, 19.6532], [-113.1028, 19.6401], [-113.1096, 19.6271], [-113.1167, 19.6142], [-113.124, 19.6014], [-113.1315, 19.5887], [-113.1393, 19.5762], [-113.1473, 19.5638], [-113.1555, 19.5515], [-113.164, 19.5394], [-113.1726, 19.5274], [-113.1815, 19.5155], [-113.1906, 19.5038], [-113.1999, 19.4922], [-113.2095, 19.4808], [-113.2192, 19.4696], [-113.2292, 19.4585], [-113.2393, 19.4476], [-113.2496, 19.4368], [-113.2602, 19.4263], [-113.2709, 19.4159], [-113.2818, 19.4056], [-113.293, 19.3956], [-113.3043, 19.3857], [-113.3157, 19.376], [-113.3274, 19.3665], [-113.3392, 19.3573], [-113.3512, 19.3482], [-113.3633, 19.3393], [-113.3756, 19.3306], [-113.3881, 19.3221], [-113.4007, 19.3138], [-113.4135, 19.3057], [-113.4265, 19.2978], [-113.4395, 19.2901], [-113.4527, 19.2827], [-113.4661, 19.2755], [-113.4795, 19.2685], [-113.4931, 19.2617], [-113.5069, 19.2551], [-113.5207, 19.2488], [-113.5346, 19.2427], [-113.5487, 19.2368], [-113.5629, 19.2312], [-113.5771, 19.2258], [-113.5915, 19.2206], [-113.6059, 19.2156], [-113.6205, 19.2109], [-113.6351, 19.2065], [-113.6498, 19.2022], [-113.6646, 19.1983], [-113.6795, 19.1945], [-113.6944, 19.191], [-113.7094, 19.1878], [-113.7244, 19.1848], [-113.7395, 19.182], [-113.7546, 19.1795], [-113.7698, 19.1772], [-113.7851, 19.1752], [-113.8003, 19.1735], [-113.8156, 19.172], [-113.8309, 19.1707], [-113.8462, 19.1697], [-113.8616, 19.1689], [-113.877, 19.1684], [-113.8923, 19.1682], [-113.9062, 19.3346], [-113.9185, 19.3348], [-113.9308, 19.3352], [-113.9431, 19.3358], [-113.9553, 19.3366], [-113.9676, 19.3376], [-113.9798, 19.3388], [-113.9921, 19.3402], [-114.0042, 19.3418], [-114.0164, 19.3436], [-114.0285, 19.3456], [-114.0406, 19.3478], [-114.0527, 19.3502], [-114.0647, 19.3528], [-114.0766, 19.3556], [-114.0885, 19.3586], [-114.1003, 19.3618], [-114.1121, 19.3652], [-114.1238, 19.3688], [-114.1355, 19.3725], [-114.147, 19.3765], [-114.1585, 19.3806], [-114.17, 19.385], [-114.1813, 19.3895], [-114.1926, 19.3942], [-114.2037, 19.3991], [-114.2148, 19.4042], [-114.2258, 19.4094], [-114.2367, 19.4149], [-114.2475, 19.4205], [-114.2581, 19.4263], [-114.2687, 19.4322], [-114.2792, 19.4383], [-114.2895, 19.4446], [-114.2997, 19.4511], [-114.3099, 19.4578], [-114.3198, 19.4646], [-114.3297, 19.4715], [-114.3394, 19.4787], [-114.349, 19.4859], [-114.3585, 19.4934], [-114.3678, 19.501], [-114.377, 19.5087], [-114.386, 19.5166], [-114.3949, 19.5247], [-114.4036, 19.5329], [-114.4122, 19.5412], [-114.4207, 19.5497], [-114.4289, 19.5583], [-114.437, 19.567], [-114.445, 19.5759], [-114.4528, 19.5849], [-114.4604, 19.594], [-114.4679, 19.6033], [-114.4751, 19.6126], [-114.4823, 19.6221], [-114.4892, 19.6317], [-114.4959, 19.6414], [-114.5025, 19.6513], [-114.5089, 19.6612], [-114.5151, 19.6712], [-114.5211, 19.6814], [-114.5269, 19.6916], [-114.5326, 19.7019], [-114.538, 19.7124], [-114.5433, 19.7229], [-114.5484, 19.7335], [-114.5532, 19.7441], [-114.5579, 19.7549], [-114.5624, 19.7657], [-114.5666, 19.7766], [-114.5707, 19.7876], [-114.5746, 19.7986], [-114.5782, 19.8097], [-114.5817, 19.8209], [-114.5849, 19.8321], [-114.5879, 19.8433], [-114.5908, 19.8546], [-114.5934, 19.866], [-114.5958, 19.8774], [-114.598, 19.8888], [-114.6, 19.9003], [-114.6017, 19.9118], [-114.6033, 19.9233], [-114.6046, 19.9348], [-114.6058, 19.9464], [-114.6067, 19.958], [-114.6074, 19.9696], [-114.6079, 19.9812], [-114.6081, 19.9928], [-114.7852, 20.0051], [-114.785, 20.0196], [-114.7846, 20.0341], [-114.7839, 20.0486], [-114.7829, 20.0631], [-114.7816, 20.0775], [-114.7801, 20.092], [-114.7783, 20.1064], [-114.7762, 20.1208], [-114.7739, 20.1351], [-114.7712, 20.1495], [-114.7684, 20.1637], [-114.7652, 20.1779], [-114.7618, 20.1921], [-114.7582, 20.2062], [-114.7542, 20.2203], [-114.7501, 20.2342], [-114.7456, 20.2481], [-114.7409, 20.262], [-114.7359, 20.2757], [-114.7307, 20.2894], [-114.7252, 20.303], [-114.7195, 20.3164], [-114.7135, 20.3298], [-114.7073, 20.3431], [-114.7008, 20.3563], [-114.6941, 20.3694], [-114.6871, 20.3824], [-114.6799, 20.3952], [-114.6725, 20.4079], [-114.6648, 20.4205], [-114.6569, 20.433], [-114.6487, 20.4454], [-114.6404, 20.4576], [-114.6317, 20.4697], [-114.6229, 20.4816], [-114.6139, 20.4934], [-114.6046, 20.505], [-114.5951, 20.5165], [-114.5854, 20.5278], [-114.5755, 20.539], [-114.5654, 20.5499], [-114.555, 20.5608], [-114.5445, 20.5714], [-114.5338, 20.5819], [-114.5228, 20.5922], [-114.5117, 20.6023], [-114.5004, 20.6123], [-114.4889, 20.622], [-114.4773, 20.6316], [-114.4654, 20.641], [-114.4534, 20.6501], [-114.4412, 20.6591], [-114.4288, 20.6679], [-114.4163, 20.6765], [-114.4036, 20.6848], [-114.3908, 20.693], [-114.3778, 20.7009], [-114.3647, 20.7087], [-114.3514, 20.7162], [-114.338, 20.7235], [-114.3244, 20.7305], [-114.3107, 20.7374], [-114.2969, 20.744], [-114.283, 20.7504], [-114.2689, 20.7566], [-114.2547, 20.7625], [-114.2405, 20.7682], [-114.2261, 20.7737], [-114.2116, 20.7789], [-114.197, 20.7839], [-114.1823, 20.7886], [-114.1676, 20.7931], [-114.1527, 20.7974], [-114.1378, 20.8014], [-114.1228, 20.8052], [-114.1077, 20.8087], [-114.0926, 20.812], [-114.0774, 20.8151], [-114.0622, 20.8178], [-114.0469, 20.8204], [-114.0315, 20.8227], [-114.0162, 20.8247], [-114.0008, 20.8265], [-113.9853, 20.828], [-113.9698, 20.8293], [-113.9543, 20.8303], [-113.9388, 20.8311], [-113.9233, 20.8316], [-113.9078, 20.8318], [-113.8907, 20.9982]]]}, "properties": {"layer": "storm_track", "kind": "wind_radii_forecast", "storm_id": "ep182026", "storm_name": "Rachel", "wind_kt": 50, "label": "+60h", "valid_text": "5:00 PM MST October 04, 2026"}}, {"type": "Feature", "geometry": {"type": "Polygon", "coordinates": [[[-113.8946, 20.5823], [-113.8837, 20.5821], [-113.8729, 20.5817], [-113.862, 20.5812], [-113.8512, 20.5805], [-113.8404, 20.5796], [-113.8296, 20.5785], [-113.8188, 20.5773], [-113.8081, 20.5759], [-113.7974, 20.5743], [-113.7867, 20.5725], [-113.776, 20.5706], [-113.7654, 20.5684], [-113.7548, 20.5661], [-113.7443, 20.5637], [-113.7338, 20.561], [-113.7234, 20.5582], [-113.713, 20.5552], [-113.7027, 20.5521], [-113.6924, 20.5488], [-113.6822, 20.5453], [-113.6721, 20.5416], [-113.662, 20.5378], [-113.6521, 20.5338], [-113.6422, 20.5297], [-113.6323, 20.5254], [-113.6226, 20.5209], [-113.6129, 20.5163], [-113.6034, 20.5115], [-113.5939, 20.5065], [-113.5845, 20.5014], [-113.5752, 20.4962], [-113.566, 20.4908], [-113.5569, 20.4852], [-113.5479, 20.4795], [-113.5391, 20.4737], [-113.5303, 20.4677], [-113.5217, 20.4616], [-113.5131, 20.4553], [-113.5047, 20.4489], [-113.4964, 20.4423], [-113.4883, 20.4356], [-113.4802, 20.4288], [-113.4723, 20.4219], [-113.4645, 20.4148], [-113.4569, 20.4076], [-113.4494, 20.4003], [-113.442, 20.3928], [-113.4348, 20.3852], [-113.4277, 20.3775], [-113.4207, 20.3697], [-113.4139, 20.3618], [-113.4073, 20.3538], [-113.4008, 20.3457], [-113.3944, 20.3374], [-113.3883, 20.3291], [-113.3822, 20.3206], [-113.3763, 20.3121], [-113.3706, 20.3035], [-113.3651, 20.2947], [-113.3597, 20.2859], [-113.3545, 20.277], [-113.3494, 20.268], [-113.3445, 20.259], [-113.3398, 20.2498], [-113.3353, 20.2406], [-113.3309, 20.2313], [-113.3267, 20.2219], [-113.3227, 20.2125], [-113.3188, 20.203], [-113.3152, 20.1934], [-113.3117, 20.1838], [-113.3084, 20.1741], [-113.3052, 20.1644], [-113.3023, 20.1546], [-113.2995, 20.1448], [-113.297, 20.1349], [-113.2945, 20.125], [-113.2923, 20.1151], [-113.2903, 20.1051], [-113.2885, 20.0951], [-113.2868, 20.085], [-113.2853, 20.0749], [-113.2841, 20.0649], [-113.283, 20.0547], [-113.2821, 20.0446], [-113.2814, 20.0345], [-113.2808, 20.0243], [-113.2805, 20.0142], [-113.2803, 20.004], [-113.4574, 19.9958], [-113.4576, 19.9886], [-113.4579, 19.9813], [-113.4583, 19.9741], [-113.4588, 19.9668], [-113.4595, 19.9596], [-113.4604, 19.9524], [-113.4613, 19.9452], [-113.4624, 19.938], [-113.4637, 19.9308], [-113.465, 19.9237], [-113.4665, 19.9166], [-113.4681, 19.9095], [-113.4699, 19.9024], [-113.4718, 19.8954], [-113.4738, 19.8883], [-113.4759, 19.8814], [-113.4782, 19.8744], [-113.4806, 19.8675], [-113.4831, 19.8607], [-113.4858, 19.8539], [-113.4886, 19.8471], [-113.4915, 19.8404], [-113.4945, 19.8337], [-113.4977, 19.8271], [-113.501, 19.8205], [-113.5044, 19.814], [-113.5079, 19.8075], [-113.5115, 19.8011], [-113.5153, 19.7948], [-113.5191, 19.7885], [-113.5231, 19.7823], [-113.5272, 19.7761], [-113.5314, 19.7701], [-113.5358, 19.7641], [-113.5402, 19.7581], [-113.5448, 19.7523], [-113.5494, 19.7465], [-113.5542, 19.7408], [-113.559, 19.7351], [-113.564, 19.7296], [-113.5691, 19.7241], [-113.5743, 19.7187], [-113.5795, 19.7134], [-113.5849, 19.7082], [-113.5904, 19.7031], [-113.5959, 19.698], [-113.6016, 19.6931], [-113.6073, 19.6883], [-113.6131, 19.6835], [-113.619, 19.6788], [-113.625, 19.6743], [-113.6311, 19.6698], [-113.6373, 19.6655], [-113.6435, 19.6612], [-113.6498, 19.6571], [-113.6562, 19.653], [-113.6627, 19.6491], [-113.6693, 19.6452], [-113.6759, 19.6415], [-113.6825, 19.6379], [-113.6893, 19.6344], [-113.6961, 19.631], [-113.703, 19.6277], [-113.7099, 19.6245], [-113.7169, 19.6214], [-113.7239, 19.6185], [-113.731, 19.6157], [-113.7382, 19.6129], [-113.7454, 19.6104], [-113.7526, 19.6079], [-113.7599, 19.6055], [-113.7672, 19.6033], [-113.7746, 19.6012], [-113.782, 19.5992], [-113.7895, 19.5973], [-113.7969, 19.5955], [-113.8045, 19.5939], [-113.812, 19.5924], [-113.8196, 19.591], [-113.8271, 19.5898], [-113.8347, 19.5886], [-113.8424, 19.5876], [-113.85, 19.5867], [-113.8577, 19.586], [-113.8654, 19.5854], [-113.8731, 19.5849], [-113.8808, 19.5845], [-113.8885, 19.5842], [-113.8962, 19.5841], [-113.9031, 19.6673], [-113.9093, 19.6674], [-113.9154, 19.6676], [-113.9216, 19.6679], [-113.9277, 19.6683], [-113.9339, 19.6688], [-113.94, 19.6694], [-113.9461, 19.6701], [-113.9522, 19.6709], [-113.9583, 19.6718], [-113.9644, 19.6728], [-113.9705, 19.6739], [-113.9765, 19.6751], [-113.9825, 19.6764], [-113.9885, 19.6778], [-113.9944, 19.6793], [-114.0004, 19.6809], [-114.0063, 19.6826], [-114.0121, 19.6844], [-114.018, 19.6863], [-114.0238, 19.6883], [-114.0295, 19.6904], [-114.0352, 19.6925], [-114.0409, 19.6948], [-114.0466, 19.6972], [-114.0522, 19.6996], [-114.0577, 19.7022], [-114.0632, 19.7048], [-114.0686, 19.7075], [-114.0741, 19.7103], [-114.0794, 19.7132], [-114.0847, 19.7162], [-114.0899, 19.7193], [-114.0951, 19.7224], [-114.1002, 19.7257], [-114.1053, 19.729], [-114.1103, 19.7324], [-114.1152, 19.7359], [-114.1201, 19.7395], [-114.1249, 19.7431], [-114.1296, 19.7468], [-114.1343, 19.7506], [-114.1389, 19.7545], [-114.1434, 19.7585], [-114.1478, 19.7625], [-114.1522, 19.7666], [-114.1565, 19.7708], [-114.1607, 19.775], [-114.1648, 19.7793], [-114.1689, 19.7837], [-114.1729, 19.7881], [-114.1768, 19.7927], [-114.1806, 19.7972], [-114.1843, 19.8019], [-114.1879, 19.8065], [-114.1915, 19.8113], [-114.1949, 19.8161], [-114.1983, 19.821], [-114.2016, 19.8259], [-114.2048, 19.8309], [-114.2079, 19.8359], [-114.2109, 19.841], [-114.2138, 19.8461], [-114.2166, 19.8513], [-114.2193, 19.8565], [-114.2219, 19.8617], [-114.2245, 19.867], [-114.2269, 19.8724], [-114.2292, 19.8777], [-114.2314, 19.8832], [-114.2336, 19.8886], [-114.2356, 19.8941], [-114.2375, 19.8996], [-114.2393, 19.9052], [-114.241, 19.9108], [-114.2426, 19.9164], [-114.2441, 19.922], [-114.2455, 19.9276], [-114.2468, 19.9333], [-114.248, 19.939], [-114.2491, 19.9447], [-114.2501, 19.9505], [-114.251, 19.9562], [-114.2517, 19.962], [-114.2524, 19.9678], [-114.253, 19.9735], [-114.2534, 19.9793], [-114.2537, 19.9851], [-114.254, 19.9909], [-114.2541, 19.9967], [-114.3426, 20.0031], [-114.3425, 20.0103], [-114.3422, 20.0176], [-114.3419, 20.0248], [-114.3413, 20.0321], [-114.3407, 20.0393], [-114.3399, 20.0465], [-114.339, 20.0538], [-114.3379, 20.0609], [-114.3367, 20.0681], [-114.3354, 20.0753], [-114.334, 20.0824], [-114.3324, 20.0895], [-114.3307, 20.0966], [-114.3288, 20.1036], [-114.3268, 20.1106], [-114.3247, 20.1176], [-114.3225, 20.1246], [-114.3201, 20.1315], [-114.3176, 20.1383], [-114.315, 20.1452], [-114.3122, 20.152], [-114.3093, 20.1587], [-114.3063, 20.1654], [-114.3032, 20.172], [-114.3, 20.1786], [-114.2966, 20.1851], [-114.2931, 20.1916], [-114.2895, 20.198], [-114.2857, 20.2044], [-114.2819, 20.2107], [-114.2779, 20.2169], [-114.2738, 20.2231], [-114.2696, 20.2292], [-114.2653, 20.2352], [-114.2609, 20.2412], [-114.2564, 20.247], [-114.2517, 20.2529], [-114.247, 20.2586], [-114.2421, 20.2642], [-114.2372, 20.2698], [-114.2321, 20.2753], [-114.2269, 20.2807], [-114.2217, 20.286], [-114.2163, 20.2912], [-114.2108, 20.2964], [-114.2053, 20.3014], [-114.1996, 20.3064], [-114.1939, 20.3113], [-114.188, 20.316], [-114.1821, 20.3207], [-114.1761, 20.3253], [-114.17, 20.3298], [-114.1638, 20.3341], [-114.1576, 20.3384], [-114.1513, 20.3426], [-114.1449, 20.3467], [-114.1384, 20.3506], [-114.1318, 20.3545], [-114.1252, 20.3582], [-114.1185, 20.3619], [-114.1117, 20.3654], [-114.1049, 20.3688], [-114.098, 20.3721], [-114.091, 20.3753], [-114.084, 20.3784], [-114.0769, 20.3813], [-114.0698, 20.3842], [-114.0626, 20.3869], [-114.0554, 20.3895], [-114.0481, 20.392], [-114.0408, 20.3944], [-114.0334, 20.3966], [-114.026, 20.3988], [-114.0186, 20.4008], [-114.0111, 20.4026], [-114.0036, 20.4044], [-113.9961, 20.406], [-113.9885, 20.4076], [-113.9809, 20.4089], [-113.9733, 20.4102], [-113.9656, 20.4113], [-113.9579, 20.4124], [-113.9502, 20.4132], [-113.9425, 20.414], [-113.9348, 20.4146], [-113.9271, 20.4151], [-113.9194, 20.4155], [-113.9116, 20.4158], [-113.9039, 20.4159], [-113.8946, 20.5823]]]}, "properties": {"layer": "storm_track", "kind": "wind_radii_forecast", "storm_id": "ep182026", "storm_name": "Rachel", "wind_kt": 64, "label": "+60h", "valid_text": "5:00 PM MST October 04, 2026"}}, {"type": "Feature", "geometry": {"type": "Polygon", "coordinates": [[[-114.9828, 22.03], [-114.9483, 22.0294], [-114.9139, 22.0283], [-114.8795, 22.0266], [-114.8451, 22.0244], [-114.8108, 22.0215], [-114.7766, 22.0182], [-114.7424, 22.0142], [-114.7083, 22.0097], [-114.6743, 22.0047], [-114.6404, 21.999], [-114.6066, 21.9929], [-114.5729, 21.9862], [-114.5394, 21.9789], [-114.506, 21.9711], [-114.4728, 21.9627], [-114.4397, 21.9538], [-114.4068, 21.9444], [-114.3741, 21.9344], [-114.3416, 21.9238], [-114.3093, 21.9128], [-114.2772, 21.9012], [-114.2454, 21.8891], [-114.2138, 21.8765], [-114.1824, 21.8634], [-114.1513, 21.8497], [-114.1204, 21.8356], [-114.0899, 21.8209], [-114.0596, 21.8058], [-114.0296, 21.7901], [-113.9999, 21.774], [-113.9706, 21.7573], [-113.9415, 21.7402], [-113.9128, 21.7227], [-113.8845, 21.7046], [-113.8565, 21.6861], [-113.8288, 21.6672], [-113.8015, 21.6478], [-113.7746, 21.6279], [-113.7481, 21.6076], [-113.7219, 21.5869], [-113.6962, 21.5658], [-113.6709, 21.5442], [-113.646, 21.5222], [-113.6215, 21.4999], [-113.5974, 21.4771], [-113.5738, 21.4539], [-113.5506, 21.4304], [-113.5279, 21.4064], [-113.5056, 21.3822], [-113.4838, 21.3575], [-113.4625, 21.3325], [-113.4417, 21.3071], [-113.4213, 21.2814], [-113.4014, 21.2554], [-113.3821, 21.2291], [-113.3632, 21.2024], [-113.3448, 21.1755], [-113.327, 21.1482], [-113.3097, 21.1207], [-113.2929, 21.0929], [-113.2766, 21.0648], [-113.2608, 21.0364], [-113.2456, 21.0078], [-113.231, 20.979], [-113.2169, 20.9499], [-113.2033, 20.9205], [-113.1903, 20.891], [-113.1778, 20.8613], [-113.1659, 20.8313], [-113.1546, 20.8012], [-113.1439, 20.7709], [-113.1337, 20.7404], [-113.1241, 20.7098], [-113.115, 20.679], [-113.1066, 20.648], [-113.0987, 20.617], [-113.0914, 20.5858], [-113.0847, 20.5545], [-113.0786, 20.523], [-113.0731, 20.4915], [-113.0681, 20.4599], [-113.0638, 20.4283], [-113.06, 20.3965], [-113.0569, 20.3647], [-113.0543, 20.3329], [-113.0523, 20.301], [-113.0509, 20.2691], [-113.0502, 20.2372], [-113.05, 20.2052], [-113.2276, 20.1766], [-113.2284, 20.1476], [-113.2299, 20.1186], [-113.2318, 20.0896], [-113.2343, 20.0607], [-113.2373, 20.0318], [-113.2409, 20.0029], [-113.2449, 19.9742], [-113.2496, 19.9455], [-113.2547, 19.9168], [-113.2604, 19.8883], [-113.2666, 19.8598], [-113.2733, 19.8315], [-113.2806, 19.8033], [-113.2883, 19.7752], [-113.2966, 19.7472], [-113.3054, 19.7194], [-113.3148, 19.6917], [-113.3246, 19.6642], [-113.3349, 19.6369], [-113.3457, 19.6097], [-113.357, 19.5827], [-113.3689, 19.5559], [-113.3812, 19.5292], [-113.394, 19.5028], [-113.4073, 19.4766], [-113.421, 19.4507], [-113.4352, 19.4249], [-113.4499, 19.3994], [-113.4651, 19.3742], [-113.4807, 19.3491], [-113.4968, 19.3244], [-113.5134, 19.2999], [-113.5303, 19.2757], [-113.5477, 19.2518], [-113.5656, 19.2281], [-113.5839, 19.2048], [-113.6026, 19.1817], [-113.6217, 19.159], [-113.6412, 19.1366], [-113.6612, 19.1145], [-113.6815, 19.0927], [-113.7022, 19.0713], [-113.7234, 19.0502], [-113.7448, 19.0295], [-113.7667, 19.0091], [-113.789, 18.9891], [-113.8116, 18.9695], [-113.8345, 18.9502], [-113.8578, 18.9313], [-113.8815, 18.9128], [-113.9054, 18.8946], [-113.9297, 18.8769], [-113.9543, 18.8596], [-113.9793, 18.8427], [-114.0045, 18.8261], [-114.03, 18.8101], [-114.0558, 18.7944], [-114.0819, 18.7791], [-114.1083, 18.7643], [-114.1349, 18.7499], [-114.1618, 18.736], [-114.189, 18.7225], [-114.2163, 18.7094], [-114.2439, 18.6968], [-114.2718, 18.6846], [-114.2998, 18.6729], [-114.3281, 18.6617], [-114.3565, 18.6509], [-114.3852, 18.6406], [-114.414, 18.6308], [-114.443, 18.6214], [-114.4722, 18.6125], [-114.5015, 18.6041], [-114.531, 18.5962], [-114.5606, 18.5888], [-114.5903, 18.5818], [-114.6202, 18.5753], [-114.6501, 18.5694], [-114.6802, 18.5639], [-114.7104, 18.5589], [-114.7406, 18.5544], [-114.771, 18.5504], [-114.8014, 18.5469], [-114.8318, 18.5439], [-114.8623, 18.5414], [-114.8929, 18.5394], [-114.9235, 18.5379], [-114.9541, 18.5369], [-114.9847, 18.5364], [-115.0153, 18.5364], [-115.0459, 18.5369], [-115.0765, 18.5379], [-115.1071, 18.5394], [-115.1377, 18.5414], [-115.1682, 18.5439], [-115.1986, 18.5469], [-115.229, 18.5504], [-115.2594, 18.5544], [-115.2896, 18.5589], [-115.3198, 18.5639], [-115.3499, 18.5694], [-115.3798, 18.5753], [-115.4097, 18.5818], [-115.4394, 18.5888], [-115.469, 18.5962], [-115.4985, 18.6041], [-115.5278, 18.6125], [-115.557, 18.6214], [-115.586, 18.6308], [-115.6148, 18.6406], [-115.6435, 18.6509], [-115.6719, 18.6617], [-115.7002, 18.6729], [-115.7282, 18.6846], [-115.7561, 18.6968], [-115.7837, 18.7094], [-115.811, 18.7225], [-115.8382, 18.736], [-115.8651, 18.7499], [-115.8917, 18.7643], [-115.9181, 18.7791], [-115.9442, 18.7944], [-115.97, 18.81], [-115.9955, 18.8261], [-116.0207, 18.8427], [-116.0456, 18.8596], [-116.0703, 18.8769], [-116.0946, 18.8946], [-116.1185, 18.9128], [-116.1422, 18.9313], [-116.1655, 18.9502], [-116.1884, 18.9694], [-116.211, 18.9891], [-116.2333, 19.0091], [-116.2551, 19.0295], [-116.2766, 19.0502], [-116.2978, 19.0713], [-116.3185, 19.0927], [-116.3388, 19.1145], [-116.3588, 19.1366], [-116.3783, 19.159], [-116.3974, 19.1817], [-116.4161, 19.2048], [-116.4344, 19.2281], [-116.4523, 19.2518], [-116.4697, 19.2757], [-116.4866, 19.2999], [-116.5032, 19.3244], [-116.5193, 19.3491], [-116.5349, 19.3741], [-116.5501, 19.3994], [-116.5648, 19.4249], [-116.579, 19.4507], [-116.5928, 19.4766], [-116.606, 19.5028], [-116.6188, 19.5292], [-116.6311, 19.5559], [-116.643, 19.5827], [-116.6543, 19.6097], [-116.6651, 19.6368], [-116.6754, 19.6642], [-116.6853, 19.6917], [-116.6946, 19.7194], [-116.7034, 19.7472], [-116.7116, 19.7752], [-116.7194, 19.8033], [-116.7267, 19.8315], [-116.7334, 19.8598], [-116.7396, 19.8883], [-116.7453, 19.9168], [-116.7504, 19.9454], [-116.7551, 19.9741], [-116.7591, 20.0029], [-116.7627, 20.0318], [-116.7657, 20.0607], [-116.7682, 20.0896], [-116.7701, 20.1186], [-116.7716, 20.1476], [-116.7724, 20.1766], [-116.7728, 20.2056], [-116.7725, 20.2347], [-116.7718, 20.2637], [-116.7705, 20.2927], [-116.7687, 20.3217], [-116.7663, 20.3506], [-116.7634, 20.3795], [-116.7599, 20.4084], [-116.756, 20.4372], [-116.7515, 20.4659], [-116.7464, 20.4945], [-116.7408, 20.5231], [-116.7347, 20.5515], [-116.728, 20.5799], [-116.7208, 20.6081], [-116.7131, 20.6363], [-116.7049, 20.6643], [-116.6961, 20.6921], [-116.6868, 20.7198], [-116.677, 20.7474], [-116.6667, 20.7747], [-116.6559, 20.8019], [-116.6445, 20.829], [-116.6327, 20.8558], [-116.6203, 20.8824], [-116.6075, 20.9089], [-116.5941, 20.9351], [-116.5803, 20.9611], [-116.5659, 20.9869], [-116.5511, 21.0124], [-116.5358, 21.0377], [-116.5201, 21.0627], [-116.5038, 21.0875], [-116.4871, 21.1119], [-116.4699, 21.1362], [-116.4523, 21.1601], [-116.4343, 21.1837], [-116.4157, 21.2071], [-116.3968, 21.2301], [-116.3774, 21.2528], [-116.3575, 21.2752], [-116.3373, 21.2973], [-116.3166, 21.319], [-116.2956, 21.3404], [-116.2741, 21.3615], [-116.2522, 21.3821], [-116.23, 21.4025], [-116.2073, 21.4224], [-116.1843, 21.442], [-116.1609, 21.4612], [-116.1371, 21.48], [-116.113, 21.4985], [-116.0886, 21.5165], [-116.0638, 21.5341], [-116.0386, 21.5513], [-116.0132, 21.5681], [-115.9874, 21.5845], [-115.9613, 21.6005], [-115.9349, 21.616], [-115.9083, 21.6311], [-115.8813, 21.6458], [-115.8541, 21.66], [-115.8266, 21.6738], [-115.7988, 21.6871], [-115.7708, 21.6999], [-115.7425, 21.7123], [-115.714, 21.7242], [-115.6853, 21.7357], [-115.6564, 21.7467], [-115.6273, 21.7572], [-115.5979, 21.7672], [-115.5684, 21.7768], [-115.5387, 21.7859], [-115.5088, 21.7944], [-115.4788, 21.8025], [-115.4486, 21.8101], [-115.4183, 21.8172], [-115.3878, 21.8238], [-115.3573, 21.8299], [-115.3266, 21.8355], [-115.2958, 21.8406], [-115.2649, 21.8452], [-115.2339, 21.8493], [-115.2029, 21.8529], [-115.1718, 21.8559], [-115.1406, 21.8585], [-115.1094, 21.8606], [-115.0782, 21.8621], [-115.0469, 21.8631], [-115.0157, 21.8636], [-114.9828, 22.03]]]}, "properties": {"layer": "storm_track", "kind": "wind_radii_forecast", "storm_id": "ep182026", "storm_name": "Rachel", "wind_kt": 34, "label": "+72h", "valid_text": "5:00 AM MST October 05, 2026"}}, {"type": "Feature", "geometry": {"type": "Polygon", "coordinates": [[[-114.9907, 21.1982], [-114.972, 21.1979], [-114.9533, 21.1973], [-114.9347, 21.1963], [-114.916, 21.1951], [-114.8974, 21.1936], [-114.8788, 21.1918], [-114.8603, 21.1896], [-114.8418, 21.1872], [-114.8233, 21.1844], [-114.8049, 21.1814], [-114.7866, 21.178], [-114.7683, 21.1744], [-114.7501, 21.1705], [-114.732, 21.1662], [-114.714, 21.1617], [-114.696, 21.1568], [-114.6782, 21.1517], [-114.6604, 21.1463], [-114.6428, 21.1406], [-114.6252, 21.1346], [-114.6078, 21.1283], [-114.5905, 21.1218], [-114.5733, 21.1149], [-114.5563, 21.1078], [-114.5394, 21.1004], [-114.5226, 21.0927], [-114.506, 21.0847], [-114.4896, 21.0765], [-114.4733, 21.068], [-114.4571, 21.0593], [-114.4412, 21.0502], [-114.4254, 21.0409], [-114.4098, 21.0314], [-114.3943, 21.0216], [-114.3791, 21.0116], [-114.364, 21.0013], [-114.3492, 20.9907], [-114.3345, 20.98], [-114.32, 20.9689], [-114.3058, 20.9577], [-114.2918, 20.9462], [-114.278, 20.9345], [-114.2644, 20.9225], [-114.251, 20.9104], [-114.2379, 20.898], [-114.225, 20.8854], [-114.2124, 20.8726], [-114.2, 20.8596], [-114.1878, 20.8464], [-114.1759, 20.833], [-114.1642, 20.8194], [-114.1528, 20.8056], [-114.1417, 20.7917], [-114.1308, 20.7775], [-114.1202, 20.7632], [-114.1099, 20.7487], [-114.0998, 20.734], [-114.09, 20.7192], [-114.0805, 20.7042], [-114.0713, 20.6891], [-114.0624, 20.6738], [-114.0537, 20.6584], [-114.0454, 20.6428], [-114.0373, 20.6271], [-114.0295, 20.6113], [-114.0221, 20.5953], [-114.0149, 20.5793], [-114.008, 20.5631], [-114.0015, 20.5468], [-113.9952, 20.5304], [-113.9893, 20.5138], [-113.9836, 20.4972], [-113.9783, 20.4806], [-113.9733, 20.4638], [-113.9686, 20.4469], [-113.9642, 20.43], [-113.9601, 20.413], [-113.9564, 20.3959], [-113.953, 20.3788], [-113.9499, 20.3616], [-113.9471, 20.3444], [-113.9446, 20.3271], [-113.9425, 20.3098], [-113.9406, 20.2925], [-113.9391, 20.2751], [-113.938, 20.2578], [-113.9371, 20.2403], [-113.9366, 20.2229], [-113.9364, 20.2055], [-114.1137, 20.1905], [-114.1141, 20.176], [-114.1147, 20.1615], [-114.1156, 20.147], [-114.1167, 20.1325], [-114.1182, 20.1181], [-114.1199, 20.1036], [-114.1218, 20.0892], [-114.1241, 20.0749], [-114.1266, 20.0606], [-114.1293, 20.0463], [-114.1324, 20.032], [-114.1357, 20.0178], [-114.1392, 20.0037], [-114.143, 19.9897], [-114.1471, 19.9756], [-114.1514, 19.9617], [-114.156, 19.9479], [-114.1609, 19.9341], [-114.166, 19.9204], [-114.1713, 19.9067], [-114.1769, 19.8932], [-114.1828, 19.8798], [-114.1889, 19.8665], [-114.1952, 19.8532], [-114.2018, 19.8401], [-114.2086, 19.8271], [-114.2157, 19.8142], [-114.223, 19.8014], [-114.2306, 19.7887], [-114.2383, 19.7762], [-114.2463, 19.7638], [-114.2546, 19.7515], [-114.263, 19.7393], [-114.2717, 19.7273], [-114.2806, 19.7155], [-114.2897, 19.7038], [-114.2991, 19.6922], [-114.3086, 19.6808], [-114.3184, 19.6696], [-114.3283, 19.6585], [-114.3385, 19.6476], [-114.3488, 19.6368], [-114.3594, 19.6262], [-114.3701, 19.6158], [-114.3811, 19.6056], [-114.3922, 19.5956], [-114.4035, 19.5857], [-114.415, 19.576], [-114.4267, 19.5665], [-114.4385, 19.5572], [-114.4505, 19.5481], [-114.4627, 19.5392], [-114.475, 19.5305], [-114.4875, 19.522], [-114.5001, 19.5138], [-114.5129, 19.5057], [-114.5259, 19.4978], [-114.539, 19.4901], [-114.5522, 19.4827], [-114.5655, 19.4755], [-114.579, 19.4685], [-114.5926, 19.4617], [-114.6064, 19.4551], [-114.6202, 19.4488], [-114.6342, 19.4427], [-114.6483, 19.4368], [-114.6625, 19.4312], [-114.6767, 19.4257], [-114.6911, 19.4206], [-114.7056, 19.4156], [-114.7202, 19.4109], [-114.7348, 19.4065], [-114.7495, 19.4022], [-114.7643, 19.3983], [-114.7792, 19.3945], [-114.7941, 19.391], [-114.8091, 19.3878], [-114.8242, 19.3848], [-114.8393, 19.382], [-114.8545, 19.3795], [-114.8697, 19.3772], [-114.8849, 19.3752], [-114.9002, 19.3735], [-114.9155, 19.372], [-114.9308, 19.3707], [-114.9462, 19.3697], [-114.9615, 19.3689], [-114.9769, 19.3684], [-114.9923, 19.3682], [-115.0062, 19.5345], [-115.0185, 19.5348], [-115.0308, 19.5352], [-115.0431, 19.5358], [-115.0554, 19.5366], [-115.0677, 19.5376], [-115.0799, 19.5388], [-115.0922, 19.5402], [-115.1044, 19.5418], [-115.1166, 19.5436], [-115.1287, 19.5456], [-115.1408, 19.5478], [-115.1528, 19.5502], [-115.1649, 19.5528], [-115.1768, 19.5556], [-115.1887, 19.5586], [-115.2006, 19.5618], [-115.2124, 19.5652], [-115.2241, 19.5688], [-115.2358, 19.5725], [-115.2474, 19.5765], [-115.2589, 19.5806], [-115.2703, 19.585], [-115.2817, 19.5895], [-115.2929, 19.5942], [-115.3041, 19.5991], [-115.3152, 19.6042], [-115.3262, 19.6094], [-115.3371, 19.6148], [-115.3479, 19.6205], [-115.3586, 19.6262], [-115.3692, 19.6322], [-115.3796, 19.6383], [-115.39, 19.6446], [-115.4002, 19.6511], [-115.4104, 19.6578], [-115.4203, 19.6646], [-115.4302, 19.6715], [-115.44, 19.6786], [-115.4496, 19.6859], [-115.459, 19.6934], [-115.4684, 19.701], [-115.4776, 19.7087], [-115.4866, 19.7166], [-115.4955, 19.7247], [-115.5043, 19.7328], [-115.5129, 19.7412], [-115.5213, 19.7496], [-115.5296, 19.7583], [-115.5377, 19.767], [-115.5457, 19.7759], [-115.5535, 19.7849], [-115.5611, 19.794], [-115.5686, 19.8032], [-115.5759, 19.8126], [-115.583, 19.8221], [-115.5899, 19.8317], [-115.5967, 19.8414], [-115.6033, 19.8513], [-115.6097, 19.8612], [-115.6159, 19.8712], [-115.6219, 19.8814], [-115.6277, 19.8916], [-115.6334, 19.9019], [-115.6388, 19.9124], [-115.6441, 19.9229], [-115.6492, 19.9335], [-115.654, 19.9441], [-115.6587, 19.9549], [-115.6632, 19.9657], [-115.6675, 19.9766], [-115.6715, 19.9876], [-115.6754, 19.9986], [-115.6791, 20.0097], [-115.6825, 20.0208], [-115.6858, 20.032], [-115.6888, 20.0433], [-115.6916, 20.0546], [-115.6943, 20.066], [-115.6967, 20.0774], [-115.6989, 20.0888], [-115.7009, 20.1002], [-115.7026, 20.1117], [-115.7042, 20.1233], [-115.7055, 20.1348], [-115.7067, 20.1464], [-115.7076, 20.158], [-115.7083, 20.1696], [-115.7088, 20.1812], [-115.709, 20.1928], [-115.8864, 20.205], [-115.8862, 20.2196], [-115.8857, 20.2341], [-115.885, 20.2486], [-115.884, 20.2631], [-115.8827, 20.2775], [-115.8812, 20.292], [-115.8794, 20.3064], [-115.8773, 20.3208], [-115.875, 20.3351], [-115.8724, 20.3494], [-115.8695, 20.3637], [-115.8664, 20.3779], [-115.8629, 20.3921], [-115.8593, 20.4062], [-115.8553, 20.4202], [-115.8512, 20.4342], [-115.8467, 20.4481], [-115.842, 20.4619], [-115.837, 20.4757], [-115.8318, 20.4894], [-115.8263, 20.5029], [-115.8206, 20.5164], [-115.8146, 20.5298], [-115.8084, 20.5431], [-115.8019, 20.5563], [-115.7951, 20.5694], [-115.7882, 20.5823], [-115.781, 20.5952], [-115.7735, 20.6079], [-115.7658, 20.6205], [-115.7579, 20.633], [-115.7497, 20.6454], [-115.7413, 20.6576], [-115.7327, 20.6696], [-115.7239, 20.6816], [-115.7148, 20.6933], [-115.7055, 20.705], [-115.696, 20.7165], [-115.6863, 20.7278], [-115.6764, 20.7389], [-115.6662, 20.7499], [-115.6559, 20.7608], [-115.6453, 20.7714], [-115.6346, 20.7819], [-115.6236, 20.7922], [-115.6125, 20.8023], [-115.6012, 20.8123], [-115.5897, 20.822], [-115.578, 20.8316], [-115.5662, 20.841], [-115.5541, 20.8501], [-115.5419, 20.8591], [-115.5295, 20.8679], [-115.517, 20.8765], [-115.5043, 20.8848], [-115.4914, 20.893], [-115.4784, 20.9009], [-115.4653, 20.9086], [-115.452, 20.9162], [-115.4385, 20.9235], [-115.425, 20.9305], [-115.4112, 20.9374], [-115.3974, 20.944], [-115.3835, 20.9504], [-115.3694, 20.9566], [-115.3552, 20.9625], [-115.3409, 20.9682], [-115.3265, 20.9737], [-115.312, 20.9789], [-115.2974, 20.9839], [-115.2827, 20.9886], [-115.2679, 20.9931], [-115.2531, 20.9974], [-115.2381, 21.0014], [-115.2231, 21.0052], [-115.208, 21.0087], [-115.1929, 21.012], [-115.1777, 21.0151], [-115.1624, 21.0178], [-115.1471, 21.0204], [-115.1317, 21.0227], [-115.1163, 21.0247], [-115.1009, 21.0265], [-115.0854, 21.028], [-115.0699, 21.0293], [-115.0544, 21.0303], [-115.0389, 21.0311], [-115.0233, 21.0316], [-115.0078, 21.0318], [-114.9907, 21.1982]]]}, "properties": {"layer": "storm_track", "kind": "wind_radii_forecast", "storm_id": "ep182026", "storm_name": "Rachel", "wind_kt": 50, "label": "+72h", "valid_text": "5:00 AM MST October 05, 2026"}}, {"type": "Feature", "geometry": {"type": "Polygon", "coordinates": [[[-114.9946, 20.7823], [-114.9837, 20.7821], [-114.9728, 20.7817], [-114.962, 20.7812], [-114.9511, 20.7805], [-114.9403, 20.7796], [-114.9295, 20.7785], [-114.9187, 20.7773], [-114.9079, 20.7759], [-114.8972, 20.7743], [-114.8865, 20.7725], [-114.8758, 20.7706], [-114.8652, 20.7684], [-114.8546, 20.7661], [-114.8441, 20.7637], [-114.8336, 20.761], [-114.8231, 20.7582], [-114.8128, 20.7552], [-114.8024, 20.7521], [-114.7921, 20.7488], [-114.7819, 20.7453], [-114.7718, 20.7416], [-114.7617, 20.7378], [-114.7517, 20.7338], [-114.7418, 20.7297], [-114.732, 20.7254], [-114.7222, 20.7209], [-114.7125, 20.7163], [-114.703, 20.7115], [-114.6935, 20.7065], [-114.6841, 20.7014], [-114.6748, 20.6962], [-114.6656, 20.6908], [-114.6565, 20.6852], [-114.6475, 20.6795], [-114.6386, 20.6737], [-114.6298, 20.6677], [-114.6212, 20.6616], [-114.6126, 20.6553], [-114.6042, 20.6489], [-114.5959, 20.6423], [-114.5877, 20.6356], [-114.5797, 20.6288], [-114.5717, 20.6219], [-114.564, 20.6148], [-114.5563, 20.6076], [-114.5488, 20.6003], [-114.5414, 20.5928], [-114.5341, 20.5852], [-114.5271, 20.5775], [-114.5201, 20.5697], [-114.5133, 20.5618], [-114.5066, 20.5538], [-114.5001, 20.5457], [-114.4938, 20.5374], [-114.4876, 20.5291], [-114.4815, 20.5206], [-114.4757, 20.5121], [-114.4699, 20.5035], [-114.4644, 20.4947], [-114.459, 20.4859], [-114.4538, 20.477], [-114.4487, 20.468], [-114.4438, 20.4589], [-114.4391, 20.4498], [-114.4345, 20.4406], [-114.4302, 20.4313], [-114.426, 20.4219], [-114.4219, 20.4125], [-114.4181, 20.403], [-114.4144, 20.3934], [-114.4109, 20.3838], [-114.4076, 20.3741], [-114.4045, 20.3644], [-114.4015, 20.3546], [-114.3988, 20.3448], [-114.3962, 20.3349], [-114.3938, 20.325], [-114.3916, 20.315], [-114.3895, 20.3051], [-114.3877, 20.295], [-114.386, 20.285], [-114.3846, 20.2749], [-114.3833, 20.2648], [-114.3822, 20.2547], [-114.3813, 20.2446], [-114.3806, 20.2345], [-114.38, 20.2243], [-114.3797, 20.2142], [-114.3796, 20.204], [-114.5569, 20.1958], [-114.557, 20.1886], [-114.5573, 20.1813], [-114.5577, 20.1741], [-114.5583, 20.1668], [-114.559, 20.1596], [-114.5598, 20.1524], [-114.5608, 20.1452], [-114.5619, 20.138], [-114.5631, 20.1308], [-114.5645, 20.1237], [-114.5659, 20.1165], [-114.5676, 20.1095], [-114.5693, 20.1024], [-114.5712, 20.0953], [-114.5732, 20.0883], [-114.5754, 20.0814], [-114.5777, 20.0744], [-114.5801, 20.0675], [-114.5826, 20.0607], [-114.5853, 20.0539], [-114.5881, 20.0471], [-114.591, 20.0404], [-114.594, 20.0337], [-114.5972, 20.0271], [-114.6004, 20.0205], [-114.6039, 20.014], [-114.6074, 20.0075], [-114.611, 20.0011], [-114.6148, 19.9948], [-114.6187, 19.9885], [-114.6226, 19.9823], [-114.6268, 19.9761], [-114.631, 19.9701], [-114.6353, 19.964], [-114.6398, 19.9581], [-114.6443, 19.9522], [-114.649, 19.9465], [-114.6537, 19.9407], [-114.6586, 19.9351], [-114.6636, 19.9296], [-114.6687, 19.9241], [-114.6738, 19.9187], [-114.6791, 19.9134], [-114.6845, 19.9082], [-114.69, 19.9031], [-114.6955, 19.898], [-114.7012, 19.8931], [-114.7069, 19.8883], [-114.7128, 19.8835], [-114.7187, 19.8788], [-114.7247, 19.8743], [-114.7308, 19.8698], [-114.7369, 19.8655], [-114.7432, 19.8612], [-114.7495, 19.8571], [-114.7559, 19.853], [-114.7624, 19.8491], [-114.769, 19.8452], [-114.7756, 19.8415], [-114.7823, 19.8379], [-114.789, 19.8344], [-114.7958, 19.831], [-114.8027, 19.8277], [-114.8097, 19.8245], [-114.8167, 19.8214], [-114.8237, 19.8185], [-114.8308, 19.8157], [-114.838, 19.8129], [-114.8452, 19.8104], [-114.8524, 19.8079], [-114.8597, 19.8055], [-114.8671, 19.8033], [-114.8745, 19.8012], [-114.8819, 19.7992], [-114.8893, 19.7973], [-114.8968, 19.7955], [-114.9043, 19.7939], [-114.9119, 19.7924], [-114.9194, 19.791], [-114.927, 19.7898], [-114.9347, 19.7886], [-114.9423, 19.7876], [-114.95, 19.7867], [-114.9576, 19.786], [-114.9653, 19.7854], [-114.973, 19.7849], [-114.9807, 19.7845], [-114.9884, 19.7842], [-114.9961, 19.7841], [-115.0023, 19.9505], [-115.007, 19.9505], [-115.0116, 19.9507], [-115.0162, 19.9509], [-115.0208, 19.9512], [-115.0255, 19.9516], [-115.0301, 19.9521], [-115.0347, 19.9526], [-115.0392, 19.9532], [-115.0438, 19.9539], [-115.0484, 19.9546], [-115.0529, 19.9555], [-115.0575, 19.9564], [-115.062, 19.9573], [-115.0665, 19.9584], [-115.071, 19.9595], [-115.0754, 19.9607], [-115.0798, 19.962], [-115.0842, 19.9633], [-115.0886, 19.9647], [-115.093, 19.9662], [-115.0973, 19.9678], [-115.1016, 19.9694], [-115.1059, 19.9711], [-115.1101, 19.9729], [-115.1143, 19.9747], [-115.1185, 19.9766], [-115.1226, 19.9786], [-115.1267, 19.9806], [-115.1308, 19.9828], [-115.1348, 19.9849], [-115.1387, 19.9872], [-115.1427, 19.9895], [-115.1466, 19.9918], [-115.1504, 19.9943], [-115.1542, 19.9968], [-115.158, 19.9993], [-115.1617, 20.0019], [-115.1653, 20.0046], [-115.1689, 20.0074], [-115.1725, 20.0102], [-115.176, 20.013], [-115.1794, 20.0159], [-115.1828, 20.0189], [-115.1862, 20.0219], [-115.1894, 20.025], [-115.1927, 20.0281], [-115.1958, 20.0313], [-115.1989, 20.0345], [-115.202, 20.0378], [-115.205, 20.0411], [-115.2079, 20.0445], [-115.2108, 20.048], [-115.2136, 20.0514], [-115.2163, 20.055], [-115.2189, 20.0585], [-115.2215, 20.0621], [-115.2241, 20.0658], [-115.2265, 20.0695], [-115.2289, 20.0732], [-115.2313, 20.077], [-115.2335, 20.0808], [-115.2357, 20.0846], [-115.2378, 20.0885], [-115.2398, 20.0924], [-115.2418, 20.0963], [-115.2437, 20.1003], [-115.2455, 20.1043], [-115.2473, 20.1084], [-115.2489, 20.1124], [-115.2505, 20.1165], [-115.252, 20.1206], [-115.2535, 20.1248], [-115.2549, 20.1289], [-115.2561, 20.1331], [-115.2573, 20.1373], [-115.2585, 20.1416], [-115.2595, 20.1458], [-115.2605, 20.1501], [-115.2614, 20.1543], [-115.2622, 20.1586], [-115.2629, 20.1629], [-115.2636, 20.1672], [-115.2642, 20.1716], [-115.2646, 20.1759], [-115.2651, 20.1802], [-115.2654, 20.1846], [-115.2656, 20.1889], [-115.2658, 20.1933], [-115.2659, 20.1976], [-115.4432, 20.2031], [-115.4431, 20.2103], [-115.4428, 20.2176], [-115.4424, 20.2248], [-115.4419, 20.2321], [-115.4413, 20.2393], [-115.4405, 20.2465], [-115.4395, 20.2537], [-115.4385, 20.2609], [-115.4373, 20.2681], [-115.436, 20.2753], [-115.4345, 20.2824], [-115.4329, 20.2895], [-115.4312, 20.2966], [-115.4293, 20.3036], [-115.4274, 20.3106], [-115.4252, 20.3176], [-115.423, 20.3246], [-115.4206, 20.3315], [-115.4181, 20.3383], [-115.4155, 20.3452], [-115.4128, 20.352], [-115.4099, 20.3587], [-115.4069, 20.3654], [-115.4037, 20.372], [-115.4005, 20.3786], [-115.3971, 20.3851], [-115.3936, 20.3916], [-115.39, 20.398], [-115.3862, 20.4044], [-115.3824, 20.4107], [-115.3784, 20.4169], [-115.3743, 20.4231], [-115.3701, 20.4292], [-115.3658, 20.4352], [-115.3614, 20.4412], [-115.3568, 20.447], [-115.3522, 20.4528], [-115.3474, 20.4586], [-115.3426, 20.4642], [-115.3376, 20.4698], [-115.3325, 20.4753], [-115.3273, 20.4807], [-115.3221, 20.486], [-115.3167, 20.4912], [-115.3112, 20.4964], [-115.3057, 20.5014], [-115.3, 20.5064], [-115.2943, 20.5113], [-115.2884, 20.516], [-115.2825, 20.5207], [-115.2765, 20.5253], [-115.2704, 20.5298], [-115.2642, 20.5341], [-115.2579, 20.5384], [-115.2516, 20.5426], [-115.2452, 20.5467], [-115.2387, 20.5506], [-115.2321, 20.5545], [-115.2255, 20.5582], [-115.2187, 20.5619], [-115.212, 20.5654], [-115.2051, 20.5688], [-115.1982, 20.5721], [-115.1913, 20.5753], [-115.1842, 20.5784], [-115.1772, 20.5813], [-115.17, 20.5842], [-115.1628, 20.5869], [-115.1556, 20.5895], [-115.1483, 20.592], [-115.141, 20.5944], [-115.1336, 20.5966], [-115.1262, 20.5988], [-115.1188, 20.6008], [-115.1113, 20.6026], [-115.1037, 20.6044], [-115.0962, 20.606], [-115.0886, 20.6076], [-115.081, 20.6089], [-115.0733, 20.6102], [-115.0657, 20.6113], [-115.058, 20.6124], [-115.0503, 20.6132], [-115.0426, 20.614], [-115.0349, 20.6146], [-115.0271, 20.6151], [-115.0194, 20.6155], [-115.0116, 20.6158], [-115.0039, 20.6159], [-114.9946, 20.7823]]]}, "properties": {"layer": "storm_track", "kind": "wind_radii_forecast", "storm_id": "ep182026", "storm_name": "Rachel", "wind_kt": 64, "label": "+72h", "valid_text": "5:00 AM MST October 05, 2026"}}, {"type": "Feature", "geometry": {"type": "Polygon", "coordinates": [[[-116.2828, 22.13], [-116.2483, 22.1294], [-116.2139, 22.1283], [-116.1794, 22.1266], [-116.145, 22.1244], [-116.1107, 22.1215], [-116.0764, 22.1182], [-116.0422, 22.1142], [-116.0081, 22.1097], [-115.9741, 22.1047], [-115.9401, 22.099], [-115.9063, 22.0929], [-115.8726, 22.0862], [-115.8391, 22.0789], [-115.8056, 22.0711], [-115.7724, 22.0627], [-115.7393, 22.0538], [-115.7064, 22.0443], [-115.6737, 22.0344], [-115.6411, 22.0238], [-115.6088, 22.0128], [-115.5767, 22.0012], [-115.5448, 21.9891], [-115.5132, 21.9765], [-115.4818, 21.9634], [-115.4507, 21.9497], [-115.4198, 21.9356], [-115.3892, 21.9209], [-115.3589, 21.9057], [-115.3289, 21.8901], [-115.2992, 21.874], [-115.2699, 21.8573], [-115.2408, 21.8402], [-115.2121, 21.8227], [-115.1837, 21.8046], [-115.1557, 21.7861], [-115.128, 21.7672], [-115.1007, 21.7477], [-115.0738, 21.7279], [-115.0472, 21.7076], [-115.021, 21.6869], [-114.9953, 21.6657], [-114.97, 21.6442], [-114.945, 21.6222], [-114.9205, 21.5998], [-114.8965, 21.577], [-114.8728, 21.5539], [-114.8496, 21.5303], [-114.8269, 21.5064], [-114.8046, 21.4821], [-114.7828, 21.4575], [-114.7615, 21.4325], [-114.7406, 21.4071], [-114.7202, 21.3814], [-114.7004, 21.3554], [-114.681, 21.329], [-114.6621, 21.3024], [-114.6437, 21.2754], [-114.6259, 21.2482], [-114.6085, 21.2206], [-114.5917, 21.1928], [-114.5754, 21.1647], [-114.5597, 21.1364], [-114.5445, 21.1078], [-114.5298, 21.0789], [-114.5157, 21.0498], [-114.5021, 21.0205], [-114.4891, 20.991], [-114.4766, 20.9612], [-114.4647, 20.9313], [-114.4534, 20.9012], [-114.4426, 20.8708], [-114.4325, 20.8404], [-114.4228, 20.8097], [-114.4138, 20.7789], [-114.4053, 20.748], [-114.3975, 20.7169], [-114.3902, 20.6857], [-114.3835, 20.6544], [-114.3774, 20.623], [-114.3718, 20.5915], [-114.3669, 20.5599], [-114.3625, 20.5282], [-114.3588, 20.4965], [-114.3556, 20.4647], [-114.353, 20.4328], [-114.3511, 20.4009], [-114.3497, 20.369], [-114.3489, 20.3371], [-114.3487, 20.3052], [-114.5264, 20.2766], [-114.5273, 20.2475], [-114.5287, 20.2185], [-114.5307, 20.1896], [-114.5332, 20.1606], [-114.5362, 20.1317], [-114.5397, 20.1029], [-114.5438, 20.0741], [-114.5485, 20.0454], [-114.5536, 20.0168], [-114.5593, 19.9882], [-114.5655, 19.9598], [-114.5722, 19.9315], [-114.5795, 19.9032], [-114.5873, 19.8752], [-114.5956, 19.8472], [-114.6044, 19.8194], [-114.6137, 19.7917], [-114.6235, 19.7642], [-114.6339, 19.7368], [-114.6447, 19.7096], [-114.656, 19.6826], [-114.6679, 19.6558], [-114.6802, 19.6292], [-114.693, 19.6028], [-114.7063, 19.5766], [-114.72, 19.5506], [-114.7343, 19.5249], [-114.749, 19.4994], [-114.7642, 19.4741], [-114.7798, 19.4491], [-114.7959, 19.4244], [-114.8124, 19.3999], [-114.8294, 19.3757], [-114.8469, 19.3517], [-114.8647, 19.3281], [-114.883, 19.3048], [-114.9017, 19.2817], [-114.9209, 19.259], [-114.9404, 19.2366], [-114.9604, 19.2145], [-114.9807, 19.1927], [-115.0015, 19.1713], [-115.0226, 19.1502], [-115.0441, 19.1295], [-115.066, 19.1091], [-115.0882, 19.0891], [-115.1109, 19.0694], [-115.1338, 19.0502], [-115.1571, 19.0313], [-115.1808, 19.0127], [-115.2048, 18.9946], [-115.2291, 18.9769], [-115.2537, 18.9596], [-115.2787, 18.9426], [-115.3039, 18.9261], [-115.3295, 18.91], [-115.3553, 18.8944], [-115.3814, 18.8791], [-115.4078, 18.8643], [-115.4344, 18.8499], [-115.4613, 18.836], [-115.4885, 18.8224], [-115.5159, 18.8094], [-115.5435, 18.7968], [-115.5713, 18.7846], [-115.5994, 18.7729], [-115.6277, 18.7617], [-115.6562, 18.7509], [-115.6848, 18.7406], [-115.7137, 18.7308], [-115.7427, 18.7214], [-115.7719, 18.7125], [-115.8012, 18.7041], [-115.8307, 18.6962], [-115.8603, 18.6888], [-115.8901, 18.6818], [-115.9199, 18.6753], [-115.9499, 18.6694], [-115.98, 18.6639], [-116.0102, 18.6589], [-116.0405, 18.6544], [-116.0708, 18.6504], [-116.1013, 18.6469], [-116.1317, 18.6439], [-116.1623, 18.6414], [-116.1928, 18.6394], [-116.2234, 18.6379], [-116.2541, 18.6369], [-116.2847, 18.6364], [-116.3138, 18.8027], [-116.3414, 18.8032], [-116.369, 18.8041], [-116.3966, 18.8054], [-116.4241, 18.8073], [-116.4516, 18.8095], [-116.4791, 18.8122], [-116.5065, 18.8154], [-116.5338, 18.819], [-116.5611, 18.823], [-116.5883, 18.8275], [-116.6154, 18.8325], [-116.6424, 18.8378], [-116.6693, 18.8437], [-116.6961, 18.8499], [-116.7228, 18.8566], [-116.7494, 18.8638], [-116.7758, 18.8713], [-116.8021, 18.8793], [-116.8282, 18.8878], [-116.8542, 18.8966], [-116.88, 18.9059], [-116.9057, 18.9156], [-116.9311, 18.9257], [-116.9564, 18.9363], [-116.9815, 18.9472], [-117.0064, 18.9586], [-117.031, 18.9704], [-117.0555, 18.9825], [-117.0797, 18.9951], [-117.1037, 19.0081], [-117.1275, 19.0214], [-117.151, 19.0351], [-117.1742, 19.0493], [-117.1972, 19.0638], [-117.22, 19.0786], [-117.2424, 19.0939], [-117.2646, 19.1095], [-117.2865, 19.1254], [-117.3081, 19.1418], [-117.3294, 19.1584], [-117.3504, 19.1755], [-117.371, 19.1928], [-117.3914, 19.2105], [-117.4114, 19.2286], [-117.4311, 19.2469], [-117.4505, 19.2656], [-117.4695, 19.2846], [-117.4882, 19.3039], [-117.5065, 19.3235], [-117.5245, 19.3434], [-117.542, 19.3636], [-117.5593, 19.384], [-117.5761, 19.4048], [-117.5925, 19.4258], [-117.6086, 19.4471], [-117.6243, 19.4686], [-117.6396, 19.4904], [-117.6544, 19.5125], [-117.6689, 19.5348], [-117.683, 19.5573], [-117.6966, 19.58], [-117.7098, 19.603], [-117.7226, 19.6262], [-117.735, 19.6496], [-117.747, 19.6732], [-117.7585, 19.6969], [-117.7695, 19.7209], [-117.7802, 19.745], [-117.7903, 19.7693], [-117.8001, 19.7938], [-117.8093, 19.8184], [-117.8182, 19.8432], [-117.8265, 19.8681], [-117.8344, 19.8932], [-117.8419, 19.9184], [-117.8488, 19.9437], [-117.8554, 19.9691], [-117.8614, 19.9946], [-117.867, 20.0202], [-117.872, 20.0459], [-117.8767, 20.0716], [-117.8808, 20.0975], [-117.8844, 20.1234], [-117.8876, 20.1493], [-117.8903, 20.1753], [-117.8925, 20.2014], [-117.8942, 20.2275], [-117.8955, 20.2536], [-117.8962, 20.2797], [-118.0739, 20.3056], [-118.0737, 20.3346], [-118.0729, 20.3636], [-118.0717, 20.3926], [-118.0698, 20.4216], [-118.0675, 20.4506], [-118.0646, 20.4795], [-118.0611, 20.5083], [-118.0571, 20.5371], [-118.0526, 20.5658], [-118.0475, 20.5945], [-118.042, 20.623], [-118.0358, 20.6515], [-118.0292, 20.6799], [-118.022, 20.7081], [-118.0143, 20.7362], [-118.006, 20.7642], [-117.9972, 20.7921], [-117.988, 20.8198], [-117.9781, 20.8473], [-117.9678, 20.8747], [-117.957, 20.9019], [-117.9456, 20.9289], [-117.9338, 20.9558], [-117.9214, 20.9824], [-117.9085, 21.0088], [-117.8952, 21.0351], [-117.8813, 21.0611], [-117.867, 21.0868], [-117.8522, 21.1123], [-117.8369, 21.1376], [-117.8211, 21.1626], [-117.8048, 21.1874], [-117.7881, 21.2119], [-117.7709, 21.2361], [-117.7533, 21.2601], [-117.7352, 21.2837], [-117.7167, 21.307], [-117.6977, 21.3301], [-117.6783, 21.3528], [-117.6585, 21.3752], [-117.6382, 21.3973], [-117.6175, 21.419], [-117.5965, 21.4404], [-117.575, 21.4614], [-117.5531, 21.4821], [-117.5308, 21.5024], [-117.5081, 21.5224], [-117.4851, 21.542], [-117.4617, 21.5612], [-117.4379, 21.58], [-117.4138, 21.5984], [-117.3893, 21.6165], [-117.3645, 21.6341], [-117.3394, 21.6513], [-117.3139, 21.6681], [-117.2881, 21.6845], [-117.262, 21.7005], [-117.2356, 21.716], [-117.2089, 21.7311], [-117.1819, 21.7458], [-117.1547, 21.76], [-117.1272, 21.7737], [-117.0994, 21.7871], [-117.0713, 21.7999], [-117.0431, 21.8123], [-117.0145, 21.8242], [-116.9858, 21.8357], [-116.9569, 21.8467], [-116.9277, 21.8572], [-116.8983, 21.8672], [-116.8688, 21.8768], [-116.8391, 21.8859], [-116.8092, 21.8944], [-116.7791, 21.9025], [-116.7489, 21.9101], [-116.7186, 21.9172], [-116.6881, 21.9238], [-116.6575, 21.9299], [-116.6268, 21.9355], [-116.596, 21.9406], [-116.5651, 21.9452], [-116.5341, 21.9493], [-116.503, 21.9529], [-116.4719, 21.9559], [-116.4407, 21.9585], [-116.4095, 21.9606], [-116.3782, 21.9621], [-116.347, 21.9631], [-116.3157, 21.9636], [-116.2828, 22.13]]]}, "properties": {"layer": "storm_track", "kind": "wind_radii_forecast", "storm_id": "ep182026", "storm_name": "Rachel", "wind_kt": 34, "label": "+96h", "valid_text": "5:00 AM MST October 06, 2026"}}, {"type": "Feature", "geometry": {"type": "Polygon", "coordinates": [[[-116.2907, 21.2982], [-116.272, 21.2979], [-116.2533, 21.2973], [-116.2346, 21.2963], [-116.216, 21.2951], [-116.1973, 21.2936], [-116.1787, 21.2918], [-116.1602, 21.2896], [-116.1417, 21.2872], [-116.1232, 21.2844], [-116.1048, 21.2814], [-116.0864, 21.278], [-116.0682, 21.2744], [-116.0499, 21.2705], [-116.0318, 21.2662], [-116.0138, 21.2617], [-115.9958, 21.2568], [-115.978, 21.2517], [-115.9602, 21.2463], [-115.9425, 21.2406], [-115.925, 21.2346], [-115.9075, 21.2283], [-115.8902, 21.2218], [-115.8731, 21.2149], [-115.856, 21.2078], [-115.8391, 21.2004], [-115.8223, 21.1927], [-115.8057, 21.1847], [-115.7892, 21.1765], [-115.7729, 21.168], [-115.7568, 21.1592], [-115.7408, 21.1502], [-115.725, 21.1409], [-115.7094, 21.1314], [-115.6939, 21.1216], [-115.6787, 21.1116], [-115.6636, 21.1013], [-115.6487, 21.0907], [-115.634, 21.0799], [-115.6196, 21.0689], [-115.6053, 21.0577], [-115.5913, 21.0462], [-115.5775, 21.0345], [-115.5639, 21.0225], [-115.5505, 21.0104], [-115.5374, 20.998], [-115.5245, 20.9854], [-115.5118, 20.9726], [-115.4994, 20.9596], [-115.4873, 20.9464], [-115.4753, 20.933], [-115.4637, 20.9194], [-115.4523, 20.9056], [-115.4411, 20.8917], [-115.4303, 20.8775], [-115.4196, 20.8632], [-115.4093, 20.8487], [-115.3992, 20.834], [-115.3894, 20.8192], [-115.3799, 20.8042], [-115.3707, 20.7891], [-115.3618, 20.7738], [-115.3531, 20.7584], [-115.3447, 20.7428], [-115.3367, 20.7271], [-115.3289, 20.7113], [-115.3214, 20.6953], [-115.3143, 20.6792], [-115.3074, 20.663], [-115.3008, 20.6467], [-115.2946, 20.6303], [-115.2886, 20.6138], [-115.283, 20.5972], [-115.2776, 20.5805], [-115.2726, 20.5638], [-115.2679, 20.5469], [-115.2635, 20.53], [-115.2595, 20.513], [-115.2557, 20.4959], [-115.2523, 20.4788], [-115.2492, 20.4616], [-115.2464, 20.4444], [-115.2439, 20.4271], [-115.2418, 20.4098], [-115.2399, 20.3925], [-115.2384, 20.3751], [-115.2373, 20.3577], [-115.2364, 20.3403], [-115.2359, 20.3229], [-115.2357, 20.3055], [-115.4132, 20.2905], [-115.4135, 20.276], [-115.4141, 20.2615], [-115.415, 20.247], [-115.4162, 20.2325], [-115.4176, 20.2181], [-115.4193, 20.2036], [-115.4213, 20.1892], [-115.4235, 20.1749], [-115.426, 20.1605], [-115.4288, 20.1463], [-115.4318, 20.132], [-115.4351, 20.1178], [-115.4387, 20.1037], [-115.4425, 20.0896], [-115.4466, 20.0756], [-115.4509, 20.0617], [-115.4555, 20.0478], [-115.4603, 20.0341], [-115.4654, 20.0204], [-115.4708, 20.0067], [-115.4764, 19.9932], [-115.4823, 19.9798], [-115.4884, 19.9664], [-115.4947, 19.9532], [-115.5013, 19.9401], [-115.5082, 19.9271], [-115.5152, 19.9142], [-115.5225, 19.9014], [-115.5301, 19.8887], [-115.5379, 19.8762], [-115.5459, 19.8638], [-115.5541, 19.8515], [-115.5626, 19.8393], [-115.5713, 19.8273], [-115.5802, 19.8155], [-115.5893, 19.8038], [-115.5986, 19.7922], [-115.6082, 19.7808], [-115.6179, 19.7696], [-115.6279, 19.7585], [-115.6381, 19.7476], [-115.6484, 19.7368], [-115.659, 19.7262], [-115.6698, 19.7158], [-115.6807, 19.7056], [-115.6918, 19.6956], [-115.7031, 19.6857], [-115.7146, 19.676], [-115.7263, 19.6665], [-115.7382, 19.6572], [-115.7502, 19.6481], [-115.7623, 19.6392], [-115.7747, 19.6305], [-115.7872, 19.622], [-115.7998, 19.6138], [-115.8126, 19.6057], [-115.8256, 19.5978], [-115.8387, 19.5901], [-115.8519, 19.5827], [-115.8653, 19.5755], [-115.8788, 19.5685], [-115.8924, 19.5617], [-115.9061, 19.5551], [-115.92, 19.5488], [-115.934, 19.5427], [-115.9481, 19.5368], [-115.9622, 19.5312], [-115.9765, 19.5257], [-115.9909, 19.5206], [-116.0054, 19.5156], [-116.02, 19.5109], [-116.0346, 19.5065], [-116.0494, 19.5022], [-116.0642, 19.4983], [-116.0791, 19.4945], [-116.094, 19.491], [-116.109, 19.4878], [-116.1241, 19.4848], [-116.1392, 19.482], [-116.1544, 19.4795], [-116.1696, 19.4772], [-116.1848, 19.4752], [-116.2001, 19.4735], [-116.2154, 19.472], [-116.2308, 19.4707], [-116.2461, 19.4697], [-116.2615, 19.4689], [-116.2769, 19.4684], [-116.2923, 19.4682], [-116.3062, 19.6345], [-116.3185, 19.6348], [-116.3308, 19.6352], [-116.3431, 19.6358], [-116.3554, 19.6366], [-116.3677, 19.6376], [-116.38, 19.6388], [-116.3922, 19.6402], [-116.4044, 19.6418], [-116.4166, 19.6436], [-116.4288, 19.6456], [-116.4409, 19.6478], [-116.453, 19.6502], [-116.465, 19.6528], [-116.4769, 19.6556], [-116.4888, 19.6586], [-116.5007, 19.6618], [-116.5125, 19.6652], [-116.5242, 19.6688], [-116.5359, 19.6725], [-116.5475, 19.6765], [-116.559, 19.6806], [-116.5705, 19.685], [-116.5818, 19.6895], [-116.5931, 19.6942], [-116.6043, 19.6991], [-116.6154, 19.7042], [-116.6264, 19.7094], [-116.6373, 19.7148], [-116.6481, 19.7205], [-116.6588, 19.7262], [-116.6694, 19.7322], [-116.6799, 19.7383], [-116.6902, 19.7446], [-116.7005, 19.7511], [-116.7106, 19.7577], [-116.7206, 19.7646], [-116.7305, 19.7715], [-116.7402, 19.7786], [-116.7499, 19.7859], [-116.7593, 19.7934], [-116.7687, 19.801], [-116.7779, 19.8087], [-116.7869, 19.8166], [-116.7958, 19.8247], [-116.8046, 19.8328], [-116.8132, 19.8412], [-116.8216, 19.8496], [-116.8299, 19.8582], [-116.8381, 19.867], [-116.846, 19.8759], [-116.8538, 19.8849], [-116.8615, 19.894], [-116.8689, 19.9032], [-116.8762, 19.9126], [-116.8833, 19.9221], [-116.8903, 19.9317], [-116.8971, 19.9414], [-116.9036, 19.9513], [-116.91, 19.9612], [-116.9163, 19.9712], [-116.9223, 19.9814], [-116.9281, 19.9916], [-116.9338, 20.0019], [-116.9393, 20.0123], [-116.9445, 20.0229], [-116.9496, 20.0334], [-116.9545, 20.0441], [-116.9591, 20.0549], [-116.9636, 20.0657], [-116.9679, 20.0766], [-116.972, 20.0876], [-116.9758, 20.0986], [-116.9795, 20.1097], [-116.983, 20.1208], [-116.9862, 20.132], [-116.9893, 20.1433], [-116.9921, 20.1546], [-116.9947, 20.166], [-116.9971, 20.1773], [-116.9993, 20.1888], [-117.0013, 20.2002], [-117.0031, 20.2117], [-117.0047, 20.2233], [-117.006, 20.2348], [-117.0071, 20.2464], [-117.008, 20.2579], [-117.0087, 20.2695], [-117.0092, 20.2812], [-117.0095, 20.2928], [-117.1869, 20.305], [-117.1868, 20.3195], [-117.1863, 20.334], [-117.1856, 20.3486], [-117.1846, 20.363], [-117.1833, 20.3775], [-117.1818, 20.392], [-117.18, 20.4064], [-117.1779, 20.4208], [-117.1755, 20.4351], [-117.1729, 20.4494], [-117.1701, 20.4637], [-117.1669, 20.4779], [-117.1635, 20.4921], [-117.1598, 20.5062], [-117.1559, 20.5202], [-117.1517, 20.5342], [-117.1473, 20.5481], [-117.1425, 20.5619], [-117.1376, 20.5757], [-117.1323, 20.5893], [-117.1269, 20.6029], [-117.1211, 20.6164], [-117.1151, 20.6298], [-117.1089, 20.6431], [-117.1024, 20.6563], [-117.0957, 20.6694], [-117.0887, 20.6823], [-117.0815, 20.6952], [-117.074, 20.7079], [-117.0663, 20.7205], [-117.0584, 20.733], [-117.0502, 20.7453], [-117.0418, 20.7576], [-117.0332, 20.7696], [-117.0243, 20.7816], [-117.0153, 20.7933], [-117.006, 20.805], [-116.9965, 20.8165], [-116.9868, 20.8278], [-116.9768, 20.8389], [-116.9667, 20.8499], [-116.9563, 20.8608], [-116.9458, 20.8714], [-116.935, 20.8819], [-116.9241, 20.8922], [-116.9129, 20.9023], [-116.9016, 20.9123], [-116.8901, 20.922], [-116.8784, 20.9316], [-116.8665, 20.941], [-116.8545, 20.9501], [-116.8423, 20.9591], [-116.8299, 20.9679], [-116.8173, 20.9765], [-116.8046, 20.9848], [-116.7918, 20.993], [-116.7787, 21.0009], [-116.7656, 21.0086], [-116.7523, 21.0162], [-116.7388, 21.0234], [-116.7252, 21.0305], [-116.7115, 21.0374], [-116.6977, 21.044], [-116.6837, 21.0504], [-116.6696, 21.0566], [-116.6554, 21.0625], [-116.6411, 21.0682], [-116.6267, 21.0737], [-116.6122, 21.0789], [-116.5976, 21.0839], [-116.5829, 21.0886], [-116.5681, 21.0931], [-116.5532, 21.0974], [-116.5383, 21.1014], [-116.5233, 21.1052], [-116.5082, 21.1087], [-116.493, 21.112], [-116.4778, 21.1151], [-116.4625, 21.1178], [-116.4472, 21.1204], [-116.4318, 21.1227], [-116.4164, 21.1247], [-116.401, 21.1265], [-116.3855, 21.128], [-116.37, 21.1293], [-116.3545, 21.1303], [-116.3389, 21.1311], [-116.3233, 21.1316], [-116.3078, 21.1318], [-116.2907, 21.2982]]]}, "properties": {"layer": "storm_track", "kind": "wind_radii_forecast", "storm_id": "ep182026", "storm_name": "Rachel", "wind_kt": 50, "label": "+96h", "valid_text": "5:00 AM MST October 06, 2026"}}, {"type": "Feature", "geometry": {"type": "Polygon", "coordinates": [[[-116.2953, 20.7991], [-116.286, 20.7989], [-116.2767, 20.7986], [-116.2674, 20.7982], [-116.2581, 20.7976], [-116.2488, 20.7968], [-116.2396, 20.7959], [-116.2303, 20.7948], [-116.2211, 20.7936], [-116.2119, 20.7922], [-116.2027, 20.7907], [-116.1936, 20.7891], [-116.1845, 20.7872], [-116.1754, 20.7853], [-116.1663, 20.7832], [-116.1573, 20.7809], [-116.1484, 20.7785], [-116.1395, 20.7759], [-116.1306, 20.7732], [-116.1218, 20.7704], [-116.1131, 20.7674], [-116.1044, 20.7643], [-116.0957, 20.761], [-116.0872, 20.7576], [-116.0787, 20.754], [-116.0702, 20.7503], [-116.0619, 20.7465], [-116.0536, 20.7425], [-116.0453, 20.7384], [-116.0372, 20.7342], [-116.0292, 20.7298], [-116.0212, 20.7253], [-116.0133, 20.7207], [-116.0055, 20.716], [-115.9978, 20.7111], [-115.9902, 20.7061], [-115.9826, 20.7009], [-115.9752, 20.6957], [-115.9679, 20.6903], [-115.9607, 20.6848], [-115.9535, 20.6792], [-115.9465, 20.6735], [-115.9396, 20.6676], [-115.9328, 20.6617], [-115.9261, 20.6556], [-115.9196, 20.6494], [-115.9131, 20.6431], [-115.9068, 20.6368], [-115.9006, 20.6303], [-115.8945, 20.6237], [-115.8885, 20.617], [-115.8827, 20.6102], [-115.877, 20.6033], [-115.8714, 20.5964], [-115.8659, 20.5893], [-115.8606, 20.5821], [-115.8555, 20.5749], [-115.8504, 20.5676], [-115.8455, 20.5602], [-115.8407, 20.5527], [-115.8361, 20.5452], [-115.8316, 20.5375], [-115.8273, 20.5298], [-115.8231, 20.5221], [-115.819, 20.5142], [-115.8151, 20.5063], [-115.8114, 20.4983], [-115.8077, 20.4903], [-115.8043, 20.4822], [-115.801, 20.4741], [-115.7978, 20.4659], [-115.7948, 20.4576], [-115.792, 20.4494], [-115.7893, 20.441], [-115.7868, 20.4326], [-115.7844, 20.4242], [-115.7822, 20.4158], [-115.7801, 20.4073], [-115.7782, 20.3987], [-115.7764, 20.3902], [-115.7749, 20.3816], [-115.7734, 20.373], [-115.7722, 20.3644], [-115.7711, 20.3557], [-115.7701, 20.347], [-115.7694, 20.3384], [-115.7687, 20.3297], [-115.7683, 20.321], [-115.768, 20.3123], [-115.7679, 20.3036], [-115.8566, 20.2958], [-115.8567, 20.2886], [-115.857, 20.2813], [-115.8574, 20.2741], [-115.858, 20.2668], [-115.8587, 20.2596], [-115.8595, 20.2524], [-115.8605, 20.2452], [-115.8616, 20.238], [-115.8628, 20.2308], [-115.8642, 20.2237], [-115.8657, 20.2165], [-115.8673, 20.2094], [-115.8691, 20.2024], [-115.8709, 20.1953], [-115.873, 20.1883], [-115.8751, 20.1814], [-115.8774, 20.1744], [-115.8798, 20.1675], [-115.8824, 20.1607], [-115.885, 20.1539], [-115.8878, 20.1471], [-115.8907, 20.1404], [-115.8938, 20.1337], [-115.8969, 20.1271], [-115.9002, 20.1205], [-115.9036, 20.114], [-115.9071, 20.1075], [-115.9108, 20.1011], [-115.9145, 20.0948], [-115.9184, 20.0885], [-115.9224, 20.0823], [-115.9265, 20.0761], [-115.9308, 20.0701], [-115.9351, 20.064], [-115.9395, 20.0581], [-115.9441, 20.0522], [-115.9488, 20.0465], [-115.9535, 20.0407], [-115.9584, 20.0351], [-115.9634, 20.0296], [-115.9685, 20.0241], [-115.9736, 20.0187], [-115.9789, 20.0134], [-115.9843, 20.0082], [-115.9898, 20.0031], [-115.9953, 19.998], [-116.001, 19.9931], [-116.0067, 19.9882], [-116.0126, 19.9835], [-116.0185, 19.9788], [-116.0245, 19.9743], [-116.0306, 19.9698], [-116.0368, 19.9655], [-116.043, 19.9612], [-116.0494, 19.957], [-116.0558, 19.953], [-116.0623, 19.9491], [-116.0688, 19.9452], [-116.0754, 19.9415], [-116.0821, 19.9379], [-116.0889, 19.9344], [-116.0957, 19.931], [-116.1026, 19.9277], [-116.1095, 19.9245], [-116.1165, 19.9214], [-116.1236, 19.9185], [-116.1307, 19.9157], [-116.1379, 19.9129], [-116.1451, 19.9103], [-116.1524, 19.9079], [-116.1596, 19.9055], [-116.167, 19.9033], [-116.1744, 19.9012], [-116.1818, 19.8992], [-116.1893, 19.8973], [-116.1967, 19.8955], [-116.2043, 19.8939], [-116.2118, 19.8924], [-116.2194, 19.891], [-116.227, 19.8898], [-116.2346, 19.8886], [-116.2423, 19.8876], [-116.2499, 19.8867], [-116.2576, 19.886], [-116.2653, 19.8854], [-116.273, 19.8848], [-116.2807, 19.8845], [-116.2884, 19.8842], [-116.2961, 19.8841], [-116.3023, 20.0505], [-116.307, 20.0505], [-116.3116, 20.0507], [-116.3162, 20.0509], [-116.3209, 20.0512], [-116.3255, 20.0516], [-116.3301, 20.052], [-116.3347, 20.0526], [-116.3393, 20.0532], [-116.3439, 20.0539], [-116.3484, 20.0546], [-116.353, 20.0555], [-116.3575, 20.0564], [-116.362, 20.0573], [-116.3665, 20.0584], [-116.371, 20.0595], [-116.3755, 20.0607], [-116.3799, 20.062], [-116.3843, 20.0633], [-116.3887, 20.0647], [-116.3931, 20.0662], [-116.3974, 20.0678], [-116.4017, 20.0694], [-116.4059, 20.0711], [-116.4102, 20.0729], [-116.4144, 20.0747], [-116.4186, 20.0766], [-116.4227, 20.0786], [-116.4268, 20.0806], [-116.4308, 20.0828], [-116.4349, 20.0849], [-116.4388, 20.0872], [-116.4428, 20.0895], [-116.4467, 20.0918], [-116.4505, 20.0943], [-116.4543, 20.0968], [-116.4581, 20.0993], [-116.4618, 20.1019], [-116.4654, 20.1046], [-116.469, 20.1074], [-116.4726, 20.1102], [-116.4761, 20.113], [-116.4796, 20.1159], [-116.4829, 20.1189], [-116.4863, 20.1219], [-116.4896, 20.125], [-116.4928, 20.1281], [-116.496, 20.1313], [-116.4991, 20.1345], [-116.5021, 20.1378], [-116.5051, 20.1411], [-116.508, 20.1445], [-116.5109, 20.148], [-116.5137, 20.1514], [-116.5164, 20.155], [-116.5191, 20.1585], [-116.5217, 20.1621], [-116.5242, 20.1658], [-116.5267, 20.1695], [-116.5291, 20.1732], [-116.5314, 20.177], [-116.5337, 20.1808], [-116.5359, 20.1846], [-116.538, 20.1885], [-116.54, 20.1924], [-116.542, 20.1963], [-116.5439, 20.2003], [-116.5457, 20.2043], [-116.5474, 20.2084], [-116.5491, 20.2124], [-116.5507, 20.2165], [-116.5522, 20.2206], [-116.5537, 20.2248], [-116.555, 20.2289], [-116.5563, 20.2331], [-116.5575, 20.2373], [-116.5586, 20.2416], [-116.5597, 20.2458], [-116.5607, 20.2501], [-116.5615, 20.2543], [-116.5624, 20.2586], [-116.5631, 20.2629], [-116.5638, 20.2672], [-116.5643, 20.2716], [-116.5648, 20.2759], [-116.5652, 20.2802], [-116.5656, 20.2846], [-116.5658, 20.2889], [-116.566, 20.2933], [-116.5661, 20.2976], [-116.6548, 20.3025], [-116.6547, 20.3084], [-116.6545, 20.3142], [-116.6542, 20.32], [-116.6537, 20.3257], [-116.6532, 20.3315], [-116.6526, 20.3373], [-116.6518, 20.3431], [-116.651, 20.3488], [-116.65, 20.3546], [-116.649, 20.3603], [-116.6478, 20.366], [-116.6465, 20.3717], [-116.6451, 20.3773], [-116.6437, 20.383], [-116.6421, 20.3886], [-116.6404, 20.3942], [-116.6386, 20.3997], [-116.6367, 20.4053], [-116.6347, 20.4108], [-116.6326, 20.4162], [-116.6304, 20.4216], [-116.628, 20.427], [-116.6256, 20.4324], [-116.6231, 20.4377], [-116.6205, 20.443], [-116.6178, 20.4482], [-116.615, 20.4534], [-116.6121, 20.4585], [-116.6091, 20.4636], [-116.606, 20.4686], [-116.6028, 20.4736], [-116.5996, 20.4785], [-116.5962, 20.4834], [-116.5928, 20.4882], [-116.5892, 20.493], [-116.5856, 20.4977], [-116.5818, 20.5023], [-116.578, 20.5069], [-116.5741, 20.5114], [-116.5702, 20.5159], [-116.5661, 20.5203], [-116.562, 20.5246], [-116.5577, 20.5289], [-116.5534, 20.533], [-116.549, 20.5371], [-116.5446, 20.5412], [-116.5401, 20.5452], [-116.5355, 20.549], [-116.5308, 20.5529], [-116.526, 20.5566], [-116.5212, 20.5603], [-116.5164, 20.5638], [-116.5114, 20.5673], [-116.5064, 20.5708], [-116.5013, 20.5741], [-116.4962, 20.5774], [-116.491, 20.5805], [-116.4857, 20.5836], [-116.4804, 20.5866], [-116.475, 20.5895], [-116.4696, 20.5923], [-116.4641, 20.5951], [-116.4586, 20.5977], [-116.453, 20.6003], [-116.4474, 20.6027], [-116.4418, 20.6051], [-116.436, 20.6074], [-116.4303, 20.6095], [-116.4245, 20.6116], [-116.4187, 20.6136], [-116.4128, 20.6155], [-116.4069, 20.6173], [-116.401, 20.619], [-116.395, 20.6206], [-116.389, 20.6221], [-116.383, 20.6235], [-116.377, 20.6248], [-116.3709, 20.626], [-116.3648, 20.6272], [-116.3587, 20.6282], [-116.3526, 20.6291], [-116.3464, 20.6299], [-116.3402, 20.6306], [-116.3341, 20.6312], [-116.3279, 20.6317], [-116.3217, 20.6321], [-116.3155, 20.6324], [-116.3093, 20.6326], [-116.3031, 20.6327], [-116.2953, 20.7991]]]}, "properties": {"layer": "storm_track", "kind": "wind_radii_forecast", "storm_id": "ep182026", "storm_name": "Rachel", "wind_kt": 64, "label": "+96h", "valid_text": "5:00 AM MST October 06, 2026"}}, {"type": "Feature", "geometry": {"type": "Polygon", "coordinates": [[[-119.4827, 22.63], [-119.4481, 22.6294], [-119.4135, 22.6283], [-119.379, 22.6266], [-119.3445, 22.6243], [-119.31, 22.6215], [-119.2756, 22.6181], [-119.2413, 22.6142], [-119.207, 22.6097], [-119.1729, 22.6046], [-119.1388, 22.599], [-119.1049, 22.5929], [-119.0711, 22.5861], [-119.0374, 22.5789], [-119.0039, 22.571], [-118.9705, 22.5627], [-118.9373, 22.5538], [-118.9043, 22.5443], [-118.8714, 22.5343], [-118.8388, 22.5238], [-118.8063, 22.5128], [-118.7741, 22.5012], [-118.7421, 22.4891], [-118.7104, 22.4764], [-118.6789, 22.4633], [-118.6477, 22.4497], [-118.6167, 22.4355], [-118.586, 22.4208], [-118.5556, 22.4057], [-118.5255, 22.39], [-118.4957, 22.3739], [-118.4662, 22.3572], [-118.437, 22.3401], [-118.4082, 22.3226], [-118.3797, 22.3045], [-118.3516, 22.286], [-118.3238, 22.2671], [-118.2964, 22.2476], [-118.2694, 22.2278], [-118.2428, 22.2075], [-118.2166, 22.1868], [-118.1907, 22.1656], [-118.1653, 22.144], [-118.1403, 22.1221], [-118.1157, 22.0997], [-118.0915, 22.0769], [-118.0678, 22.0537], [-118.0446, 22.0302], [-118.0218, 22.0062], [-117.9994, 21.9819], [-117.9775, 21.9573], [-117.9561, 21.9323], [-117.9352, 21.9069], [-117.9148, 21.8812], [-117.8948, 21.8552], [-117.8754, 21.8288], [-117.8564, 21.8022], [-117.838, 21.7752], [-117.8201, 21.748], [-117.8027, 21.7204], [-117.7859, 21.6926], [-117.7695, 21.6645], [-117.7537, 21.6361], [-117.7385, 21.6075], [-117.7237, 21.5787], [-117.7096, 21.5496], [-117.696, 21.5203], [-117.6829, 21.4907], [-117.6704, 21.461], [-117.6585, 21.431], [-117.6472, 21.4009], [-117.6364, 21.3706], [-117.6262, 21.3401], [-117.6165, 21.3094], [-117.6075, 21.2786], [-117.599, 21.2477], [-117.5911, 21.2166], [-117.5838, 21.1854], [-117.5771, 21.1541], [-117.5709, 21.1227], [-117.5654, 21.0912], [-117.5605, 21.0596], [-117.5561, 21.0279], [-117.5524, 20.9962], [-117.5492, 20.9644], [-117.5466, 20.9325], [-117.5447, 20.9006], [-117.5433, 20.8687], [-117.5425, 20.8368], [-117.5423, 20.8049], [-117.8985, 20.7795], [-117.8993, 20.7534], [-117.9006, 20.7273], [-117.9023, 20.7012], [-117.9045, 20.6752], [-117.9072, 20.6491], [-117.9104, 20.6232], [-117.9141, 20.5973], [-117.9183, 20.5714], [-117.9229, 20.5457], [-117.928, 20.52], [-117.9336, 20.4944], [-117.9397, 20.4689], [-117.9462, 20.4435], [-117.9532, 20.4182], [-117.9607, 20.393], [-117.9686, 20.368], [-117.977, 20.3431], [-117.9858, 20.3183], [-117.9952, 20.2937], [-118.0049, 20.2692], [-118.0151, 20.2449], [-118.0258, 20.2207], [-118.0369, 20.1968], [-118.0485, 20.173], [-118.0604, 20.1494], [-118.0729, 20.126], [-118.0857, 20.1029], [-118.099, 20.0799], [-118.1127, 20.0571], [-118.1268, 20.0346], [-118.1413, 20.0123], [-118.1562, 19.9903], [-118.1716, 19.9685], [-118.1873, 19.947], [-118.2034, 19.9257], [-118.2199, 19.9046], [-118.2368, 19.8839], [-118.2541, 19.8634], [-118.2717, 19.8433], [-118.2898, 19.8234], [-118.3081, 19.8038], [-118.3269, 19.7845], [-118.3459, 19.7655], [-118.3654, 19.7468], [-118.3851, 19.7285], [-118.4052, 19.7104], [-118.4256, 19.6927], [-118.4464, 19.6754], [-118.4674, 19.6584], [-118.4888, 19.6417], [-118.5105, 19.6254], [-118.5324, 19.6094], [-118.5547, 19.5938], [-118.5772, 19.5786], [-118.6, 19.5637], [-118.6231, 19.5492], [-118.6464, 19.5351], [-118.67, 19.5214], [-118.6938, 19.508], [-118.7179, 19.495], [-118.7422, 19.4825], [-118.7667, 19.4703], [-118.7915, 19.4586], [-118.8165, 19.4472], [-118.8416, 19.4363], [-118.867, 19.4257], [-118.8925, 19.4156], [-118.9182, 19.4059], [-118.9441, 19.3966], [-118.9702, 19.3878], [-118.9964, 19.3793], [-119.0228, 19.3713], [-119.0493, 19.3638], [-119.0759, 19.3566], [-119.1027, 19.3499], [-119.1296, 19.3437], [-119.1566, 19.3378], [-119.1837, 19.3325], [-119.2109, 19.3275], [-119.2382, 19.323], [-119.2655, 19.319], [-119.2929, 19.3154], [-119.3204, 19.3122], [-119.348, 19.3095], [-119.3755, 19.3072], [-119.4032, 19.3054], [-119.4308, 19.3041], [-119.4585, 19.3032], [-119.4862, 19.3027], [-119.5138, 19.3027], [-119.5415, 19.3032], [-119.5692, 19.3041], [-119.5968, 19.3054], [-119.6245, 19.3072], [-119.652, 19.3095], [-119.6796, 19.3122], [-119.7071, 19.3154], [-119.7345, 19.319], [-119.7618, 19.323], [-119.7891, 19.3275], [-119.8163, 19.3324], [-119.8434, 19.3378], [-119.8704, 19.3437], [-119.8973, 19.3499], [-119.9241, 19.3566], [-119.9507, 19.3638], [-119.9772, 19.3713], [-120.0036, 19.3793], [-120.0298, 19.3878], [-120.0559, 19.3966], [-120.0818, 19.4059], [-120.1075, 19.4156], [-120.133, 19.4257], [-120.1584, 19.4363], [-120.1836, 19.4472], [-120.2085, 19.4586], [-120.2333, 19.4703], [-120.2578, 19.4825], [-120.2821, 19.495], [-120.3062, 19.508], [-120.33, 19.5213], [-120.3536, 19.5351], [-120.3769, 19.5492], [-120.4, 19.5637], [-120.4228, 19.5786], [-120.4453, 19.5938], [-120.4676, 19.6094], [-120.4895, 19.6254], [-120.5112, 19.6417], [-120.5326, 19.6584], [-120.5536, 19.6754], [-120.5744, 19.6927], [-120.5948, 19.7104], [-120.6149, 19.7285], [-120.6346, 19.7468], [-120.6541, 19.7655], [-120.6731, 19.7845], [-120.6919, 19.8038], [-120.7103, 19.8234], [-120.7283, 19.8432], [-120.7459, 19.8634], [-120.7632, 19.8839], [-120.7801, 19.9046], [-120.7966, 19.9257], [-120.8127, 19.9469], [-120.8284, 19.9685], [-120.8438, 19.9903], [-120.8587, 20.0123], [-120.8732, 20.0346], [-120.8873, 20.0571], [-120.901, 20.0799], [-120.9143, 20.1029], [-120.9271, 20.126], [-120.9396, 20.1494], [-120.9515, 20.173], [-120.9631, 20.1968], [-120.9742, 20.2207], [-120.9849, 20.2449], [-120.9951, 20.2692], [-121.0049, 20.2936], [-121.0142, 20.3183], [-121.023, 20.343], [-121.0314, 20.368], [-121.0394, 20.393], [-121.0468, 20.4182], [-121.0538, 20.4435], [-121.0604, 20.4689], [-121.0664, 20.4944], [-121.072, 20.52], [-121.0771, 20.5457], [-121.0818, 20.5714], [-121.0859, 20.5973], [-121.0896, 20.6232], [-121.0928, 20.6491], [-121.0955, 20.6751], [-121.0977, 20.7012], [-121.0994, 20.7273], [-121.1007, 20.7534], [-121.1015, 20.7795], [-121.2797, 20.8053], [-121.2795, 20.8344], [-121.2788, 20.8634], [-121.2775, 20.8924], [-121.2757, 20.9214], [-121.2733, 20.9503], [-121.2704, 20.9792], [-121.2669, 21.0081], [-121.2629, 21.0369], [-121.2584, 21.0656], [-121.2534, 21.0942], [-121.2478, 21.1228], [-121.2416, 21.1513], [-121.2349, 21.1796], [-121.2277, 21.2079], [-121.22, 21.236], [-121.2117, 21.264], [-121.203, 21.2918], [-121.1936, 21.3195], [-121.1838, 21.3471], [-121.1734, 21.3745], [-121.1626, 21.4017], [-121.1512, 21.4287], [-121.1393, 21.4556], [-121.1269, 21.4822], [-121.114, 21.5086], [-121.1006, 21.5349], [-121.0867, 21.5609], [-121.0723, 21.5866], [-121.0575, 21.6122], [-121.0421, 21.6374], [-121.0263, 21.6625], [-121.01, 21.6872], [-120.9932, 21.7117], [-120.976, 21.736], [-120.9583, 21.7599], [-120.9402, 21.7835], [-120.9216, 21.8069], [-120.9026, 21.8299], [-120.8831, 21.8526], [-120.8632, 21.875], [-120.8429, 21.8971], [-120.8221, 21.9189], [-120.801, 21.9403], [-120.7794, 21.9613], [-120.7574, 21.982], [-120.7351, 22.0023], [-120.7124, 22.0223], [-120.6893, 22.0419], [-120.6658, 22.0611], [-120.6419, 22.0799], [-120.6177, 22.0984], [-120.5932, 22.1164], [-120.5683, 22.134], [-120.543, 22.1512], [-120.5175, 22.1681], [-120.4916, 22.1844], [-120.4654, 22.2004], [-120.4389, 22.2159], [-120.4121, 22.231], [-120.385, 22.2457], [-120.3577, 22.2599], [-120.3301, 22.2737], [-120.3022, 22.287], [-120.2741, 22.2999], [-120.2457, 22.3123], [-120.2171, 22.3242], [-120.1882, 22.3357], [-120.1592, 22.3466], [-120.1299, 22.3572], [-120.1005, 22.3672], [-120.0708, 22.3768], [-120.041, 22.3858], [-120.011, 22.3944], [-119.9809, 22.4025], [-119.9505, 22.4101], [-119.9201, 22.4172], [-119.8895, 22.4238], [-119.8588, 22.4299], [-119.828, 22.4355], [-119.7971, 22.4406], [-119.766, 22.4452], [-119.7349, 22.4493], [-119.7038, 22.4529], [-119.6725, 22.4559], [-119.6412, 22.4585], [-119.6099, 22.4606], [-119.5785, 22.4621], [-119.5471, 22.4631], [-119.5157, 22.4636], [-119.4827, 22.63]]]}, "properties": {"layer": "storm_track", "kind": "wind_radii_forecast", "storm_id": "ep182026", "storm_name": "Rachel", "wind_kt": 34, "label": "+120h", "valid_text": "5:00 AM MST October 07, 2026"}}, {"type": "Feature", "geometry": {"type": "Polygon", "coordinates": [[[-119.4906, 21.7982], [-119.4719, 21.7979], [-119.4531, 21.7973], [-119.4344, 21.7963], [-119.4157, 21.7951], [-119.397, 21.7936], [-119.3783, 21.7918], [-119.3597, 21.7896], [-119.3411, 21.7872], [-119.3226, 21.7844], [-119.3041, 21.7814], [-119.2857, 21.778], [-119.2674, 21.7744], [-119.2491, 21.7705], [-119.2309, 21.7662], [-119.2128, 21.7617], [-119.1948, 21.7568], [-119.1768, 21.7517], [-119.159, 21.7463], [-119.1413, 21.7406], [-119.1237, 21.7346], [-119.1062, 21.7283], [-119.0888, 21.7217], [-119.0716, 21.7149], [-119.0545, 21.7078], [-119.0375, 21.7003], [-119.0207, 21.6927], [-119.004, 21.6847], [-118.9875, 21.6765], [-118.9711, 21.668], [-118.9549, 21.6592], [-118.9389, 21.6502], [-118.923, 21.6409], [-118.9073, 21.6314], [-118.8918, 21.6216], [-118.8765, 21.6115], [-118.8614, 21.6012], [-118.8465, 21.5907], [-118.8318, 21.5799], [-118.8173, 21.5689], [-118.803, 21.5576], [-118.7889, 21.5461], [-118.775, 21.5344], [-118.7614, 21.5225], [-118.748, 21.5103], [-118.7348, 21.498], [-118.7219, 21.4854], [-118.7092, 21.4726], [-118.6967, 21.4596], [-118.6845, 21.4464], [-118.6726, 21.4329], [-118.6609, 21.4194], [-118.6494, 21.4056], [-118.6382, 21.3916], [-118.6273, 21.3774], [-118.6167, 21.3631], [-118.6063, 21.3486], [-118.5962, 21.334], [-118.5864, 21.3191], [-118.5768, 21.3042], [-118.5676, 21.289], [-118.5586, 21.2737], [-118.5499, 21.2583], [-118.5416, 21.2427], [-118.5335, 21.227], [-118.5257, 21.2112], [-118.5182, 21.1952], [-118.511, 21.1792], [-118.5041, 21.163], [-118.4975, 21.1467], [-118.4912, 21.1303], [-118.4852, 21.1137], [-118.4796, 21.0971], [-118.4743, 21.0805], [-118.4692, 21.0637], [-118.4645, 21.0468], [-118.4601, 21.0299], [-118.456, 21.0129], [-118.4523, 20.9958], [-118.4488, 20.9787], [-118.4457, 20.9615], [-118.4429, 20.9443], [-118.4404, 20.927], [-118.4383, 20.9097], [-118.4364, 20.8924], [-118.4349, 20.875], [-118.4338, 20.8576], [-118.4329, 20.8402], [-118.4324, 20.8228], [-118.4322, 20.8054], [-118.6103, 20.7904], [-118.6106, 20.7759], [-118.6112, 20.7614], [-118.6121, 20.7469], [-118.6133, 20.7325], [-118.6147, 20.718], [-118.6165, 20.7036], [-118.6184, 20.6892], [-118.6207, 20.6748], [-118.6232, 20.6605], [-118.6259, 20.6462], [-118.629, 20.632], [-118.6323, 20.6178], [-118.6359, 20.6037], [-118.6397, 20.5896], [-118.6438, 20.5756], [-118.6481, 20.5616], [-118.6528, 20.5478], [-118.6576, 20.534], [-118.6628, 20.5203], [-118.6681, 20.5067], [-118.6738, 20.4932], [-118.6796, 20.4797], [-118.6858, 20.4664], [-118.6921, 20.4532], [-118.6987, 20.44], [-118.7056, 20.427], [-118.7127, 20.4141], [-118.72, 20.4013], [-118.7276, 20.3887], [-118.7354, 20.3761], [-118.7435, 20.3637], [-118.7517, 20.3514], [-118.7602, 20.3393], [-118.7689, 20.3273], [-118.7779, 20.3154], [-118.787, 20.3037], [-118.7964, 20.2922], [-118.806, 20.2808], [-118.8158, 20.2695], [-118.8258, 20.2584], [-118.836, 20.2475], [-118.8464, 20.2368], [-118.857, 20.2262], [-118.8678, 20.2158], [-118.8787, 20.2056], [-118.8899, 20.1955], [-118.9013, 20.1857], [-118.9128, 20.176], [-118.9245, 20.1665], [-118.9364, 20.1572], [-118.9484, 20.1481], [-118.9606, 20.1392], [-118.973, 20.1305], [-118.9856, 20.122], [-118.9982, 20.1137], [-119.0111, 20.1056], [-119.0241, 20.0978], [-119.0372, 20.0901], [-119.0505, 20.0827], [-119.0639, 20.0755], [-119.0774, 20.0684], [-119.0911, 20.0617], [-119.1049, 20.0551], [-119.1188, 20.0488], [-119.1328, 20.0427], [-119.147, 20.0368], [-119.1612, 20.0311], [-119.1755, 20.0257], [-119.19, 20.0206], [-119.2045, 20.0156], [-119.2191, 20.0109], [-119.2338, 20.0065], [-119.2486, 20.0022], [-119.2635, 19.9982], [-119.2784, 19.9945], [-119.2934, 19.991], [-119.3084, 19.9878], [-119.3235, 19.9848], [-119.3387, 19.982], [-119.3539, 19.9795], [-119.3692, 19.9772], [-119.3845, 19.9752], [-119.3998, 19.9735], [-119.4152, 19.972], [-119.4306, 19.9707], [-119.446, 19.9697], [-119.4614, 19.9689], [-119.4768, 19.9684], [-119.4923, 19.9682], [-119.5062, 20.1345], [-119.5186, 20.1348], [-119.5309, 20.1352], [-119.5433, 20.1358], [-119.5556, 20.1366], [-119.5679, 20.1376], [-119.5802, 20.1388], [-119.5925, 20.1402], [-119.6048, 20.1418], [-119.617, 20.1436], [-119.6292, 20.1456], [-119.6413, 20.1478], [-119.6534, 20.1502], [-119.6655, 20.1528], [-119.6775, 20.1556], [-119.6895, 20.1586], [-119.7013, 20.1618], [-119.7132, 20.1652], [-119.725, 20.1688], [-119.7367, 20.1725], [-119.7483, 20.1765], [-119.7599, 20.1806], [-119.7713, 20.185], [-119.7827, 20.1895], [-119.794, 20.1942], [-119.8053, 20.1991], [-119.8164, 20.2042], [-119.8274, 20.2094], [-119.8384, 20.2148], [-119.8492, 20.2204], [-119.8599, 20.2262], [-119.8706, 20.2322], [-119.8811, 20.2383], [-119.8915, 20.2446], [-119.9018, 20.2511], [-119.9119, 20.2577], [-119.922, 20.2645], [-119.9319, 20.2715], [-119.9416, 20.2786], [-119.9513, 20.2859], [-119.9608, 20.2934], [-119.9702, 20.3009], [-119.9794, 20.3087], [-119.9885, 20.3166], [-119.9974, 20.3246], [-120.0062, 20.3328], [-120.0148, 20.3411], [-120.0233, 20.3496], [-120.0316, 20.3582], [-120.0398, 20.367], [-120.0478, 20.3758], [-120.0556, 20.3848], [-120.0633, 20.394], [-120.0708, 20.4032], [-120.0781, 20.4126], [-120.0852, 20.4221], [-120.0922, 20.4317], [-120.099, 20.4414], [-120.1056, 20.4512], [-120.112, 20.4612], [-120.1182, 20.4712], [-120.1243, 20.4813], [-120.1302, 20.4916], [-120.1358, 20.5019], [-120.1413, 20.5123], [-120.1466, 20.5228], [-120.1517, 20.5334], [-120.1566, 20.5441], [-120.1613, 20.5548], [-120.1658, 20.5657], [-120.1701, 20.5766], [-120.1741, 20.5875], [-120.178, 20.5986], [-120.1817, 20.6096], [-120.1852, 20.6208], [-120.1884, 20.632], [-120.1915, 20.6433], [-120.1943, 20.6546], [-120.197, 20.6659], [-120.1994, 20.6773], [-120.2016, 20.6887], [-120.2036, 20.7002], [-120.2054, 20.7117], [-120.2069, 20.7232], [-120.2083, 20.7348], [-120.2094, 20.7463], [-120.2104, 20.7579], [-120.2111, 20.7695], [-120.2115, 20.7811], [-120.2118, 20.7927], [-120.3898, 20.805], [-120.3897, 20.8195], [-120.3892, 20.834], [-120.3885, 20.8485], [-120.3875, 20.863], [-120.3862, 20.8774], [-120.3847, 20.8919], [-120.3829, 20.9063], [-120.3808, 20.9207], [-120.3784, 20.9351], [-120.3758, 20.9494], [-120.3729, 20.9636], [-120.3698, 20.9778], [-120.3664, 20.992], [-120.3627, 21.0061], [-120.3587, 21.0202], [-120.3545, 21.0341], [-120.3501, 21.048], [-120.3453, 21.0619], [-120.3404, 21.0756], [-120.3351, 21.0893], [-120.3296, 21.1029], [-120.3239, 21.1164], [-120.3178, 21.1298], [-120.3116, 21.143], [-120.3051, 21.1562], [-120.2983, 21.1693], [-120.2913, 21.1823], [-120.2841, 21.1951], [-120.2766, 21.2079], [-120.2689, 21.2205], [-120.2609, 21.233], [-120.2527, 21.2453], [-120.2443, 21.2575], [-120.2357, 21.2696], [-120.2268, 21.2815], [-120.2177, 21.2933], [-120.2084, 21.3049], [-120.1988, 21.3164], [-120.1891, 21.3277], [-120.1791, 21.3389], [-120.1689, 21.3499], [-120.1585, 21.3607], [-120.148, 21.3714], [-120.1372, 21.3819], [-120.1262, 21.3922], [-120.115, 21.4023], [-120.1036, 21.4122], [-120.0921, 21.422], [-120.0804, 21.4316], [-120.0685, 21.4409], [-120.0564, 21.4501], [-120.0441, 21.4591], [-120.0317, 21.4679], [-120.0191, 21.4764], [-120.0063, 21.4848], [-119.9934, 21.493], [-119.9804, 21.5009], [-119.9672, 21.5086], [-119.9538, 21.5161], [-119.9403, 21.5234], [-119.9267, 21.5305], [-119.9129, 21.5374], [-119.899, 21.544], [-119.885, 21.5504], [-119.8709, 21.5565], [-119.8567, 21.5625], [-119.8423, 21.5682], [-119.8278, 21.5736], [-119.8133, 21.5789], [-119.7986, 21.5839], [-119.7839, 21.5886], [-119.769, 21.5931], [-119.7541, 21.5974], [-119.7391, 21.6014], [-119.724, 21.6052], [-119.7089, 21.6087], [-119.6937, 21.612], [-119.6784, 21.6151], [-119.6631, 21.6178], [-119.6477, 21.6204], [-119.6323, 21.6227], [-119.6168, 21.6247], [-119.6013, 21.6265], [-119.5858, 21.628], [-119.5702, 21.6293], [-119.5546, 21.6303], [-119.539, 21.631], [-119.5234, 21.6316], [-119.5078, 21.6318], [-119.4906, 21.7982]]]}, "properties": {"layer": "storm_track", "kind": "wind_radii_forecast", "storm_id": "ep182026", "storm_name": "Rachel", "wind_kt": 50, "label": "+120h", "valid_text": "5:00 AM MST October 07, 2026"}}, {"type": "Feature", "geometry": {"type": "Polygon", "coordinates": [[[-122.7842, 23.3636], [-122.7526, 23.3631], [-122.721, 23.3621], [-122.6894, 23.3606], [-122.6579, 23.3585], [-122.6264, 23.3559], [-122.5949, 23.3529], [-122.5635, 23.3493], [-122.5322, 23.3452], [-122.501, 23.3406], [-122.4699, 23.3355], [-122.4389, 23.3299], [-122.4079, 23.3238], [-122.3771, 23.3172], [-122.3465, 23.3101], [-122.316, 23.3025], [-122.2856, 23.2944], [-122.2554, 23.2858], [-122.2254, 23.2767], [-122.1956, 23.2672], [-122.1659, 23.2571], [-122.1365, 23.2466], [-122.1072, 23.2356], [-122.0782, 23.2241], [-122.0494, 23.2122], [-122.0209, 23.1998], [-121.9925, 23.1869], [-121.9645, 23.1736], [-121.9367, 23.1598], [-121.9092, 23.1456], [-121.8819, 23.1309], [-121.855, 23.1158], [-121.8283, 23.1003], [-121.8019, 23.0843], [-121.7759, 23.0679], [-121.7502, 23.0511], [-121.7248, 23.0339], [-121.6997, 23.0162], [-121.675, 22.9982], [-121.6506, 22.9797], [-121.6266, 22.9609], [-121.603, 22.9417], [-121.5798, 22.9221], [-121.5569, 22.9021], [-121.5344, 22.8818], [-121.5123, 22.8611], [-121.4906, 22.84], [-121.4693, 22.8186], [-121.4485, 22.7969], [-121.428, 22.7748], [-121.408, 22.7524], [-121.3884, 22.7297], [-121.3693, 22.7066], [-121.3506, 22.6833], [-121.3323, 22.6596], [-121.3145, 22.6357], [-121.2972, 22.6114], [-121.2803, 22.5869], [-121.2639, 22.5622], [-121.248, 22.5371], [-121.2326, 22.5118], [-121.2177, 22.4863], [-121.2032, 22.4605], [-121.1892, 22.4345], [-121.1758, 22.4083], [-121.1628, 22.3818], [-121.1503, 22.3552], [-121.1384, 22.3284], [-121.1269, 22.3013], [-121.116, 22.2741], [-121.1056, 22.2467], [-121.0957, 22.2192], [-121.0864, 22.1914], [-121.0776, 22.1636], [-121.0692, 22.1356], [-121.0615, 22.1075], [-121.0542, 22.0792], [-121.0476, 22.0509], [-121.0414, 22.0224], [-121.0358, 21.9938], [-121.0307, 21.9652], [-121.0261, 21.9365], [-121.0221, 21.9077], [-121.0187, 21.8788], [-121.0158, 21.8499], [-121.0134, 21.821], [-121.0116, 21.792], [-121.0103, 21.763], [-121.0096, 21.7339], [-121.0094, 21.7049], [-121.3678, 21.6822], [-121.3684, 21.659], [-121.3695, 21.6358], [-121.3711, 21.6126], [-121.373, 21.5895], [-121.3754, 21.5664], [-121.3783, 21.5433], [-121.3815, 21.5203], [-121.3853, 21.4973], [-121.3894, 21.4744], [-121.3939, 21.4515], [-121.3989, 21.4288], [-121.4043, 21.4061], [-121.4102, 21.3835], [-121.4164, 21.361], [-121.4231, 21.3387], [-121.4302, 21.3164], [-121.4377, 21.2942], [-121.4456, 21.2722], [-121.4539, 21.2503], [-121.4626, 21.2286], [-121.4717, 21.2069], [-121.4813, 21.1855], [-121.4912, 21.1642], [-121.5015, 21.143], [-121.5122, 21.1221], [-121.5233, 21.1013], [-121.5348, 21.0807], [-121.5466, 21.0602], [-121.5589, 21.04], [-121.5715, 21.02], [-121.5845, 21.0002], [-121.5978, 20.9806], [-121.6115, 20.9612], [-121.6256, 20.942], [-121.64, 20.9231], [-121.6548, 20.9044], [-121.6699, 20.886], [-121.6853, 20.8678], [-121.7011, 20.8498], [-121.7172, 20.8321], [-121.7336, 20.8147], [-121.7504, 20.7975], [-121.7674, 20.7807], [-121.7848, 20.7641], [-121.8025, 20.7477], [-121.8205, 20.7317], [-121.8387, 20.716], [-121.8573, 20.7005], [-121.8761, 20.6854], [-121.8952, 20.6706], [-121.9146, 20.6561], [-121.9343, 20.6419], [-121.9541, 20.628], [-121.9743, 20.6144], [-121.9947, 20.6012], [-122.0153, 20.5883], [-122.0362, 20.5758], [-122.0573, 20.5635], [-122.0786, 20.5517], [-122.1002, 20.5401], [-122.1219, 20.529], [-122.1439, 20.5182], [-122.166, 20.5077], [-122.1883, 20.4976], [-122.2108, 20.4879], [-122.2335, 20.4785], [-122.2564, 20.4695], [-122.2794, 20.4609], [-122.3026, 20.4526], [-122.3259, 20.4447], [-122.3494, 20.4372], [-122.3729, 20.4301], [-122.3967, 20.4234], [-122.4205, 20.417], [-122.4445, 20.4111], [-122.4685, 20.4055], [-122.4927, 20.4003], [-122.5169, 20.3955], [-122.5413, 20.3911], [-122.5657, 20.3871], [-122.5902, 20.3835], [-122.6147, 20.3803], [-122.6393, 20.3775], [-122.6639, 20.3751], [-122.6886, 20.3731], [-122.7133, 20.3715], [-122.7381, 20.3703], [-122.7628, 20.3695], [-122.7876, 20.3691], [-122.8109, 20.5355], [-122.8326, 20.5358], [-122.8543, 20.5365], [-122.8759, 20.5376], [-122.8976, 20.539], [-122.9192, 20.5407], [-122.9408, 20.5428], [-122.9623, 20.5453], [-122.9838, 20.5481], [-123.0053, 20.5513], [-123.0267, 20.5548], [-123.048, 20.5586], [-123.0692, 20.5628], [-123.0904, 20.5673], [-123.1114, 20.5722], [-123.1324, 20.5774], [-123.1533, 20.583], [-123.1741, 20.5889], [-123.1947, 20.5951], [-123.2153, 20.6017], [-123.2357, 20.6086], [-123.256, 20.6158], [-123.2762, 20.6234], [-123.2962, 20.6313], [-123.316, 20.6395], [-123.3358, 20.648], [-123.3553, 20.6569], [-123.3747, 20.666], [-123.3939, 20.6755], [-123.413, 20.6853], [-123.4318, 20.6954], [-123.4505, 20.7058], [-123.469, 20.7165], [-123.4872, 20.7275], [-123.5053, 20.7388], [-123.5232, 20.7503], [-123.5408, 20.7622], [-123.5582, 20.7744], [-123.5754, 20.7868], [-123.5924, 20.7995], [-123.6091, 20.8125], [-123.6256, 20.8257], [-123.6418, 20.8393], [-123.6578, 20.853], [-123.6736, 20.8671], [-123.689, 20.8814], [-123.7042, 20.8959], [-123.7192, 20.9107], [-123.7338, 20.9257], [-123.7482, 20.941], [-123.7623, 20.9565], [-123.7761, 20.9722], [-123.7896, 20.9881], [-123.8028, 21.0043], [-123.8157, 21.0206], [-123.8283, 21.0372], [-123.8406, 21.054], [-123.8526, 21.071], [-123.8642, 21.0881], [-123.8756, 21.1055], [-123.8866, 21.123], [-123.8973, 21.1407], [-123.9077, 21.1586], [-123.9177, 21.1766], [-123.9274, 21.1948], [-123.9368, 21.2132], [-123.9458, 21.2317], [-123.9544, 21.2503], [-123.9628, 21.2691], [-123.9707, 21.2881], [-123.9783, 21.3071], [-123.9856, 21.3263], [-123.9925, 21.3455], [-123.999, 21.3649], [-124.0052, 21.3844], [-124.011, 21.404], [-124.0165, 21.4237], [-124.0216, 21.4435], [-124.0263, 21.4633], [-124.0306, 21.4832], [-124.0346, 21.5032], [-124.0382, 21.5233], [-124.0414, 21.5434], [-124.0442, 21.5635], [-124.0467, 21.5837], [-124.0487, 21.604], [-124.0504, 21.6242], [-124.0518, 21.6445], [-124.0527, 21.6648], [-124.0533, 21.6851], [-124.4116, 21.7053], [-124.4114, 21.7314], [-124.4107, 21.7575], [-124.4095, 21.7836], [-124.4078, 21.8097], [-124.4057, 21.8358], [-124.403, 21.8618], [-124.3999, 21.8878], [-124.3962, 21.9137], [-124.3921, 21.9395], [-124.3875, 21.9653], [-124.3824, 21.991], [-124.3768, 22.0166], [-124.3708, 22.0421], [-124.3642, 22.0675], [-124.3572, 22.0928], [-124.3497, 22.118], [-124.3418, 22.1431], [-124.3333, 22.168], [-124.3244, 22.1928], [-124.315, 22.2175], [-124.3051, 22.2419], [-124.2948, 22.2663], [-124.284, 22.2904], [-124.2728, 22.3144], [-124.2611, 22.3382], [-124.249, 22.3618], [-124.2364, 22.3852], [-124.2233, 22.4083], [-124.2099, 22.4313], [-124.196, 22.4541], [-124.1816, 22.4766], [-124.1669, 22.4989], [-124.1517, 22.5209], [-124.1361, 22.5427], [-124.12, 22.5642], [-124.1036, 22.5855], [-124.0868, 22.6065], [-124.0695, 22.6272], [-124.0519, 22.6477], [-124.0339, 22.6678], [-124.0155, 22.6877], [-123.9967, 22.7072], [-123.9775, 22.7265], [-123.958, 22.7454], [-123.9381, 22.764], [-123.9179, 22.7823], [-123.8973, 22.8003], [-123.8764, 22.8179], [-123.8551, 22.8352], [-123.8335, 22.8521], [-123.8116, 22.8687], [-123.7893, 22.8849], [-123.7668, 22.9008], [-123.744, 22.9163], [-123.7208, 22.9314], [-123.6974, 22.9462], [-123.6737, 22.9605], [-123.6497, 22.9745], [-123.6255, 22.9881], [-123.601, 23.0013], [-123.5762, 23.014], [-123.5512, 23.0264], [-123.526, 23.0384], [-123.5005, 23.05], [-123.4748, 23.0611], [-123.4489, 23.0719], [-123.4228, 23.0822], [-123.3965, 23.0921], [-123.37, 23.1015], [-123.3434, 23.1105], [-123.3166, 23.1191], [-123.2896, 23.1273], [-123.2624, 23.135], [-123.2351, 23.1423], [-123.2077, 23.1491], [-123.1802, 23.1555], [-123.1525, 23.1615], [-123.1247, 23.1669], [-123.0968, 23.172], [-123.0688, 23.1766], [-123.0408, 23.1807], [-123.0126, 23.1844], [-122.9844, 23.1876], [-122.9561, 23.1904], [-122.9278, 23.1927], [-122.8995, 23.1945], [-122.8711, 23.1959], [-122.8427, 23.1968], [-122.8142, 23.1973], [-122.7842, 23.3636]]]}, "properties": {"layer": "storm_track", "kind": "wind_radii_forecast", "storm_id": "ep182026", "storm_name": "Rachel", "wind_kt": 34, "label": "+120h", "valid_text": "5:00 AM MST October 07, 2026"}}, {"type": "Feature", "geometry": {"type": "LineString", "coordinates": [[-105.4, 15.8], [-106.3, 16.6], [-106.9, 17.3], [-107.5, 17.8], [-107.8, 18.4], [-108.3, 19.0], [-108.8, 19.2], [-109.2, 19.4], [-109.4, 19.4], [-109.6, 19.4], [-110.2, 19.4], [-110.6, 19.3]]}, "properties": {"layer": "storm_track", "kind": "past", "storm_id": "ep182026", "storm_name": "Rachel"}}, {"type": "Feature", "geometry": {"type": "Point", "coordinates": [-105.4, 15.8]}, "properties": {"layer": "storm_track", "kind": "past_point", "storm_id": "ep182026", "storm_name": "Rachel", "time_iso": "2026-09-29T18:00:00Z", "hours_ago": 71.3, "wind_kt": 60, "category": "Tormenta tropical"}}, {"type": "Feature", "geometry": {"type": "Point", "coordinates": [-106.3, 16.6]}, "properties": {"layer": "storm_track", "kind": "past_point", "storm_id": "ep182026", "storm_name": "Rachel", "time_iso": "2026-09-30T00:00:00Z", "hours_ago": 65.3, "wind_kt": 60, "category": "Tormenta tropical"}}, {"type": "Feature", "geometry": {"type": "Point", "coordinates": [-106.9, 17.3]}, "properties": {"layer": "storm_track", "kind": "past_point", "storm_id": "ep182026", "storm_name": "Rachel", "time_iso": "2026-09-30T06:00:00Z", "hours_ago": 59.3, "wind_kt": 70, "category": "Categoria 1 (huracan)"}}, {"type": "Feature", "geometry": {"type": "Point", "coordinates": [-107.5, 17.8]}, "properties": {"layer": "storm_track", "kind": "past_point", "storm_id": "ep182026", "storm_name": "Rachel", "time_iso": "2026-09-30T12:00:00Z", "hours_ago": 53.3, "wind_kt": 75, "category": "Categoria 1 (huracan)"}}, {"type": "Feature", "geometry": {"type": "Point", "coordinates": [-107.8, 18.4]}, "properties": {"layer": "storm_track", "kind": "past_point", "storm_id": "ep182026", "storm_name": "Rachel", "time_iso": "2026-09-30T18:00:00Z", "hours_ago": 47.3, "wind_kt": 75, "category": "Categoria 1 (huracan)"}}, {"type": "Feature", "geometry": {"type": "Point", "coordinates": [-108.3, 19.0]}, "properties": {"layer": "storm_track", "kind": "past_point", "storm_id": "ep182026", "storm_name": "Rachel", "time_iso": "2026-10-01T00:00:00Z", "hours_ago": 41.3, "wind_kt": 75, "category": "Categoria 1 (huracan)"}}, {"type": "Feature", "geometry": {"type": "Point", "coordinates": [-108.8, 19.2]}, "properties": {"layer": "storm_track", "kind": "past_point", "storm_id": "ep182026", "storm_name": "Rachel", "time_iso": "2026-10-01T06:00:00Z", "hours_ago": 35.3, "wind_kt": 80, "category": "Categoria 1 (huracan)"}}, {"type": "Feature", "geometry": {"type": "Point", "coordinates": [-109.2, 19.4]}, "properties": {"layer": "storm_track", "kind": "past_point", "storm_id": "ep182026", "storm_name": "Rachel", "time_iso": "2026-10-01T12:00:00Z", "hours_ago": 29.3, "wind_kt": 90, "category": "Categoria 2"}}, {"type": "Feature", "geometry": {"type": "Point", "coordinates": [-109.4, 19.4]}, "properties": {"layer": "storm_track", "kind": "past_point", "storm_id": "ep182026", "storm_name": "Rachel", "time_iso": "2026-10-01T18:00:00Z", "hours_ago": 23.3, "wind_kt": 100, "category": "Categoria 3"}}, {"type": "Feature", "geometry": {"type": "Point", "coordinates": [-109.6, 19.4]}, "properties": {"layer": "storm_track", "kind": "past_point", "storm_id": "ep182026", "storm_name": "Rachel", "time_iso": "2026-10-02T00:00:00Z", "hours_ago": 17.3, "wind_kt": 105, "category": "Categoria 3"}}, {"type": "Feature", "geometry": {"type": "Point", "coordinates": [-110.2, 19.4]}, "properties": {"layer": "storm_track", "kind": "past_point", "storm_id": "ep182026", "storm_name": "Rachel", "time_iso": "2026-10-02T06:00:00Z", "hours_ago": 11.3, "wind_kt": 105, "category": "Categoria 3"}}, {"type": "Feature", "geometry": {"type": "Point", "coordinates": [-110.6, 19.3]}, "properties": {"layer": "storm_track", "kind": "past_point", "storm_id": "ep182026", "storm_name": "Rachel", "time_iso": "2026-10-02T12:00:00Z", "hours_ago": 5.3, "wind_kt": 95, "category": "Categoria 2"}}, {"type": "Feature", "geometry": {"type": "LineString", "coordinates": [[-167.2, 23.2], [-168.4, 23.3], [-170.7, 23.3], [-174.0, 23.3], [-177.5, 23.7], [179.3, 24.5], [176.0, 25.2], [168.9, 25.8], [161.0, 26.8]]}, "properties": {"layer": "storm_track", "kind": "forecast", "storm_id": "ep152026", "storm_name": "Nolo"}}, {"type": "Feature", "geometry": {"type": "Point", "coordinates": [-167.2, 23.2]}, "properties": {"layer": "storm_track", "kind": "forecast_point", "storm_id": "ep152026", "storm_name": "Nolo", "label": "Ahora", "wind_kt": 60, "category": "Tormenta tropical", "valid_text": "5:00 AM HST October 02, 2026"}}, {"type": "Feature", "geometry": {"type": "Point", "coordinates": [-168.4, 23.3]}, "properties": {"layer": "storm_track", "kind": "forecast_point", "storm_id": "ep152026", "storm_name": "Nolo", "label": "+12h", "wind_kt": 70, "category": "Categoria 1 (huracan)", "valid_text": "2:00 PM HST October 02, 2026"}}, {"type": "Feature", "geometry": {"type": "Point", "coordinates": [-170.7, 23.3]}, "properties": {"layer": "storm_track", "kind": "forecast_point", "storm_id": "ep152026", "storm_name": "Nolo", "label": "+24h", "wind_kt": 80, "category": "Categoria 1 (huracan)", "valid_text": "2:00 AM HST October 03, 2026"}}, {"type": "Feature", "geometry": {"type": "Point", "coordinates": [-174.0, 23.3]}, "properties": {"layer": "storm_track", "kind": "forecast_point", "storm_id": "ep152026", "storm_name": "Nolo", "label": "+36h", "wind_kt": 90, "category": "Categoria 2", "valid_text": "2:00 PM HST October 03, 2026"}}, {"type": "Feature", "geometry": {"type": "Point", "coordinates": [-177.5, 23.7]}, "properties": {"layer": "storm_track", "kind": "forecast_point", "storm_id": "ep152026", "storm_name": "Nolo", "label": "+48h", "wind_kt": 100, "category": "Categoria 3", "valid_text": "2:00 AM HST October 04, 2026"}}, {"type": "Feature", "geometry": {"type": "Point", "coordinates": [-180.7, 24.5]}, "properties": {"layer": "storm_track", "kind": "forecast_point", "storm_id": "ep152026", "storm_name": "Nolo", "label": "+60h", "wind_kt": 105, "category": "Categoria 3", "valid_text": "2:00 PM HST October 04, 2026"}}, {"type": "Feature", "geometry": {"type": "Point", "coordinates": [-184.0, 25.2]}, "properties": {"layer": "storm_track", "kind": "forecast_point", "storm_id": "ep152026", "storm_name": "Nolo", "label": "+72h", "wind_kt": 110, "category": "Categoria 3", "valid_text": "2:00 AM HST October 05, 2026"}}, {"type": "Feature", "geometry": {"type": "Point", "coordinates": [-191.1, 25.8]}, "properties": {"layer": "storm_track", "kind": "forecast_point", "storm_id": "ep152026", "storm_name": "Nolo", "label": "+96h", "wind_kt": 105, "category": "Categoria 3", "valid_text": "2:00 AM HST October 06, 2026"}}, {"type": "Feature", "geometry": {"type": "Point", "coordinates": [-199.0, 26.8]}, "properties": {"layer": "storm_track", "kind": "forecast_point", "storm_id": "ep152026", "storm_name": "Nolo", "label": "+120h", "wind_kt": 80, "category": "Categoria 1 (huracan)", "valid_text": "2:00 AM HST October 07, 2026"}}, {"type": "Feature", "geometry": {"type": "Polygon", "coordinates": [[[-167.1846, 24.7797], [-167.1542, 24.7811], [-167.1237, 24.782], [-167.0932, 24.7823], [-167.0626, 24.7822], [-167.032, 24.7816], [-167.0014, 24.7805], [-166.9708, 24.7789], [-166.9402, 24.7768], [-166.9096, 24.7742], [-166.879, 24.7711], [-166.8485, 24.7676], [-166.818, 24.7635], [-166.7875, 24.7589], [-166.7571, 24.7538], [-166.7268, 24.7483], [-166.6966, 24.7422], [-166.6664, 24.7357], [-166.6364, 24.7286], [-166.6064, 24.7211], [-166.5766, 24.713], [-166.5469, 24.7045], [-166.5173, 24.6955], [-166.4879, 24.686], [-166.4587, 24.6761], [-166.4296, 24.6656], [-166.4007, 24.6547], [-166.372, 24.6432], [-166.3435, 24.6314], [-166.3152, 24.619], [-166.2871, 24.6062], [-166.2592, 24.5929], [-166.2316, 24.5791], [-166.2042, 24.5649], [-166.1771, 24.5503], [-166.1502, 24.5351], [-166.1236, 24.5196], [-166.0973, 24.5036], [-166.0713, 24.4871], [-166.0455, 24.4702], [-166.0201, 24.4529], [-165.9953, 24.4349], [-165.9715, 24.4159], [-165.9488, 24.3959], [-165.9271, 24.375], [-165.9064, 24.3532], [-165.8869, 24.3306], [-165.8685, 24.3071], [-165.8512, 24.2828], [-165.8352, 24.2578], [-165.82, 24.2322], [-165.8053, 24.2065], [-165.7913, 24.1807], [-165.7778, 24.1547], [-165.7648, 24.1285], [-165.7525, 24.1023], [-165.7407, 24.0759], [-165.7294, 24.0495], [-165.7188, 24.0229], [-165.7086, 23.9963], [-165.6991, 23.9695], [-165.6902, 23.9428], [-165.6818, 23.9159], [-165.6739, 23.889], [-165.6666, 23.8621], [-165.6599, 23.8352], [-165.6538, 23.8082], [-165.6482, 23.7813], [-165.6431, 23.7543], [-165.6386, 23.7274], [-165.6347, 23.7005], [-165.6313, 23.6736], [-165.6284, 23.6468], [-165.6262, 23.62], [-165.6244, 23.5932], [-165.6232, 23.5666], [-165.6225, 23.54], [-165.6223, 23.5135], [-165.6226, 23.4871], [-165.6235, 23.4608], [-165.6249, 23.4346], [-165.6268, 23.4086], [-165.6293, 23.3827], [-165.6322, 23.3569], [-165.6356, 23.3312], [-165.6395, 23.3057], [-165.6439, 23.2804], [-165.6488, 23.2553], [-165.6541, 23.2303], [-165.66, 23.2055], [-165.6663, 23.1809], [-165.673, 23.1565], [-165.6802, 23.1323], [-165.6879, 23.1084], [-165.696, 23.0846], [-165.7045, 23.0611], [-165.7135, 23.0378], [-165.7229, 23.0148], [-165.7327, 22.992], [-165.7429, 22.9695], [-165.7536, 22.9472], [-165.7646, 22.9252], [-165.776, 22.9035], [-165.7878, 22.882], [-165.7999, 22.8608], [-165.8124, 22.84], [-165.8253, 22.8194], [-165.8386, 22.7991], [-165.8521, 22.7792], [-165.8661, 22.7595], [-165.8803, 22.7402], [-165.8949, 22.7211], [-165.9098, 22.7024], [-165.925, 22.6841], [-165.9405, 22.666], [-165.9562, 22.6483], [-165.9723, 22.631], [-165.9886, 22.614], [-166.0052, 22.5973], [-166.0221, 22.581], [-166.0392, 22.5651], [-166.0565, 22.5495], [-166.0741, 22.5342], [-166.0919, 22.5194], [-166.1099, 22.5049], [-166.1281, 22.4908], [-166.1465, 22.477], [-166.1652, 22.4636], [-166.1839, 22.4506], [-166.2029, 22.438], [-166.222, 22.4257], [-166.2412, 22.4138], [-166.2604, 22.4021], [-166.2796, 22.3906], [-166.2988, 22.3793], [-166.318, 22.3683], [-166.3372, 22.3574], [-166.3563, 22.3468], [-166.3754, 22.3364], [-166.3945, 22.3262], [-166.4137, 22.3163], [-166.433, 22.3067], [-166.4524, 22.2975], [-166.4719, 22.2886], [-166.4916, 22.2801], [-166.5113, 22.2719], [-166.5311, 22.2641], [-166.551, 22.2566], [-166.571, 22.2495], [-166.591, 22.2428], [-166.6112, 22.2364], [-166.6313, 22.2303], [-166.6515, 22.2246], [-166.6718, 22.2193], [-166.6921, 22.2143], [-166.7124, 22.2097], [-166.7327, 22.2054], [-166.7531, 22.2015], [-166.7735, 22.1979], [-166.7938, 22.1947], [-166.8141, 22.1918], [-166.8345, 22.1892], [-166.8548, 22.1871], [-166.875, 22.1852], [-166.8953, 22.1837], [-166.9155, 22.1826], [-166.9356, 22.1817], [-166.9557, 22.1813], [-166.9757, 22.1811], [-166.9957, 22.1813], [-167.0156, 22.1818], [-167.0354, 22.1827], [-167.0551, 22.1839], [-167.0747, 22.1854], [-167.0942, 22.1872], [-167.1136, 22.1893], [-167.1329, 22.1918], [-167.1521, 22.1945], [-167.1712, 22.1976], [-167.1901, 22.201], [-167.2089, 22.2047], [-167.2276, 22.2087], [-167.2461, 22.2129], [-167.2645, 22.2175], [-167.2827, 22.2224], [-167.3007, 22.2275], [-167.3186, 22.233], [-167.3363, 22.2387], [-167.3538, 22.2447], [-167.3711, 22.2509], [-167.3883, 22.2574], [-167.4052, 22.2642], [-167.422, 22.2713], [-167.4385, 22.2786], [-167.4549, 22.2861], [-167.471, 22.2939], [-167.487, 22.3019], [-167.5027, 22.3102], [-167.5182, 22.3187], [-167.5334, 22.3274], [-167.5484, 22.3363], [-167.5632, 22.3455], [-167.5778, 22.3549], [-167.5921, 22.3644], [-167.6062, 22.3742], [-167.62, 22.3842], [-167.6336, 22.3944], [-167.6469, 22.4047], [-167.66, 22.4153], [-167.6728, 22.426], [-167.6853, 22.4369], [-167.6976, 22.4479], [-167.7096, 22.4592], [-167.7213, 22.4705], [-167.7328, 22.4821], [-167.744, 22.4937], [-167.7549, 22.5055], [-167.7655, 22.5175], [-167.7759, 22.5295], [-167.786, 22.5417], [-167.7957, 22.5541], [-167.8057, 22.5661], [-167.8164, 22.5773], [-167.8277, 22.5879], [-167.8398, 22.5977], [-167.8527, 22.6069], [-167.8664, 22.6155], [-167.881, 22.6235], [-167.8964, 22.6309], [-167.9126, 22.6378], [-167.9293, 22.6446], [-167.946, 22.6517], [-167.9626, 22.6592], [-167.9792, 22.6671], [-167.9957, 22.6754], [-168.0121, 22.684], [-168.0284, 22.693], [-168.0446, 22.7024], [-168.0608, 22.7121], [-168.0768, 22.7222], [-168.0927, 22.7326], [-168.1085, 22.7435], [-168.1241, 22.7547], [-168.1396, 22.7662], [-168.1549, 22.7781], [-168.1701, 22.7904], [-168.1851, 22.803], [-168.1999, 22.816], [-168.2145, 22.8294], [-168.2289, 22.8431], [-168.2431, 22.8571], [-168.2571, 22.8715], [-168.2708, 22.8862], [-168.2844, 22.9013], [-168.2977, 22.9167], [-168.3107, 22.9325], [-168.3234, 22.9485], [-168.3359, 22.9649], [-168.3481, 22.9817], [-168.36, 22.9987], [-168.3717, 23.0161], [-168.383, 23.0337], [-168.394, 23.0517], [-168.4047, 23.07], [-168.4151, 23.0886], [-168.4251, 23.1074], [-168.4347, 23.1266], [-168.444, 23.146], [-168.453, 23.1657], [-168.4616, 23.1857], [-168.4698, 23.2059], [-168.4776, 23.2264], [-168.4851, 23.2472], [-168.4921, 23.2682], [-168.4987, 23.2894], [-168.505, 23.3109], [-168.5108, 23.3326], [-168.5161, 23.3545], [-168.5211, 23.3766], [-168.5256, 23.3989], [-168.5296, 23.4214], [-168.5332, 23.4441], [-168.5363, 23.467], [-168.539, 23.49], [-168.5412, 23.5132], [-168.5429, 23.5366], [-168.5442, 23.5601], [-168.5449, 23.5838], [-168.5452, 23.6076], [-168.545, 23.6315], [-168.5442, 23.6555], [-168.543, 23.6797], [-168.5412, 23.7039], [-168.539, 23.7282], [-168.5362, 23.7526], [-168.5329, 23.7771], [-168.529, 23.8016], [-168.5246, 23.8262], [-168.5197, 23.8508], [-168.5143, 23.8755], [-168.5083, 23.9001], [-168.5017, 23.9248], [-168.4947, 23.9495], [-168.487, 23.9742], [-168.4789, 23.9988], [-168.4701, 24.0234], [-168.4609, 24.048], [-168.451, 24.0726], [-168.4406, 24.097], [-168.4296, 24.1215], [-168.4181, 24.1458], [-168.4058, 24.1698], [-168.3925, 24.1933], [-168.3781, 24.2162], [-168.3628, 24.2385], [-168.3465, 24.2602], [-168.3292, 24.2812], [-168.311, 24.3016], [-168.2919, 24.3213], [-168.2719, 24.3402], [-168.2513, 24.3586], [-168.2303, 24.3768], [-168.2088, 24.3946], [-168.1871, 24.412], [-168.1649, 24.4292], [-168.1425, 24.446], [-168.1196, 24.4625], [-168.0964, 24.4786], [-168.0729, 24.4943], [-168.049, 24.5097], [-168.0248, 24.5247], [-168.0003, 24.5394], [-167.9755, 24.5536], [-167.9503, 24.5675], [-167.9249, 24.581], [-167.8992, 24.5941], [-167.8732, 24.6068], [-167.8469, 24.6191], [-167.8203, 24.6309], [-167.7935, 24.6424], [-167.7664, 24.6534], [-167.7391, 24.664], [-167.7115, 24.6742], [-167.6837, 24.684], [-167.6557, 24.6933], [-167.6275, 24.7021], [-167.5991, 24.7106], [-167.5704, 24.7185], [-167.5416, 24.7261], [-167.5126, 24.7331], [-167.4835, 24.7397], [-167.4542, 24.7458], [-167.4247, 24.7515], [-167.3951, 24.7567], [-167.3653, 24.7614], [-167.3355, 24.7657], [-167.3055, 24.7695], [-167.2754, 24.7728], [-167.2452, 24.7756], [-167.2149, 24.7779], [-167.1846, 24.7797]]]}, "properties": {"layer": "storm_track", "kind": "wind_radii_current", "storm_id": "ep152026", "storm_name": "Nolo", "wind_kt": 34}}, {"type": "Feature", "geometry": {"type": "Polygon", "coordinates": [[[-167.1953, 23.6986], [-167.1857, 23.6984], [-167.1763, 23.6981], [-167.1668, 23.6977], [-167.1573, 23.6971], [-167.1478, 23.6963], [-167.1384, 23.6954], [-167.1289, 23.6943], [-167.1195, 23.6931], [-167.1101, 23.6917], [-167.1008, 23.6902], [-167.0915, 23.6886], [-167.0822, 23.6867], [-167.0729, 23.6848], [-167.0637, 23.6827], [-167.0545, 23.6804], [-167.0454, 23.678], [-167.0363, 23.6754], [-167.0273, 23.6727], [-167.0183, 23.6699], [-167.0094, 23.6669], [-167.0005, 23.6638], [-166.9917, 23.6605], [-166.983, 23.6571], [-166.9743, 23.6535], [-166.9657, 23.6499], [-166.9571, 23.646], [-166.9487, 23.6421], [-166.9403, 23.638], [-166.932, 23.6337], [-166.9238, 23.6294], [-166.9157, 23.6249], [-166.9076, 23.6202], [-166.8997, 23.6155], [-166.8918, 23.6106], [-166.884, 23.6056], [-166.8764, 23.6005], [-166.8688, 23.5952], [-166.8613, 23.5898], [-166.854, 23.5844], [-166.8467, 23.5787], [-166.8396, 23.5729], [-166.8328, 23.5669], [-166.8263, 23.5606], [-166.8201, 23.5541], [-166.8142, 23.5473], [-166.8085, 23.5403], [-166.8032, 23.5331], [-166.7982, 23.5257], [-166.7936, 23.5181], [-166.7892, 23.5103], [-166.7849, 23.5025], [-166.7808, 23.4947], [-166.7769, 23.4869], [-166.7732, 23.479], [-166.7696, 23.471], [-166.7662, 23.4631], [-166.763, 23.4551], [-166.7599, 23.4471], [-166.757, 23.439], [-166.7543, 23.431], [-166.7518, 23.4229], [-166.7494, 23.4149], [-166.7472, 23.4068], [-166.7452, 23.3987], [-166.7433, 23.3906], [-166.7416, 23.3825], [-166.7401, 23.3744], [-166.7387, 23.3664], [-166.7375, 23.3583], [-166.7365, 23.3502], [-166.7357, 23.3422], [-166.735, 23.3342], [-166.7344, 23.3262], [-166.7341, 23.3182], [-166.7338, 23.3103], [-166.7338, 23.3023], [-166.7339, 23.2945], [-166.7341, 23.2866], [-166.7346, 23.2788], [-166.7351, 23.271], [-166.7358, 23.2633], [-166.7367, 23.2556], [-166.7377, 23.2479], [-166.7389, 23.2403], [-166.7402, 23.2328], [-166.7417, 23.2253], [-166.7433, 23.2179], [-166.7451, 23.2105], [-166.747, 23.2032], [-166.749, 23.196], [-166.7512, 23.1888], [-166.7535, 23.1817], [-166.7559, 23.1746], [-166.7585, 23.1677], [-166.7611, 23.1608], [-166.7639, 23.1539], [-166.7669, 23.1472], [-166.77, 23.1405], [-166.7731, 23.134], [-166.7764, 23.1275], [-166.7799, 23.1211], [-166.7834, 23.1147], [-166.787, 23.1085], [-166.7908, 23.1024], [-166.7946, 23.0963], [-166.7986, 23.0903], [-166.8027, 23.0845], [-166.8068, 23.0787], [-166.8111, 23.0731], [-166.8154, 23.0675], [-166.8199, 23.062], [-166.8244, 23.0566], [-166.8291, 23.0514], [-166.8338, 23.0462], [-166.8386, 23.0412], [-166.8434, 23.0362], [-166.8484, 23.0314], [-166.8534, 23.0267], [-166.8585, 23.022], [-166.8636, 23.0175], [-166.8689, 23.0131], [-166.8742, 23.0088], [-166.8795, 23.0047], [-166.8849, 23.0006], [-166.8904, 22.9967], [-166.8959, 22.9928], [-166.9015, 22.9891], [-166.9071, 22.9855], [-166.9127, 22.982], [-166.9185, 22.9786], [-166.9241, 22.9753], [-166.9297, 22.9719], [-166.9351, 22.9685], [-166.9404, 22.9651], [-166.9457, 22.9616], [-166.9508, 22.9581], [-166.9558, 22.9545], [-166.9608, 22.9508], [-166.9656, 22.9471], [-166.9704, 22.9433], [-166.9753, 22.9397], [-166.9803, 22.9361], [-166.9853, 22.9327], [-166.9904, 22.9293], [-166.9956, 22.9259], [-167.0008, 22.9227], [-167.0061, 22.9195], [-167.0114, 22.9165], [-167.0168, 22.9135], [-167.0223, 22.9106], [-167.0278, 22.9078], [-167.0334, 22.9051], [-167.039, 22.9024], [-167.0447, 22.8999], [-167.0504, 22.8975], [-167.0561, 22.8951], [-167.0619, 22.8928], [-167.0678, 22.8907], [-167.0737, 22.8886], [-167.0796, 22.8866], [-167.0855, 22.8847], [-167.0915, 22.8829], [-167.0975, 22.8813], [-167.1036, 22.8797], [-167.1097, 22.8782], [-167.1158, 22.8768], [-167.1219, 22.8755], [-167.1281, 22.8743], [-167.1342, 22.8732], [-167.1404, 22.8721], [-167.1467, 22.8712], [-167.1529, 22.8704], [-167.1592, 22.8697], [-167.1654, 22.8691], [-167.1717, 22.8686], [-167.178, 22.8682], [-167.1843, 22.8679], [-167.1906, 22.8677], [-167.1969, 22.8676], [-167.2032, 22.8676], [-167.2095, 22.8677], [-167.2157, 22.8679], [-167.222, 22.8682], [-167.2283, 22.8686], [-167.2346, 22.8691], [-167.2409, 22.8697], [-167.2471, 22.8704], [-167.2533, 22.8712], [-167.2596, 22.8721], [-167.2657, 22.8732], [-167.2719, 22.8743], [-167.2781, 22.8755], [-167.2842, 22.8768], [-167.2903, 22.8782], [-167.2964, 22.8797], [-167.3025, 22.8813], [-167.3085, 22.8829], [-167.3145, 22.8847], [-167.3204, 22.8866], [-167.3264, 22.8886], [-167.3322, 22.8907], [-167.3381, 22.8928], [-167.3439, 22.8951], [-167.3496, 22.8975], [-167.3554, 22.8999], [-167.361, 22.9024], [-167.3666, 22.9051], [-167.3722, 22.9078], [-167.3777, 22.9106], [-167.3832, 22.9135], [-167.3886, 22.9165], [-167.3939, 22.9195], [-167.3992, 22.9227], [-167.4044, 22.9259], [-167.4096, 22.9293], [-167.4147, 22.9327], [-167.4197, 22.9361], [-167.4247, 22.9397], [-167.4296, 22.9433], [-167.4344, 22.9471], [-167.4393, 22.9508], [-167.4442, 22.9545], [-167.4492, 22.9581], [-167.4544, 22.9616], [-167.4596, 22.9651], [-167.4649, 22.9685], [-167.4704, 22.9719], [-167.4759, 22.9753], [-167.4816, 22.9786], [-167.4873, 22.982], [-167.4929, 22.9855], [-167.4985, 22.9891], [-167.5041, 22.9928], [-167.5096, 22.9967], [-167.5151, 23.0006], [-167.5205, 23.0047], [-167.5259, 23.0088], [-167.5312, 23.0131], [-167.5364, 23.0175], [-167.5416, 23.022], [-167.5466, 23.0267], [-167.5517, 23.0314], [-167.5566, 23.0362], [-167.5615, 23.0412], [-167.5663, 23.0462], [-167.571, 23.0514], [-167.5756, 23.0566], [-167.5801, 23.062], [-167.5845, 23.0675], [-167.5889, 23.0731], [-167.5932, 23.0787], [-167.5973, 23.0845], [-167.6014, 23.0903], [-167.6053, 23.0963], [-167.6092, 23.1024], [-167.613, 23.1085], [-167.6166, 23.1147], [-167.6202, 23.1211], [-167.6236, 23.1275], [-167.6269, 23.134], [-167.6301, 23.1405], [-167.6331, 23.1472], [-167.636, 23.1539], [-167.6389, 23.1608], [-167.6416, 23.1677], [-167.6441, 23.1746], [-167.6466, 23.1817], [-167.6489, 23.1888], [-167.651, 23.196], [-167.6531, 23.2032], [-167.655, 23.2105], [-167.6567, 23.2179], [-167.6583, 23.2253], [-167.6598, 23.2328], [-167.6611, 23.2403], [-167.6623, 23.2479], [-167.6633, 23.2556], [-167.6642, 23.2633], [-167.6649, 23.271], [-167.6655, 23.2788], [-167.6659, 23.2866], [-167.6662, 23.2945], [-167.6663, 23.3023], [-167.6662, 23.3103], [-167.666, 23.3182], [-167.6656, 23.3262], [-167.6651, 23.3342], [-167.6644, 23.3422], [-167.6635, 23.3502], [-167.6625, 23.3583], [-167.6613, 23.3664], [-167.6599, 23.3744], [-167.6584, 23.3825], [-167.6567, 23.3906], [-167.6548, 23.3987], [-167.6528, 23.4068], [-167.6506, 23.4149], [-167.6482, 23.4229], [-167.6457, 23.431], [-167.643, 23.439], [-167.6401, 23.4471], [-167.6371, 23.4551], [-167.6338, 23.4631], [-167.6304, 23.471], [-167.6269, 23.479], [-167.6231, 23.4868], [-167.6192, 23.4947], [-167.6151, 23.5025], [-167.6109, 23.5103], [-167.6064, 23.5181], [-167.6018, 23.5257], [-167.5968, 23.5331], [-167.5915, 23.5403], [-167.5858, 23.5473], [-167.5799, 23.5541], [-167.5737, 23.5606], [-167.5672, 23.5669], [-167.5604, 23.5729], [-167.5533, 23.5787], [-167.5461, 23.5844], [-167.5387, 23.5898], [-167.5312, 23.5952], [-167.5236, 23.6005], [-167.516, 23.6056], [-167.5082, 23.6106], [-167.5004, 23.6155], [-167.4924, 23.6202], [-167.4843, 23.6249], [-167.4762, 23.6294], [-167.468, 23.6337], [-167.4597, 23.638], [-167.4513, 23.6421], [-167.4429, 23.646], [-167.4344, 23.6499], [-167.4257, 23.6535], [-167.4171, 23.6571], [-167.4083, 23.6605], [-167.3995, 23.6638], [-167.3907, 23.6669], [-167.3817, 23.6699], [-167.3727, 23.6727], [-167.3637, 23.6754], [-167.3546, 23.678], [-167.3455, 23.6804], [-167.3363, 23.6827], [-167.3271, 23.6848], [-167.3178, 23.6867], [-167.3085, 23.6886], [-167.2992, 23.6902], [-167.2899, 23.6917], [-167.2805, 23.6931], [-167.2711, 23.6943], [-167.2616, 23.6954], [-167.2522, 23.6963], [-167.2427, 23.6971], [-167.2332, 23.6977], [-167.2238, 23.6981], [-167.2143, 23.6984], [-167.2048, 23.6986], [-167.1953, 23.6986]]]}, "properties": {"layer": "storm_track", "kind": "wind_radii_current", "storm_id": "ep152026", "storm_name": "Nolo", "wind_kt": 50}}, {"type": "Feature", "geometry": {"type": "Polygon", "coordinates": [[[-167.184, 24.8636], [-167.152, 24.8631], [-167.12, 24.8621], [-167.0881, 24.8605], [-167.0562, 24.8585], [-167.0243, 24.8559], [-166.9925, 24.8529], [-166.9607, 24.8493], [-166.9291, 24.8452], [-166.8975, 24.8406], [-166.866, 24.8355], [-166.8346, 24.8299], [-166.8033, 24.8238], [-166.7722, 24.8171], [-166.7412, 24.81], [-166.7103, 24.8024], [-166.6796, 24.7943], [-166.649, 24.7857], [-166.6187, 24.7766], [-166.5885, 24.7671], [-166.5585, 24.757], [-166.5287, 24.7465], [-166.4991, 24.7355], [-166.4698, 24.724], [-166.4406, 24.7121], [-166.4117, 24.6996], [-166.3831, 24.6868], [-166.3547, 24.6734], [-166.3266, 24.6597], [-166.2988, 24.6454], [-166.2712, 24.6307], [-166.2439, 24.6156], [-166.217, 24.6001], [-166.1903, 24.5841], [-166.164, 24.5677], [-166.138, 24.5508], [-166.1123, 24.5336], [-166.0869, 24.516], [-166.062, 24.4979], [-166.0373, 24.4794], [-166.0131, 24.4606], [-165.9892, 24.4414], [-165.9657, 24.4218], [-165.9426, 24.4018], [-165.9198, 24.3814], [-165.8975, 24.3607], [-165.8755, 24.3396], [-165.854, 24.3182], [-165.833, 24.2965], [-165.8123, 24.2744], [-165.7921, 24.2519], [-165.7723, 24.2292], [-165.7529, 24.2061], [-165.734, 24.1828], [-165.7156, 24.1591], [-165.6976, 24.1352], [-165.6801, 24.1109], [-165.6631, 24.0864], [-165.6465, 24.0616], [-165.6304, 24.0366], [-165.6149, 24.0113], [-165.5998, 23.9857], [-165.5852, 23.9599], [-165.5711, 23.9339], [-165.5575, 23.9077], [-165.5444, 23.8812], [-165.5318, 23.8546], [-165.5197, 23.8277], [-165.5082, 23.8007], [-165.4972, 23.7734], [-165.4867, 23.746], [-165.4767, 23.7185], [-165.4673, 23.6908], [-165.4584, 23.6629], [-165.45, 23.6349], [-165.4422, 23.6068], [-165.4349, 23.5785], [-165.4281, 23.5501], [-165.422, 23.5217], [-165.4163, 23.4931], [-165.4112, 23.4645], [-165.4066, 23.4357], [-165.4026, 23.4069], [-165.3991, 23.3781], [-165.3962, 23.3492], [-165.3939, 23.3202], [-165.392, 23.2912], [-165.3908, 23.2622], [-165.3901, 23.2332], [-165.3899, 23.2042], [-165.9332, 23.1848], [-165.9337, 23.1645], [-165.9347, 23.1441], [-165.936, 23.1239], [-165.9378, 23.1036], [-165.9399, 23.0834], [-165.9424, 23.0632], [-165.9453, 23.043], [-165.9485, 23.0229], [-165.9522, 23.0029], [-165.9562, 22.9829], [-165.9606, 22.963], [-165.9654, 22.9431], [-165.9705, 22.9234], [-165.976, 22.9037], [-165.9819, 22.8841], [-165.9882, 22.8646], [-165.9948, 22.8452], [-166.0018, 22.8259], [-166.0091, 22.8068], [-166.0168, 22.7877], [-166.0249, 22.7688], [-166.0333, 22.75], [-166.0421, 22.7314], [-166.0512, 22.7129], [-166.0607, 22.6945], [-166.0705, 22.6763], [-166.0806, 22.6583], [-166.0911, 22.6404], [-166.1019, 22.6227], [-166.1131, 22.6052], [-166.1246, 22.5879], [-166.1364, 22.5707], [-166.1485, 22.5537], [-166.1609, 22.537], [-166.1736, 22.5204], [-166.1867, 22.5041], [-166.2001, 22.4879], [-166.2137, 22.472], [-166.2277, 22.4563], [-166.2419, 22.4408], [-166.2564, 22.4255], [-166.2713, 22.4105], [-166.2864, 22.3957], [-166.3017, 22.3812], [-166.3174, 22.3669], [-166.3333, 22.3529], [-166.3494, 22.3391], [-166.3658, 22.3256], [-166.3825, 22.3123], [-166.3994, 22.2994], [-166.4165, 22.2867], [-166.4339, 22.2742], [-166.4515, 22.2621], [-166.4694, 22.2502], [-166.4874, 22.2386], [-166.5057, 22.2274], [-166.5241, 22.2164], [-166.5428, 22.2057], [-166.5617, 22.1953], [-166.5807, 22.1852], [-166.6, 22.1754], [-166.6194, 22.1659], [-166.639, 22.1568], [-166.6587, 22.1479], [-166.6787, 22.1394], [-166.6987, 22.1312], [-166.7189, 22.1233], [-166.7393, 22.1158], [-166.7598, 22.1086], [-166.7805, 22.1017], [-166.8012, 22.0951], [-166.8221, 22.0889], [-166.8431, 22.083], [-166.8642, 22.0774], [-166.8854, 22.0722], [-166.9067, 22.0673], [-166.928, 22.0628], [-166.9495, 22.0586], [-166.971, 22.0548], [-166.9926, 22.0513], [-167.0143, 22.0481], [-167.036, 22.0453], [-167.0578, 22.0428], [-167.0796, 22.0407], [-167.1014, 22.039], [-167.1233, 22.0376], [-167.1452, 22.0365], [-167.1671, 22.0358], [-167.189, 22.0355], [-167.2079, 22.3682], [-167.2236, 22.3684], [-167.2392, 22.3689], [-167.2549, 22.3697], [-167.2706, 22.3707], [-167.2862, 22.372], [-167.3018, 22.3735], [-167.3174, 22.3752], [-167.333, 22.3772], [-167.3485, 22.3795], [-167.364, 22.382], [-167.3794, 22.3848], [-167.3947, 22.3878], [-167.41, 22.391], [-167.4253, 22.3945], [-167.4404, 22.3982], [-167.4555, 22.4022], [-167.4706, 22.4064], [-167.4855, 22.4109], [-167.5004, 22.4156], [-167.5151, 22.4205], [-167.5298, 22.4257], [-167.5444, 22.4311], [-167.5589, 22.4367], [-167.5732, 22.4426], [-167.5875, 22.4487], [-167.6016, 22.455], [-167.6156, 22.4616], [-167.6295, 22.4684], [-167.6433, 22.4754], [-167.6569, 22.4826], [-167.6704, 22.49], [-167.6838, 22.4977], [-167.697, 22.5056], [-167.71, 22.5136], [-167.7229, 22.5219], [-167.7357, 22.5304], [-167.7483, 22.5391], [-167.7607, 22.548], [-167.7729, 22.5571], [-167.785, 22.5664], [-167.7969, 22.5759], [-167.8087, 22.5855], [-167.8202, 22.5954], [-167.8316, 22.6054], [-167.8427, 22.6157], [-167.8537, 22.6261], [-167.8645, 22.6366], [-167.8751, 22.6474], [-167.8855, 22.6583], [-167.8956, 22.6694], [-167.9056, 22.6806], [-167.9153, 22.692], [-167.9249, 22.7035], [-167.9342, 22.7152], [-167.9433, 22.7271], [-167.9521, 22.7391], [-167.9608, 22.7512], [-167.9692, 22.7635], [-167.9774, 22.7759], [-167.9853, 22.7884], [-167.993, 22.8011], [-168.0005, 22.8139], [-168.0077, 22.8268], [-168.0147, 22.8398], [-168.0214, 22.8529], [-168.0279, 22.8661], [-168.0341, 22.8795], [-168.0401, 22.8929], [-168.0459, 22.9064], [-168.0514, 22.92], [-168.0566, 22.9337], [-168.0615, 22.9475], [-168.0662, 22.9614], [-168.0707, 22.9753], [-168.0748, 22.9893], [-168.0788, 23.0034], [-168.0824, 23.0175], [-168.0858, 23.0317], [-168.0889, 23.0459], [-168.0917, 23.0602], [-168.0943, 23.0745], [-168.0966, 23.0889], [-168.0986, 23.1033], [-168.1003, 23.1177], [-168.1018, 23.1322], [-168.103, 23.1466], [-168.1039, 23.1611], [-168.1046, 23.1756], [-168.105, 23.1902], [-168.8291, 23.2047], [-168.8289, 23.2308], [-168.8282, 23.2569], [-168.8271, 23.283], [-168.8254, 23.3091], [-168.8232, 23.3352], [-168.8206, 23.3612], [-168.8174, 23.3872], [-168.8138, 23.4131], [-168.8096, 23.4389], [-168.805, 23.4647], [-168.7999, 23.4904], [-168.7943, 23.516], [-168.7882, 23.5416], [-168.7816, 23.567], [-168.7745, 23.5923], [-168.7669, 23.6175], [-168.7589, 23.6425], [-168.7504, 23.6675], [-168.7414, 23.6923], [-168.7319, 23.7169], [-168.722, 23.7414], [-168.7115, 23.7658], [-168.7007, 23.7899], [-168.6893, 23.8139], [-168.6775, 23.8377], [-168.6653, 23.8613], [-168.6525, 23.8847], [-168.6394, 23.9079], [-168.6258, 23.9309], [-168.6117, 23.9536], [-168.5972, 23.9761], [-168.5823, 23.9984], [-168.567, 24.0205], [-168.5512, 24.0423], [-168.535, 24.0638], [-168.5184, 24.0851], [-168.5014, 24.1061], [-168.484, 24.1269], [-168.4661, 24.1473], [-168.4479, 24.1675], [-168.4293, 24.1873], [-168.4103, 24.2069], [-168.391, 24.2262], [-168.3712, 24.2451], [-168.3512, 24.2637], [-168.3307, 24.2821], [-168.3099, 24.3], [-168.2887, 24.3177], [-168.2672, 24.3349], [-168.2454, 24.3519], [-168.2232, 24.3685], [-168.2007, 24.3847], [-168.1779, 24.4006], [-168.1548, 24.4161], [-168.1315, 24.4312], [-168.1078, 24.446], [-168.0838, 24.4603], [-168.0595, 24.4743], [-168.035, 24.4879], [-168.0102, 24.5011], [-167.9852, 24.5139], [-167.9599, 24.5263], [-167.9344, 24.5383], [-167.9086, 24.5499], [-167.8827, 24.561], [-167.8565, 24.5718], [-167.8301, 24.5821], [-167.8035, 24.592], [-167.7767, 24.6014], [-167.7497, 24.6105], [-167.7226, 24.6191], [-167.6953, 24.6272], [-167.6678, 24.635], [-167.6402, 24.6422], [-167.6125, 24.6491], [-167.5846, 24.6555], [-167.5566, 24.6614], [-167.5285, 24.6669], [-167.5003, 24.672], [-167.472, 24.6766], [-167.4436, 24.6807], [-167.4151, 24.6844], [-167.3866, 24.6876], [-167.358, 24.6903], [-167.3293, 24.6927], [-167.3006, 24.6945], [-167.2719, 24.6959], [-167.2431, 24.6968], [-167.2144, 24.6973], [-167.184, 24.8636]]]}, "properties": {"layer": "storm_track", "kind": "wind_radii_forecast", "storm_id": "ep152026", "storm_name": "Nolo", "wind_kt": 34, "label": "+12h", "valid_text": "2:00 PM HST October 02, 2026"}}, {"type": "Feature", "geometry": {"type": "Polygon", "coordinates": [[[-167.1953, 23.6991], [-167.1857, 23.6989], [-167.1762, 23.6986], [-167.1667, 23.6982], [-167.1572, 23.6976], [-167.1478, 23.6968], [-167.1383, 23.6959], [-167.1289, 23.6948], [-167.1194, 23.6936], [-167.1101, 23.6922], [-167.1007, 23.6907], [-167.0914, 23.6891], [-167.082, 23.6872], [-167.0728, 23.6853], [-167.0636, 23.6832], [-167.0544, 23.6809], [-167.0452, 23.6785], [-167.0361, 23.6759], [-167.0271, 23.6732], [-167.0181, 23.6704], [-167.0092, 23.6674], [-167.0003, 23.6643], [-166.9915, 23.661], [-166.9827, 23.6576], [-166.9741, 23.654], [-166.9654, 23.6503], [-166.9569, 23.6465], [-166.9484, 23.6425], [-166.94, 23.6384], [-166.9317, 23.6342], [-166.9235, 23.6298], [-166.9154, 23.6253], [-166.9073, 23.6207], [-166.8994, 23.6159], [-166.8915, 23.611], [-166.8837, 23.606], [-166.876, 23.6009], [-166.8685, 23.5956], [-166.861, 23.5902], [-166.8536, 23.5847], [-166.8463, 23.5791], [-166.8392, 23.5734], [-166.8321, 23.5676], [-166.8252, 23.5616], [-166.8184, 23.5555], [-166.8117, 23.5494], [-166.8051, 23.5431], [-166.7986, 23.5367], [-166.7923, 23.5302], [-166.7861, 23.5236], [-166.78, 23.5169], [-166.774, 23.5101], [-166.7682, 23.5032], [-166.7625, 23.4963], [-166.757, 23.4892], [-166.7515, 23.4821], [-166.7462, 23.4748], [-166.7411, 23.4675], [-166.7361, 23.4601], [-166.7312, 23.4526], [-166.7265, 23.4451], [-166.7219, 23.4374], [-166.7175, 23.4297], [-166.7132, 23.422], [-166.7091, 23.4141], [-166.7051, 23.4062], [-166.7013, 23.3982], [-166.6976, 23.3902], [-166.6941, 23.3821], [-166.6907, 23.374], [-166.6875, 23.3658], [-166.6844, 23.3575], [-166.6815, 23.3492], [-166.6788, 23.3409], [-166.6762, 23.3325], [-166.6738, 23.3241], [-166.6715, 23.3156], [-166.6694, 23.3071], [-166.6675, 23.2986], [-166.6657, 23.2901], [-166.6641, 23.2815], [-166.6627, 23.2729], [-166.6614, 23.2642], [-166.6603, 23.2556], [-166.6593, 23.2469], [-166.6585, 23.2382], [-166.6579, 23.2295], [-166.6574, 23.2208], [-166.6571, 23.2121], [-166.657, 23.2034], [-166.838, 23.1967], [-166.8382, 23.1909], [-166.8384, 23.1851], [-166.8387, 23.1793], [-166.8392, 23.1735], [-166.8398, 23.1677], [-166.8404, 23.1619], [-166.8412, 23.1562], [-166.8421, 23.1504], [-166.8431, 23.1447], [-166.8442, 23.139], [-166.8454, 23.1333], [-166.8468, 23.1276], [-166.8482, 23.1219], [-166.8497, 23.1163], [-166.8514, 23.1107], [-166.8531, 23.1051], [-166.855, 23.0996], [-166.857, 23.0941], [-166.8591, 23.0886], [-166.8612, 23.0831], [-166.8635, 23.0777], [-166.8659, 23.0723], [-166.8683, 23.067], [-166.8709, 23.0617], [-166.8736, 23.0564], [-166.8764, 23.0512], [-166.8793, 23.046], [-166.8822, 23.0409], [-166.8853, 23.0358], [-166.8885, 23.0308], [-166.8918, 23.0258], [-166.8951, 23.0209], [-166.8986, 23.0161], [-166.9021, 23.0113], [-166.9057, 23.0065], [-166.9094, 23.0018], [-166.9132, 22.9972], [-166.9171, 22.9926], [-166.9211, 22.9881], [-166.9252, 22.9837], [-166.9293, 22.9793], [-166.9335, 22.975], [-166.9379, 22.9707], [-166.9422, 22.9666], [-166.9467, 22.9625], [-166.9513, 22.9584], [-166.9559, 22.9545], [-166.9606, 22.9506], [-166.9653, 22.9468], [-166.9702, 22.9431], [-166.9751, 22.9394], [-166.9801, 22.9359], [-166.9851, 22.9324], [-166.9902, 22.929], [-166.9954, 22.9257], [-167.0006, 22.9224], [-167.0059, 22.9193], [-167.0113, 22.9162], [-167.0167, 22.9132], [-167.0221, 22.9103], [-167.0276, 22.9075], [-167.0332, 22.9048], [-167.0388, 22.9021], [-167.0445, 22.8996], [-167.0502, 22.8972], [-167.056, 22.8948], [-167.0618, 22.8925], [-167.0676, 22.8904], [-167.0735, 22.8883], [-167.0794, 22.8863], [-167.0854, 22.8844], [-167.0914, 22.8826], [-167.0974, 22.8809], [-167.1035, 22.8793], [-167.1096, 22.8778], [-167.1157, 22.8764], [-167.1218, 22.8751], [-167.128, 22.8739], [-167.1342, 22.8728], [-167.1404, 22.8718], [-167.1466, 22.8709], [-167.1529, 22.8701], [-167.1591, 22.8694], [-167.1654, 22.8688], [-167.1717, 22.8683], [-167.178, 22.8679], [-167.1843, 22.8676], [-167.1906, 22.8674], [-167.1969, 22.8673], [-167.2032, 22.8673], [-167.2095, 22.8674], [-167.2158, 22.8676], [-167.2221, 22.8679], [-167.2283, 22.8683], [-167.2346, 22.8688], [-167.2409, 22.8694], [-167.2471, 22.8701], [-167.2534, 22.8709], [-167.2596, 22.8718], [-167.2658, 22.8728], [-167.272, 22.8739], [-167.2782, 22.8751], [-167.2843, 22.8764], [-167.2904, 22.8778], [-167.2965, 22.8793], [-167.3026, 22.8809], [-167.3086, 22.8826], [-167.3146, 22.8844], [-167.3206, 22.8863], [-167.3265, 22.8883], [-167.3324, 22.8904], [-167.3382, 22.8925], [-167.344, 22.8948], [-167.3498, 22.8972], [-167.3555, 22.8996], [-167.3612, 22.9021], [-167.3668, 22.9048], [-167.3724, 22.9075], [-167.3779, 22.9103], [-167.3833, 22.9132], [-167.3888, 22.9162], [-167.3941, 22.9193], [-167.3994, 22.9224], [-167.4046, 22.9257], [-167.4098, 22.929], [-167.4149, 22.9324], [-167.42, 22.9359], [-167.4249, 22.9394], [-167.4298, 22.9431], [-167.4347, 22.9468], [-167.4394, 22.9506], [-167.4441, 22.9545], [-167.4487, 22.9584], [-167.4533, 22.9625], [-167.4578, 22.9666], [-167.4622, 22.9707], [-167.4665, 22.975], [-167.4707, 22.9793], [-167.4748, 22.9837], [-167.4789, 22.9881], [-167.4829, 22.9926], [-167.4868, 22.9972], [-167.4906, 23.0018], [-167.4943, 23.0065], [-167.4979, 23.0113], [-167.5015, 23.0161], [-167.5049, 23.0209], [-167.5083, 23.0258], [-167.5115, 23.0308], [-167.5147, 23.0358], [-167.5178, 23.0409], [-167.5208, 23.046], [-167.5236, 23.0512], [-167.5264, 23.0564], [-167.5291, 23.0617], [-167.5317, 23.067], [-167.5341, 23.0723], [-167.5365, 23.0777], [-167.5388, 23.0831], [-167.541, 23.0886], [-167.543, 23.0941], [-167.545, 23.0996], [-167.5469, 23.1051], [-167.5486, 23.1107], [-167.5503, 23.1163], [-167.5518, 23.1219], [-167.5533, 23.1276], [-167.5546, 23.1333], [-167.5558, 23.139], [-167.5569, 23.1447], [-167.5579, 23.1504], [-167.5588, 23.1562], [-167.5596, 23.1619], [-167.5603, 23.1677], [-167.5608, 23.1735], [-167.5613, 23.1793], [-167.5616, 23.1851], [-167.5619, 23.1909], [-167.562, 23.1967], [-167.743, 23.2034], [-167.7429, 23.2121], [-167.7426, 23.2208], [-167.7421, 23.2295], [-167.7415, 23.2382], [-167.7407, 23.2469], [-167.7398, 23.2556], [-167.7386, 23.2642], [-167.7373, 23.2729], [-167.7359, 23.2815], [-167.7343, 23.2901], [-167.7325, 23.2986], [-167.7306, 23.3071], [-167.7285, 23.3156], [-167.7262, 23.3241], [-167.7238, 23.3325], [-167.7212, 23.3409], [-167.7185, 23.3492], [-167.7156, 23.3575], [-167.7125, 23.3658], [-167.7093, 23.374], [-167.7059, 23.3821], [-167.7024, 23.3902], [-167.6987, 23.3982], [-167.6949, 23.4062], [-167.6909, 23.4141], [-167.6868, 23.4219], [-167.6825, 23.4297], [-167.6781, 23.4374], [-167.6735, 23.4451], [-167.6688, 23.4526], [-167.6639, 23.4601], [-167.6589, 23.4675], [-167.6538, 23.4748], [-167.6485, 23.4821], [-167.6431, 23.4892], [-167.6375, 23.4963], [-167.6318, 23.5032], [-167.626, 23.5101], [-167.62, 23.5169], [-167.6139, 23.5236], [-167.6077, 23.5302], [-167.6014, 23.5367], [-167.5949, 23.5431], [-167.5883, 23.5494], [-167.5816, 23.5555], [-167.5748, 23.5616], [-167.5679, 23.5676], [-167.5608, 23.5734], [-167.5537, 23.5791], [-167.5464, 23.5847], [-167.539, 23.5902], [-167.5316, 23.5956], [-167.524, 23.6009], [-167.5163, 23.606], [-167.5085, 23.611], [-167.5007, 23.6159], [-167.4927, 23.6207], [-167.4846, 23.6253], [-167.4765, 23.6298], [-167.4683, 23.6342], [-167.46, 23.6384], [-167.4516, 23.6425], [-167.4431, 23.6465], [-167.4346, 23.6503], [-167.426, 23.654], [-167.4173, 23.6576], [-167.4085, 23.661], [-167.3997, 23.6643], [-167.3909, 23.6674], [-167.3819, 23.6704], [-167.3729, 23.6732], [-167.3639, 23.6759], [-167.3548, 23.6785], [-167.3457, 23.6809], [-167.3365, 23.6832], [-167.3272, 23.6853], [-167.318, 23.6872], [-167.3087, 23.6891], [-167.2993, 23.6907], [-167.29, 23.6922], [-167.2806, 23.6936], [-167.2711, 23.6948], [-167.2617, 23.6959], [-167.2522, 23.6968], [-167.2428, 23.6976], [-167.2333, 23.6982], [-167.2238, 23.6986], [-167.2143, 23.6989], [-167.2048, 23.6991], [-167.1953, 23.6991]]]}, "properties": {"layer": "storm_track", "kind": "wind_radii_forecast", "storm_id": "ep152026", "storm_name": "Nolo", "wind_kt": 50, "label": "+12h", "valid_text": "2:00 PM HST October 02, 2026"}}, {"type": "Feature", "geometry": {"type": "Polygon", "coordinates": [[[-168.3824, 25.13], [-168.3471, 25.1294], [-168.3119, 25.1283], [-168.2766, 25.1266], [-168.2415, 25.1243], [-168.2063, 25.1215], [-168.1712, 25.1181], [-168.1362, 25.1142], [-168.1013, 25.1097], [-168.0665, 25.1046], [-168.0318, 25.099], [-167.9972, 25.0928], [-167.9627, 25.0861], [-167.9284, 25.0788], [-167.8942, 25.0709], [-167.8602, 25.0626], [-167.8264, 25.0536], [-167.7927, 25.0442], [-167.7592, 25.0342], [-167.7259, 25.0236], [-167.6929, 25.0126], [-167.66, 25.001], [-167.6275, 24.9888], [-167.5951, 24.9762], [-167.563, 24.963], [-167.5312, 24.9494], [-167.4996, 24.9352], [-167.4683, 24.9205], [-167.4374, 24.9053], [-167.4067, 24.8896], [-167.3763, 24.8735], [-167.3463, 24.8568], [-167.3166, 24.8397], [-167.2872, 24.8221], [-167.2582, 24.804], [-167.2296, 24.7855], [-167.2013, 24.7665], [-167.1734, 24.7471], [-167.1459, 24.7272], [-167.1188, 24.7069], [-167.092, 24.6861], [-167.0658, 24.6649], [-167.0399, 24.6434], [-167.0144, 24.6213], [-166.9894, 24.5989], [-166.9648, 24.5761], [-166.9407, 24.5529], [-166.917, 24.5294], [-166.8938, 24.5054], [-166.871, 24.4811], [-166.8488, 24.4564], [-166.827, 24.4313], [-166.8057, 24.406], [-166.7849, 24.3802], [-166.7646, 24.3542], [-166.7449, 24.3278], [-166.7256, 24.3011], [-166.7069, 24.2742], [-166.6887, 24.2469], [-166.671, 24.2193], [-166.6539, 24.1915], [-166.6373, 24.1633], [-166.6212, 24.135], [-166.6058, 24.1063], [-166.5908, 24.0774], [-166.5764, 24.0483], [-166.5626, 24.019], [-166.5494, 23.9894], [-166.5367, 23.9597], [-166.5246, 23.9297], [-166.5131, 23.8996], [-166.5022, 23.8692], [-166.4918, 23.8387], [-166.4821, 23.8081], [-166.4729, 23.7773], [-166.4643, 23.7463], [-166.4563, 23.7152], [-166.449, 23.684], [-166.4422, 23.6527], [-166.436, 23.6213], [-166.4304, 23.5897], [-166.4254, 23.5581], [-166.4211, 23.5264], [-166.4173, 23.4947], [-166.4141, 23.4629], [-166.4116, 23.431], [-166.4096, 23.3992], [-166.4083, 23.3672], [-166.4075, 23.3353], [-166.4074, 23.3034], [-166.9511, 23.2817], [-166.9518, 23.2585], [-166.9529, 23.2353], [-166.9545, 23.2121], [-166.9565, 23.189], [-166.959, 23.1659], [-166.9619, 23.1428], [-166.9652, 23.1198], [-166.9689, 23.0968], [-166.9731, 23.0739], [-166.9778, 23.0511], [-166.9828, 23.0283], [-166.9883, 23.0056], [-166.9942, 22.983], [-167.0006, 22.9606], [-167.0073, 22.9382], [-167.0145, 22.9159], [-167.0221, 22.8938], [-167.0301, 22.8718], [-167.0385, 22.8499], [-167.0474, 22.8281], [-167.0566, 22.8065], [-167.0663, 22.785], [-167.0763, 22.7638], [-167.0868, 22.7426], [-167.0976, 22.7217], [-167.1089, 22.7009], [-167.1205, 22.6803], [-167.1325, 22.6599], [-167.1449, 22.6396], [-167.1577, 22.6196], [-167.1708, 22.5998], [-167.1843, 22.5802], [-167.1982, 22.5608], [-167.2124, 22.5417], [-167.227, 22.5228], [-167.2419, 22.5041], [-167.2572, 22.4857], [-167.2729, 22.4675], [-167.2888, 22.4495], [-167.3051, 22.4318], [-167.3217, 22.4144], [-167.3387, 22.3973], [-167.356, 22.3804], [-167.3735, 22.3638], [-167.3914, 22.3475], [-167.4096, 22.3315], [-167.4281, 22.3157], [-167.4468, 22.3003], [-167.4659, 22.2852], [-167.4852, 22.2704], [-167.5048, 22.2559], [-167.5247, 22.2417], [-167.5448, 22.2278], [-167.5652, 22.2143], [-167.5858, 22.201], [-167.6067, 22.1882], [-167.6278, 22.1756], [-167.6492, 22.1634], [-167.6707, 22.1515], [-167.6925, 22.14], [-167.7145, 22.1289], [-167.7367, 22.118], [-167.759, 22.1076], [-167.7816, 22.0975], [-167.8044, 22.0878], [-167.8273, 22.0784], [-167.8504, 22.0694], [-167.8737, 22.0608], [-167.8971, 22.0525], [-167.9207, 22.0447], [-167.9444, 22.0372], [-167.9683, 22.0301], [-167.9923, 22.0233], [-168.0164, 22.017], [-168.0406, 22.011], [-168.0649, 22.0055], [-168.0893, 22.0003], [-168.1138, 21.9955], [-168.1385, 21.9911], [-168.1631, 21.9871], [-168.1879, 21.9835], [-168.2127, 21.9803], [-168.2375, 21.9775], [-168.2625, 21.9751], [-168.2874, 21.9731], [-168.3124, 21.9715], [-168.3374, 21.9703], [-168.3624, 21.9695], [-168.3875, 21.9691], [-168.4094, 22.3018], [-168.4282, 22.3021], [-168.4471, 22.3027], [-168.4659, 22.3036], [-168.4846, 22.3048], [-168.5034, 22.3063], [-168.5221, 22.3082], [-168.5408, 22.3103], [-168.5595, 22.3127], [-168.5781, 22.3154], [-168.5966, 22.3184], [-168.6151, 22.3217], [-168.6336, 22.3253], [-168.6519, 22.3292], [-168.6702, 22.3334], [-168.6884, 22.3378], [-168.7065, 22.3426], [-168.7245, 22.3477], [-168.7425, 22.353], [-168.7603, 22.3586], [-168.778, 22.3645], [-168.7956, 22.3708], [-168.8131, 22.3772], [-168.8305, 22.384], [-168.8477, 22.391], [-168.8648, 22.3983], [-168.8818, 22.4059], [-168.8986, 22.4138], [-168.9153, 22.4219], [-168.9318, 22.4303], [-168.9481, 22.439], [-168.9643, 22.4479], [-168.9803, 22.4571], [-168.9962, 22.4665], [-169.0119, 22.4762], [-169.0273, 22.4861], [-169.0426, 22.4963], [-169.0578, 22.5067], [-169.0727, 22.5174], [-169.0874, 22.5283], [-169.1019, 22.5394], [-169.1162, 22.5508], [-169.1303, 22.5624], [-169.1441, 22.5742], [-169.1578, 22.5862], [-169.1712, 22.5985], [-169.1844, 22.6109], [-169.1973, 22.6236], [-169.21, 22.6365], [-169.2225, 22.6496], [-169.2347, 22.6629], [-169.2467, 22.6763], [-169.2584, 22.69], [-169.2698, 22.7038], [-169.281, 22.7179], [-169.2919, 22.7321], [-169.3026, 22.7465], [-169.313, 22.761], [-169.3231, 22.7757], [-169.3329, 22.7906], [-169.3425, 22.8056], [-169.3518, 22.8208], [-169.3607, 22.8362], [-169.3694, 22.8516], [-169.3778, 22.8672], [-169.3859, 22.883], [-169.3938, 22.8988], [-169.4012, 22.9148], [-169.4085, 22.9309], [-169.4154, 22.9472], [-169.422, 22.9635], [-169.4282, 22.9799], [-169.4342, 22.9964], [-169.4399, 23.0131], [-169.4452, 23.0298], [-169.4503, 23.0466], [-169.455, 23.0634], [-169.4594, 23.0804], [-169.4634, 23.0974], [-169.4672, 23.1145], [-169.4706, 23.1316], [-169.4737, 23.1488], [-169.4765, 23.166], [-169.4789, 23.1833], [-169.4811, 23.2006], [-169.4828, 23.218], [-169.4843, 23.2353], [-169.4854, 23.2527], [-169.4863, 23.2701], [-169.4867, 23.2875], [-170.2115, 23.3041], [-170.2113, 23.3331], [-170.2106, 23.3622], [-170.2093, 23.3912], [-170.2075, 23.4202], [-170.2052, 23.4491], [-170.2023, 23.478], [-170.1988, 23.5069], [-170.1948, 23.5357], [-170.1902, 23.5644], [-170.1851, 23.5931], [-170.1794, 23.6216], [-170.1732, 23.6501], [-170.1665, 23.6785], [-170.1592, 23.7067], [-170.1514, 23.7348], [-170.143, 23.7628], [-170.1341, 23.7907], [-170.1246, 23.8184], [-170.1147, 23.846], [-170.1042, 23.8734], [-170.0931, 23.9006], [-170.0816, 23.9277], [-170.0695, 23.9545], [-170.0569, 23.9812], [-170.0438, 24.0076], [-170.0302, 24.0339], [-170.0161, 24.0599], [-170.0015, 24.0857], [-169.9864, 24.1112], [-169.9708, 24.1365], [-169.9547, 24.1616], [-169.9381, 24.1864], [-169.9211, 24.2109], [-169.9036, 24.2351], [-169.8856, 24.2591], [-169.8671, 24.2827], [-169.8482, 24.3061], [-169.8289, 24.3292], [-169.8091, 24.3519], [-169.7888, 24.3743], [-169.7682, 24.3964], [-169.747, 24.4182], [-169.7255, 24.4396], [-169.7036, 24.4607], [-169.6812, 24.4814], [-169.6585, 24.5017], [-169.6353, 24.5217], [-169.6118, 24.5413], [-169.5879, 24.5606], [-169.5636, 24.5794], [-169.539, 24.5979], [-169.514, 24.6159], [-169.4886, 24.6336], [-169.4629, 24.6508], [-169.4369, 24.6677], [-169.4105, 24.6841], [-169.3838, 24.7], [-169.3569, 24.7156], [-169.3296, 24.7307], [-169.302, 24.7454], [-169.2741, 24.7596], [-169.246, 24.7734], [-169.2176, 24.7868], [-169.1889, 24.7996], [-169.16, 24.812], [-169.1309, 24.824], [-169.1015, 24.8355], [-169.0719, 24.8465], [-169.0421, 24.857], [-169.0121, 24.8671], [-168.9818, 24.8766], [-168.9514, 24.8857], [-168.9209, 24.8943], [-168.8901, 24.9024], [-168.8592, 24.91], [-168.8282, 24.9171], [-168.797, 24.9237], [-168.7657, 24.9299], [-168.7343, 24.9355], [-168.7028, 24.9406], [-168.6712, 24.9452], [-168.6395, 24.9493], [-168.6077, 24.9529], [-168.5759, 24.9559], [-168.544, 24.9585], [-168.512, 24.9605], [-168.4801, 24.9621], [-168.448, 24.9631], [-168.416, 24.9636], [-168.3824, 25.13]]]}, "properties": {"layer": "storm_track", "kind": "wind_radii_forecast", "storm_id": "ep152026", "storm_name": "Nolo", "wind_kt": 34, "label": "+12h", "valid_text": "2:00 PM HST October 02, 2026"}}, {"type": "Feature", "geometry": {"type": "Polygon", "coordinates": [[[-168.3937, 23.9655], [-168.3809, 23.9652], [-168.3682, 23.9648], [-168.3556, 23.9642], [-168.3429, 23.9634], [-168.3302, 23.9624], [-168.3176, 23.9612], [-168.305, 23.9598], [-168.2924, 23.9581], [-168.2798, 23.9563], [-168.2673, 23.9543], [-168.2548, 23.952], [-168.2424, 23.9496], [-168.23, 23.947], [-168.2177, 23.9442], [-168.2054, 23.9412], [-168.1932, 23.9379], [-168.1811, 23.9345], [-168.169, 23.9309], [-168.157, 23.9271], [-168.145, 23.9231], [-168.1332, 23.9189], [-168.1214, 23.9146], [-168.1098, 23.91], [-168.0982, 23.9053], [-168.0867, 23.9003], [-168.0752, 23.8952], [-168.0639, 23.8899], [-168.0527, 23.8844], [-168.0416, 23.8788], [-168.0307, 23.873], [-168.0198, 23.867], [-168.009, 23.8608], [-167.9984, 23.8544], [-167.9879, 23.8479], [-167.9775, 23.8412], [-167.9673, 23.8344], [-167.9572, 23.8273], [-167.9472, 23.8202], [-167.9373, 23.8128], [-167.9276, 23.8053], [-167.9181, 23.7977], [-167.9087, 23.7899], [-167.8994, 23.7819], [-167.8903, 23.7738], [-167.8814, 23.7656], [-167.8726, 23.7572], [-167.864, 23.7487], [-167.8555, 23.74], [-167.8472, 23.7312], [-167.8391, 23.7223], [-167.8312, 23.7132], [-167.8234, 23.7041], [-167.8158, 23.6948], [-167.8084, 23.6853], [-167.8012, 23.6758], [-167.7941, 23.6661], [-167.7873, 23.6564], [-167.7806, 23.6465], [-167.7741, 23.6365], [-167.7678, 23.6264], [-167.7617, 23.6162], [-167.7558, 23.606], [-167.7501, 23.5956], [-167.7446, 23.5851], [-167.7393, 23.5746], [-167.7342, 23.5639], [-167.7293, 23.5532], [-167.7246, 23.5424], [-167.7201, 23.5316], [-167.7159, 23.5207], [-167.7118, 23.5097], [-167.7079, 23.4986], [-167.7043, 23.4875], [-167.7009, 23.4763], [-167.6976, 23.4651], [-167.6946, 23.4538], [-167.6918, 23.4424], [-167.6893, 23.4311], [-167.6869, 23.4197], [-167.6848, 23.4082], [-167.6829, 23.3967], [-167.6812, 23.3852], [-167.6797, 23.3737], [-167.6784, 23.3621], [-167.6774, 23.3506], [-167.6766, 23.339], [-167.676, 23.3274], [-167.6756, 23.3158], [-167.6754, 23.3041], [-167.8566, 23.2947], [-167.8568, 23.286], [-167.8572, 23.2773], [-167.8577, 23.2686], [-167.8584, 23.2599], [-167.8593, 23.2512], [-167.8603, 23.2426], [-167.8615, 23.2339], [-167.8629, 23.2253], [-167.8644, 23.2167], [-167.866, 23.2081], [-167.8679, 23.1996], [-167.8699, 23.1911], [-167.8721, 23.1826], [-167.8744, 23.1742], [-167.8769, 23.1658], [-167.8795, 23.1574], [-167.8823, 23.1491], [-167.8853, 23.1408], [-167.8884, 23.1326], [-167.8917, 23.1244], [-167.8951, 23.1163], [-167.8987, 23.1082], [-167.9024, 23.1002], [-167.9063, 23.0923], [-167.9103, 23.0844], [-167.9145, 23.0766], [-167.9188, 23.0688], [-167.9233, 23.0611], [-167.9279, 23.0535], [-167.9327, 23.046], [-167.9376, 23.0385], [-167.9426, 23.0312], [-167.9478, 23.0239], [-167.9531, 23.0167], [-167.9586, 23.0096], [-167.9641, 23.0025], [-167.9698, 22.9956], [-167.9757, 22.9887], [-167.9817, 22.982], [-167.9878, 22.9753], [-167.994, 22.9688], [-168.0004, 22.9623], [-168.0068, 22.9559], [-168.0134, 22.9497], [-168.0201, 22.9436], [-168.0269, 22.9375], [-168.0339, 22.9316], [-168.0409, 22.9258], [-168.0481, 22.9201], [-168.0553, 22.9145], [-168.0627, 22.909], [-168.0702, 22.9037], [-168.0777, 22.8985], [-168.0854, 22.8934], [-168.0932, 22.8884], [-168.101, 22.8835], [-168.1089, 22.8788], [-168.117, 22.8742], [-168.1251, 22.8697], [-168.1333, 22.8654], [-168.1416, 22.8612], [-168.1499, 22.8571], [-168.1583, 22.8531], [-168.1668, 22.8493], [-168.1754, 22.8457], [-168.1841, 22.8421], [-168.1928, 22.8387], [-168.2015, 22.8355], [-168.2104, 22.8324], [-168.2192, 22.8294], [-168.2282, 22.8266], [-168.2372, 22.8239], [-168.2462, 22.8214], [-168.2553, 22.819], [-168.2644, 22.8167], [-168.2736, 22.8146], [-168.2828, 22.8127], [-168.2921, 22.8109], [-168.3013, 22.8092], [-168.3106, 22.8077], [-168.32, 22.8064], [-168.3293, 22.8051], [-168.3387, 22.8041], [-168.3481, 22.8032], [-168.3575, 22.8024], [-168.3669, 22.8018], [-168.3764, 22.8014], [-168.3858, 22.8011], [-168.3953, 22.8009], [-168.4032, 22.9673], [-168.4095, 22.9674], [-168.4158, 22.9676], [-168.4221, 22.9679], [-168.4284, 22.9683], [-168.4346, 22.9688], [-168.4409, 22.9694], [-168.4472, 22.9701], [-168.4534, 22.9709], [-168.4597, 22.9718], [-168.4659, 22.9728], [-168.472, 22.9739], [-168.4782, 22.9751], [-168.4844, 22.9764], [-168.4905, 22.9778], [-168.4966, 22.9793], [-168.5027, 22.9809], [-168.5087, 22.9826], [-168.5147, 22.9844], [-168.5207, 22.9863], [-168.5266, 22.9883], [-168.5325, 22.9904], [-168.5383, 22.9925], [-168.5441, 22.9948], [-168.5499, 22.9972], [-168.5556, 22.9996], [-168.5613, 23.0021], [-168.5669, 23.0048], [-168.5725, 23.0075], [-168.578, 23.0103], [-168.5835, 23.0132], [-168.5889, 23.0162], [-168.5943, 23.0193], [-168.5995, 23.0224], [-168.6048, 23.0256], [-168.61, 23.029], [-168.6151, 23.0324], [-168.6201, 23.0359], [-168.6251, 23.0394], [-168.63, 23.0431], [-168.6348, 23.0468], [-168.6396, 23.0506], [-168.6443, 23.0545], [-168.6489, 23.0584], [-168.6535, 23.0625], [-168.658, 23.0666], [-168.6623, 23.0707], [-168.6667, 23.075], [-168.6709, 23.0793], [-168.675, 23.0837], [-168.6791, 23.0881], [-168.6831, 23.0926], [-168.687, 23.0972], [-168.6908, 23.1018], [-168.6945, 23.1065], [-168.6982, 23.1113], [-168.7017, 23.1161], [-168.7051, 23.1209], [-168.7085, 23.1258], [-168.7118, 23.1308], [-168.7149, 23.1358], [-168.718, 23.1409], [-168.721, 23.146], [-168.7239, 23.1512], [-168.7266, 23.1564], [-168.7293, 23.1617], [-168.7319, 23.167], [-168.7344, 23.1723], [-168.7368, 23.1777], [-168.739, 23.1831], [-168.7412, 23.1886], [-168.7433, 23.194], [-168.7453, 23.1996], [-168.7471, 23.2051], [-168.7489, 23.2107], [-168.7505, 23.2163], [-168.7521, 23.2219], [-168.7535, 23.2276], [-168.7548, 23.2333], [-168.7561, 23.239], [-168.7572, 23.2447], [-168.7582, 23.2504], [-168.7591, 23.2562], [-168.7599, 23.2619], [-168.7605, 23.2677], [-168.7611, 23.2735], [-168.7616, 23.2793], [-168.7619, 23.2851], [-168.7621, 23.2909], [-168.7623, 23.2967], [-168.9434, 23.3034], [-168.9433, 23.3121], [-168.943, 23.3208], [-168.9426, 23.3295], [-168.9419, 23.3382], [-168.9411, 23.3469], [-168.9402, 23.3556], [-168.939, 23.3642], [-168.9378, 23.3729], [-168.9363, 23.3815], [-168.9347, 23.39], [-168.9329, 23.3986], [-168.931, 23.4071], [-168.9289, 23.4156], [-168.9266, 23.4241], [-168.9242, 23.4325], [-168.9216, 23.4409], [-168.9189, 23.4492], [-168.916, 23.4575], [-168.9129, 23.4658], [-168.9097, 23.474], [-168.9063, 23.4821], [-168.9028, 23.4902], [-168.8991, 23.4982], [-168.8953, 23.5062], [-168.8913, 23.5141], [-168.8871, 23.5219], [-168.8829, 23.5297], [-168.8784, 23.5374], [-168.8739, 23.5451], [-168.8691, 23.5526], [-168.8643, 23.5601], [-168.8593, 23.5675], [-168.8541, 23.5748], [-168.8488, 23.5821], [-168.8434, 23.5892], [-168.8378, 23.5963], [-168.8321, 23.6032], [-168.8263, 23.6101], [-168.8203, 23.6169], [-168.8142, 23.6236], [-168.808, 23.6302], [-168.8017, 23.6367], [-168.7952, 23.6431], [-168.7886, 23.6493], [-168.7819, 23.6555], [-168.7751, 23.6616], [-168.7682, 23.6675], [-168.7611, 23.6734], [-168.754, 23.6791], [-168.7467, 23.6847], [-168.7393, 23.6902], [-168.7318, 23.6956], [-168.7242, 23.7009], [-168.7166, 23.706], [-168.7088, 23.711], [-168.7009, 23.7159], [-168.6929, 23.7207], [-168.6849, 23.7253], [-168.6767, 23.7298], [-168.6685, 23.7342], [-168.6602, 23.7384], [-168.6518, 23.7425], [-168.6433, 23.7465], [-168.6348, 23.7503], [-168.6261, 23.754], [-168.6174, 23.7576], [-168.6087, 23.761], [-168.5999, 23.7643], [-168.591, 23.7674], [-168.5821, 23.7704], [-168.5731, 23.7732], [-168.564, 23.7759], [-168.5549, 23.7785], [-168.5458, 23.7809], [-168.5366, 23.7831], [-168.5273, 23.7853], [-168.5181, 23.7872], [-168.5088, 23.789], [-168.4994, 23.7907], [-168.49, 23.7922], [-168.4806, 23.7936], [-168.4712, 23.7948], [-168.4617, 23.7959], [-168.4523, 23.7968], [-168.4428, 23.7976], [-168.4333, 23.7982], [-168.4238, 23.7986], [-168.4143, 23.7989], [-168.4048, 23.7991], [-168.3937, 23.9655]]]}, "properties": {"layer": "storm_track", "kind": "wind_radii_forecast", "storm_id": "ep152026", "storm_name": "Nolo", "wind_kt": 50, "label": "+24h", "valid_text": "2:00 AM HST October 03, 2026"}}, {"type": "Feature", "geometry": {"type": "Polygon", "coordinates": [[[-168.3968, 23.6327], [-168.3905, 23.6326], [-168.3842, 23.6324], [-168.3778, 23.6321], [-168.3715, 23.6317], [-168.3652, 23.6312], [-168.3589, 23.6306], [-168.3526, 23.6299], [-168.3463, 23.6291], [-168.3401, 23.6282], [-168.3338, 23.6272], [-168.3276, 23.626], [-168.3214, 23.6248], [-168.3152, 23.6235], [-168.3091, 23.6221], [-168.3029, 23.6206], [-168.2969, 23.619], [-168.2908, 23.6173], [-168.2848, 23.6155], [-168.2788, 23.6136], [-168.2728, 23.6116], [-168.2669, 23.6095], [-168.261, 23.6073], [-168.2552, 23.6051], [-168.2494, 23.6027], [-168.2437, 23.6002], [-168.238, 23.5977], [-168.2324, 23.5951], [-168.2267, 23.5923], [-168.2212, 23.5895], [-168.2157, 23.5866], [-168.2103, 23.5836], [-168.2049, 23.5805], [-168.1996, 23.5773], [-168.1944, 23.5741], [-168.1892, 23.5707], [-168.1841, 23.5673], [-168.179, 23.5638], [-168.174, 23.5602], [-168.1691, 23.5566], [-168.1643, 23.5528], [-168.1595, 23.549], [-168.1548, 23.5451], [-168.1502, 23.5412], [-168.1456, 23.5371], [-168.1412, 23.533], [-168.1368, 23.5288], [-168.1325, 23.5246], [-168.1282, 23.5202], [-168.1241, 23.5159], [-168.12, 23.5114], [-168.116, 23.5069], [-168.1122, 23.5023], [-168.1083, 23.4977], [-168.1046, 23.4929], [-168.101, 23.4882], [-168.0975, 23.4834], [-168.0941, 23.4785], [-168.0907, 23.4736], [-168.0875, 23.4686], [-168.0843, 23.4635], [-168.0812, 23.4584], [-168.0783, 23.4533], [-168.0754, 23.4481], [-168.0727, 23.4429], [-168.07, 23.4376], [-168.0674, 23.4323], [-168.065, 23.427], [-168.0626, 23.4216], [-168.0604, 23.4162], [-168.0582, 23.4107], [-168.0562, 23.4052], [-168.0542, 23.3997], [-168.0524, 23.3941], [-168.0507, 23.3885], [-168.049, 23.3829], [-168.0475, 23.3773], [-168.0461, 23.3716], [-168.0448, 23.3659], [-168.0436, 23.3602], [-168.0425, 23.3545], [-168.0416, 23.3488], [-168.0407, 23.343], [-168.0399, 23.3373], [-168.0393, 23.3315], [-168.0388, 23.3257], [-168.0383, 23.3199], [-168.038, 23.3141], [-168.0378, 23.3083], [-168.0377, 23.3025], [-168.1283, 23.2976], [-168.1284, 23.2932], [-168.1286, 23.2889], [-168.1288, 23.2845], [-168.1292, 23.2802], [-168.1296, 23.2759], [-168.1301, 23.2715], [-168.1307, 23.2672], [-168.1313, 23.2629], [-168.1321, 23.2586], [-168.1329, 23.2543], [-168.1338, 23.25], [-168.1348, 23.2458], [-168.1359, 23.2415], [-168.1371, 23.2373], [-168.1383, 23.2331], [-168.1396, 23.2289], [-168.141, 23.2247], [-168.1425, 23.2206], [-168.144, 23.2165], [-168.1457, 23.2124], [-168.1474, 23.2083], [-168.1492, 23.2043], [-168.151, 23.2003], [-168.1529, 23.1963], [-168.155, 23.1924], [-168.157, 23.1885], [-168.1592, 23.1846], [-168.1614, 23.1807], [-168.1637, 23.1769], [-168.1661, 23.1732], [-168.1686, 23.1694], [-168.1711, 23.1657], [-168.1737, 23.1621], [-168.1763, 23.1585], [-168.179, 23.1549], [-168.1818, 23.1514], [-168.1847, 23.1479], [-168.1876, 23.1445], [-168.1906, 23.1411], [-168.1936, 23.1378], [-168.1968, 23.1345], [-168.1999, 23.1313], [-168.2032, 23.1281], [-168.2065, 23.125], [-168.2098, 23.1219], [-168.2132, 23.1189], [-168.2167, 23.1159], [-168.2202, 23.113], [-168.2238, 23.1101], [-168.2274, 23.1073], [-168.2311, 23.1046], [-168.2348, 23.1019], [-168.2386, 23.0993], [-168.2425, 23.0968], [-168.2463, 23.0943], [-168.2503, 23.0918], [-168.2543, 23.0895], [-168.2583, 23.0872], [-168.2623, 23.0849], [-168.2664, 23.0827], [-168.2706, 23.0806], [-168.2748, 23.0786], [-168.279, 23.0766], [-168.2832, 23.0747], [-168.2875, 23.0729], [-168.2918, 23.0711], [-168.2962, 23.0694], [-168.3006, 23.0678], [-168.305, 23.0662], [-168.3095, 23.0647], [-168.314, 23.0633], [-168.3184, 23.062], [-168.323, 23.0607], [-168.3275, 23.0595], [-168.3321, 23.0584], [-168.3367, 23.0573], [-168.3413, 23.0564], [-168.3459, 23.0554], [-168.3506, 23.0546], [-168.3552, 23.0539], [-168.3599, 23.0532], [-168.3646, 23.0526], [-168.3693, 23.052], [-168.374, 23.0516], [-168.3787, 23.0512], [-168.3835, 23.0509], [-168.3882, 23.0507], [-168.3929, 23.0505], [-168.3976, 23.0505], [-168.4016, 23.1336], [-168.4048, 23.1337], [-168.4079, 23.1338], [-168.411, 23.1339], [-168.4142, 23.1341], [-168.4173, 23.1344], [-168.4205, 23.1347], [-168.4236, 23.1351], [-168.4268, 23.1355], [-168.4299, 23.1359], [-168.433, 23.1364], [-168.4361, 23.137], [-168.4392, 23.1376], [-168.4422, 23.1382], [-168.4453, 23.1389], [-168.4483, 23.1397], [-168.4514, 23.1405], [-168.4544, 23.1413], [-168.4574, 23.1422], [-168.4604, 23.1432], [-168.4634, 23.1442], [-168.4663, 23.1452], [-168.4693, 23.1463], [-168.4722, 23.1474], [-168.4751, 23.1486], [-168.4779, 23.1498], [-168.4807, 23.1511], [-168.4836, 23.1524], [-168.4863, 23.1538], [-168.4891, 23.1552], [-168.4919, 23.1566], [-168.4946, 23.1581], [-168.4972, 23.1597], [-168.4999, 23.1612], [-168.5025, 23.1629], [-168.5051, 23.1645], [-168.5076, 23.1662], [-168.5102, 23.168], [-168.5127, 23.1698], [-168.5151, 23.1716], [-168.5175, 23.1735], [-168.5199, 23.1754], [-168.5223, 23.1773], [-168.5246, 23.1793], [-168.5269, 23.1813], [-168.5291, 23.1833], [-168.5313, 23.1854], [-168.5334, 23.1875], [-168.5356, 23.1897], [-168.5376, 23.1919], [-168.5397, 23.1941], [-168.5417, 23.1964], [-168.5436, 23.1987], [-168.5455, 23.201], [-168.5474, 23.2033], [-168.5492, 23.2057], [-168.5509, 23.2081], [-168.5527, 23.2105], [-168.5544, 23.213], [-168.556, 23.2155], [-168.5576, 23.218], [-168.5591, 23.2205], [-168.5606, 23.2231], [-168.562, 23.2257], [-168.5634, 23.2283], [-168.5648, 23.2309], [-168.566, 23.2336], [-168.5673, 23.2362], [-168.5685, 23.2389], [-168.5696, 23.2416], [-168.5707, 23.2444], [-168.5717, 23.2471], [-168.5727, 23.2499], [-168.5736, 23.2527], [-168.5745, 23.2554], [-168.5753, 23.2582], [-168.5761, 23.2611], [-168.5768, 23.2639], [-168.5775, 23.2667], [-168.5781, 23.2696], [-168.5786, 23.2724], [-168.5791, 23.2753], [-168.5796, 23.2782], [-168.58, 23.2811], [-168.5803, 23.284], [-168.5806, 23.2868], [-168.5808, 23.2897], [-168.581, 23.2926], [-168.5811, 23.2955], [-168.5811, 23.2984], [-168.6717, 23.3019], [-168.6716, 23.3063], [-168.6715, 23.3106], [-168.6712, 23.315], [-168.6709, 23.3193], [-168.6705, 23.3237], [-168.67, 23.328], [-168.6695, 23.3323], [-168.6688, 23.3367], [-168.6681, 23.341], [-168.6673, 23.3453], [-168.6664, 23.3495], [-168.6654, 23.3538], [-168.6643, 23.358], [-168.6632, 23.3623], [-168.662, 23.3665], [-168.6607, 23.3707], [-168.6593, 23.3748], [-168.6578, 23.379], [-168.6563, 23.3831], [-168.6547, 23.3872], [-168.653, 23.3913], [-168.6512, 23.3953], [-168.6494, 23.3993], [-168.6474, 23.4033], [-168.6454, 23.4072], [-168.6434, 23.4112], [-168.6412, 23.415], [-168.639, 23.4189], [-168.6367, 23.4227], [-168.6344, 23.4265], [-168.6319, 23.4302], [-168.6294, 23.4339], [-168.6268, 23.4376], [-168.6242, 23.4412], [-168.6215, 23.4448], [-168.6187, 23.4483], [-168.6158, 23.4518], [-168.6129, 23.4552], [-168.6099, 23.4586], [-168.6069, 23.4619], [-168.6038, 23.4652], [-168.6006, 23.4685], [-168.5974, 23.4717], [-168.5941, 23.4748], [-168.5907, 23.4779], [-168.5873, 23.4809], [-168.5838, 23.4839], [-168.5803, 23.4868], [-168.5767, 23.4897], [-168.5731, 23.4925], [-168.5694, 23.4952], [-168.5657, 23.4979], [-168.5619, 23.5005], [-168.558, 23.5031], [-168.5542, 23.5056], [-168.5502, 23.508], [-168.5462, 23.5104], [-168.5422, 23.5127], [-168.5381, 23.515], [-168.534, 23.5171], [-168.5299, 23.5193], [-168.5257, 23.5213], [-168.5215, 23.5233], [-168.5172, 23.5252], [-168.5129, 23.527], [-168.5085, 23.5288], [-168.5042, 23.5305], [-168.4998, 23.5322], [-168.4953, 23.5337], [-168.4909, 23.5352], [-168.4864, 23.5366], [-168.4819, 23.538], [-168.4773, 23.5393], [-168.4727, 23.5405], [-168.4682, 23.5416], [-168.4636, 23.5426], [-168.4589, 23.5436], [-168.4543, 23.5445], [-168.4496, 23.5454], [-168.4449, 23.5461], [-168.4402, 23.5468], [-168.4355, 23.5474], [-168.4308, 23.5479], [-168.4261, 23.5484], [-168.4214, 23.5488], [-168.4166, 23.5491], [-168.4119, 23.5493], [-168.4071, 23.5495], [-168.4024, 23.5495], [-168.3968, 23.6327]]]}, "properties": {"layer": "storm_track", "kind": "wind_radii_forecast", "storm_id": "ep152026", "storm_name": "Nolo", "wind_kt": 64, "label": "+24h", "valid_text": "2:00 AM HST October 03, 2026"}}, {"type": "Feature", "geometry": {"type": "Polygon", "coordinates": [[[-170.6807, 25.2964], [-170.6422, 25.2957], [-170.6037, 25.2945], [-170.5652, 25.2926], [-170.5268, 25.2902], [-170.4884, 25.2871], [-170.4501, 25.2834], [-170.4119, 25.2791], [-170.3737, 25.2742], [-170.3357, 25.2686], [-170.2978, 25.2625], [-170.26, 25.2557], [-170.2224, 25.2484], [-170.1849, 25.2404], [-170.1475, 25.2319], [-170.1104, 25.2227], [-170.0734, 25.213], [-170.0366, 25.2026], [-170.0001, 25.1917], [-169.9637, 25.1802], [-169.9276, 25.1681], [-169.8918, 25.1554], [-169.8562, 25.1422], [-169.8209, 25.1284], [-169.7858, 25.114], [-169.7511, 25.0991], [-169.7166, 25.0836], [-169.6825, 25.0675], [-169.6486, 25.051], [-169.6151, 25.0338], [-169.582, 25.0162], [-169.5492, 24.998], [-169.5168, 24.9793], [-169.4847, 24.9601], [-169.4531, 24.9403], [-169.4218, 24.9201], [-169.3909, 24.8994], [-169.3605, 24.8781], [-169.3305, 24.8564], [-169.3009, 24.8342], [-169.2717, 24.8116], [-169.243, 24.7885], [-169.2148, 24.7649], [-169.187, 24.7408], [-169.1597, 24.7164], [-169.1329, 24.6915], [-169.1066, 24.6661], [-169.0807, 24.6404], [-169.0554, 24.6142], [-169.0306, 24.5877], [-169.0064, 24.5607], [-168.9826, 24.5334], [-168.9594, 24.5057], [-168.9368, 24.4776], [-168.9147, 24.4492], [-168.8931, 24.4204], [-168.8721, 24.3912], [-168.8517, 24.3618], [-168.8319, 24.332], [-168.8126, 24.3019], [-168.794, 24.2715], [-168.7759, 24.2408], [-168.7584, 24.2098], [-168.7415, 24.1786], [-168.7253, 24.1471], [-168.7096, 24.1153], [-168.6946, 24.0833], [-168.6802, 24.051], [-168.6664, 24.0185], [-168.6532, 23.9858], [-168.6407, 23.9529], [-168.6288, 23.9198], [-168.6176, 23.8865], [-168.607, 23.8531], [-168.597, 23.8195], [-168.5877, 23.7857], [-168.579, 23.7518], [-168.571, 23.7177], [-168.5637, 23.6835], [-168.557, 23.6492], [-168.5509, 23.6148], [-168.5455, 23.5804], [-168.5408, 23.5458], [-168.5367, 23.5111], [-168.5333, 23.4765], [-168.5306, 23.4417], [-168.5285, 23.4069], [-168.5271, 23.3721], [-168.5264, 23.3373], [-168.5263, 23.3024], [-169.2511, 23.2817], [-169.2518, 23.2585], [-169.2529, 23.2353], [-169.2545, 23.2121], [-169.2565, 23.189], [-169.259, 23.1659], [-169.2619, 23.1428], [-169.2652, 23.1198], [-169.269, 23.0968], [-169.2731, 23.0739], [-169.2778, 23.0511], [-169.2828, 23.0283], [-169.2883, 23.0056], [-169.2942, 22.983], [-169.3006, 22.9606], [-169.3073, 22.9382], [-169.3145, 22.9159], [-169.3221, 22.8938], [-169.3301, 22.8718], [-169.3385, 22.8499], [-169.3474, 22.8281], [-169.3566, 22.8065], [-169.3663, 22.785], [-169.3763, 22.7638], [-169.3868, 22.7426], [-169.3976, 22.7217], [-169.4089, 22.7009], [-169.4205, 22.6803], [-169.4325, 22.6599], [-169.4449, 22.6396], [-169.4577, 22.6196], [-169.4708, 22.5998], [-169.4843, 22.5802], [-169.4982, 22.5608], [-169.5124, 22.5417], [-169.527, 22.5228], [-169.5419, 22.5041], [-169.5572, 22.4857], [-169.5729, 22.4675], [-169.5888, 22.4495], [-169.6051, 22.4318], [-169.6217, 22.4144], [-169.6387, 22.3973], [-169.656, 22.3804], [-169.6735, 22.3638], [-169.6914, 22.3475], [-169.7096, 22.3315], [-169.7281, 22.3157], [-169.7468, 22.3003], [-169.7659, 22.2852], [-169.7852, 22.2704], [-169.8048, 22.2559], [-169.8247, 22.2417], [-169.8448, 22.2278], [-169.8652, 22.2143], [-169.8858, 22.201], [-169.9067, 22.1882], [-169.9278, 22.1756], [-169.9492, 22.1634], [-169.9707, 22.1515], [-169.9925, 22.14], [-170.0145, 22.1289], [-170.0367, 22.118], [-170.0591, 22.1076], [-170.0816, 22.0975], [-170.1044, 22.0878], [-170.1273, 22.0784], [-170.1504, 22.0694], [-170.1737, 22.0608], [-170.1971, 22.0525], [-170.2207, 22.0447], [-170.2444, 22.0372], [-170.2683, 22.0301], [-170.2923, 22.0233], [-170.3164, 22.017], [-170.3406, 22.011], [-170.3649, 22.0055], [-170.3893, 22.0003], [-170.4138, 21.9955], [-170.4384, 21.9911], [-170.4631, 21.9871], [-170.4879, 21.9835], [-170.5127, 21.9803], [-170.5376, 21.9775], [-170.5625, 21.9751], [-170.5874, 21.9731], [-170.6124, 21.9715], [-170.6374, 21.9703], [-170.6624, 21.9695], [-170.6875, 21.9691], [-170.7094, 22.3018], [-170.7282, 22.3021], [-170.7471, 22.3027], [-170.7659, 22.3036], [-170.7847, 22.3048], [-170.8034, 22.3063], [-170.8221, 22.3082], [-170.8408, 22.3103], [-170.8595, 22.3127], [-170.8781, 22.3154], [-170.8966, 22.3184], [-170.9151, 22.3217], [-170.9336, 22.3253], [-170.9519, 22.3292], [-170.9702, 22.3334], [-170.9884, 22.3378], [-171.0065, 22.3426], [-171.0245, 22.3477], [-171.0425, 22.353], [-171.0603, 22.3586], [-171.078, 22.3645], [-171.0956, 22.3708], [-171.1131, 22.3772], [-171.1305, 22.384], [-171.1477, 22.391], [-171.1648, 22.3983], [-171.1817, 22.4059], [-171.1986, 22.4138], [-171.2153, 22.4219], [-171.2318, 22.4303], [-171.2481, 22.439], [-171.2643, 22.4479], [-171.2803, 22.4571], [-171.2962, 22.4665], [-171.3119, 22.4762], [-171.3273, 22.4861], [-171.3427, 22.4963], [-171.3578, 22.5067], [-171.3727, 22.5174], [-171.3874, 22.5283], [-171.4019, 22.5394], [-171.4162, 22.5508], [-171.4303, 22.5624], [-171.4441, 22.5742], [-171.4578, 22.5862], [-171.4712, 22.5985], [-171.4844, 22.6109], [-171.4973, 22.6236], [-171.51, 22.6365], [-171.5225, 22.6496], [-171.5347, 22.6629], [-171.5466, 22.6763], [-171.5584, 22.69], [-171.5698, 22.7038], [-171.581, 22.7179], [-171.5919, 22.7321], [-171.6026, 22.7465], [-171.613, 22.761], [-171.6231, 22.7757], [-171.6329, 22.7906], [-171.6425, 22.8056], [-171.6517, 22.8208], [-171.6607, 22.8362], [-171.6694, 22.8516], [-171.6778, 22.8672], [-171.6859, 22.883], [-171.6937, 22.8988], [-171.7012, 22.9148], [-171.7085, 22.9309], [-171.7154, 22.9472], [-171.722, 22.9635], [-171.7282, 22.9799], [-171.7342, 22.9964], [-171.7399, 23.0131], [-171.7452, 23.0298], [-171.7503, 23.0466], [-171.755, 23.0634], [-171.7594, 23.0804], [-171.7634, 23.0974], [-171.7672, 23.1145], [-171.7706, 23.1316], [-171.7737, 23.1488], [-171.7765, 23.166], [-171.7789, 23.1833], [-171.7811, 23.2006], [-171.7829, 23.218], [-171.7843, 23.2353], [-171.7854, 23.2527], [-171.7863, 23.2701], [-171.7867, 23.2875], [-172.6926, 23.3034], [-172.6925, 23.3353], [-172.6917, 23.3672], [-172.6904, 23.3992], [-172.6885, 23.431], [-172.6859, 23.4629], [-172.6827, 23.4947], [-172.679, 23.5264], [-172.6746, 23.5581], [-172.6696, 23.5897], [-172.664, 23.6212], [-172.6578, 23.6527], [-172.651, 23.684], [-172.6437, 23.7152], [-172.6357, 23.7463], [-172.6271, 23.7773], [-172.618, 23.8081], [-172.6082, 23.8387], [-172.5978, 23.8692], [-172.5869, 23.8996], [-172.5754, 23.9297], [-172.5633, 23.9597], [-172.5506, 23.9894], [-172.5374, 24.019], [-172.5236, 24.0483], [-172.5092, 24.0774], [-172.4943, 24.1063], [-172.4788, 24.1349], [-172.4627, 24.1633], [-172.4461, 24.1914], [-172.429, 24.2193], [-172.4113, 24.2469], [-172.3931, 24.2741], [-172.3744, 24.3011], [-172.3551, 24.3278], [-172.3354, 24.3542], [-172.3151, 24.3802], [-172.2943, 24.406], [-172.273, 24.4313], [-172.2512, 24.4564], [-172.229, 24.4811], [-172.2062, 24.5054], [-172.183, 24.5293], [-172.1594, 24.5529], [-172.1352, 24.5761], [-172.1107, 24.5989], [-172.0856, 24.6213], [-172.0602, 24.6433], [-172.0343, 24.6649], [-172.008, 24.6861], [-171.9813, 24.7069], [-171.9541, 24.7272], [-171.9266, 24.7471], [-171.8987, 24.7665], [-171.8704, 24.7855], [-171.8418, 24.804], [-171.8128, 24.8221], [-171.7834, 24.8397], [-171.7537, 24.8568], [-171.7237, 24.8735], [-171.6933, 24.8896], [-171.6627, 24.9053], [-171.6317, 24.9205], [-171.6004, 24.9352], [-171.5688, 24.9494], [-171.537, 24.963], [-171.5049, 24.9762], [-171.4726, 24.9888], [-171.44, 25.001], [-171.4071, 25.0126], [-171.3741, 25.0236], [-171.3408, 25.0342], [-171.3073, 25.0442], [-171.2737, 25.0536], [-171.2398, 25.0626], [-171.2058, 25.0709], [-171.1716, 25.0788], [-171.1373, 25.0861], [-171.1028, 25.0928], [-171.0682, 25.099], [-171.0335, 25.1046], [-170.9987, 25.1097], [-170.9638, 25.1142], [-170.9288, 25.1181], [-170.8937, 25.1215], [-170.8586, 25.1243], [-170.8234, 25.1266], [-170.7882, 25.1283], [-170.7529, 25.1294], [-170.7177, 25.13], [-170.6807, 25.2964]]]}, "properties": {"layer": "storm_track", "kind": "wind_radii_forecast", "storm_id": "ep152026", "storm_name": "Nolo", "wind_kt": 34, "label": "+24h", "valid_text": "2:00 AM HST October 03, 2026"}}, {"type": "Feature", "geometry": {"type": "Polygon", "coordinates": [[[-170.6921, 24.1318], [-170.6761, 24.1316], [-170.6603, 24.131], [-170.6444, 24.1303], [-170.6285, 24.1293], [-170.6127, 24.128], [-170.5968, 24.1265], [-170.581, 24.1247], [-170.5653, 24.1227], [-170.5496, 24.1204], [-170.5339, 24.1178], [-170.5183, 24.115], [-170.5028, 24.112], [-170.4873, 24.1087], [-170.4718, 24.1052], [-170.4565, 24.1014], [-170.4412, 24.0974], [-170.426, 24.0931], [-170.4109, 24.0886], [-170.3959, 24.0838], [-170.3809, 24.0788], [-170.3661, 24.0736], [-170.3514, 24.0681], [-170.3367, 24.0624], [-170.3222, 24.0565], [-170.3079, 24.0503], [-170.2936, 24.0439], [-170.2794, 24.0373], [-170.2654, 24.0304], [-170.2516, 24.0234], [-170.2378, 24.0161], [-170.2242, 24.0085], [-170.2108, 24.0008], [-170.1975, 23.9929], [-170.1843, 23.9847], [-170.1714, 23.9763], [-170.1585, 23.9678], [-170.1459, 23.959], [-170.1334, 23.95], [-170.1211, 23.9408], [-170.109, 23.9314], [-170.097, 23.9219], [-170.0853, 23.9121], [-170.0737, 23.9022], [-170.0623, 23.892], [-170.0511, 23.8817], [-170.0402, 23.8712], [-170.0294, 23.8606], [-170.0188, 23.8497], [-170.0085, 23.8387], [-169.9983, 23.8276], [-169.9884, 23.8162], [-169.9787, 23.8047], [-169.9692, 23.7931], [-169.96, 23.7813], [-169.9509, 23.7694], [-169.9421, 23.7573], [-169.9336, 23.7451], [-169.9252, 23.7327], [-169.9171, 23.7202], [-169.9093, 23.7076], [-169.9017, 23.6949], [-169.8943, 23.682], [-169.8872, 23.6691], [-169.8803, 23.656], [-169.8737, 23.6428], [-169.8673, 23.6295], [-169.8612, 23.6161], [-169.8554, 23.6026], [-169.8498, 23.589], [-169.8445, 23.5754], [-169.8394, 23.5616], [-169.8346, 23.5478], [-169.8301, 23.5339], [-169.8258, 23.5199], [-169.8218, 23.5058], [-169.818, 23.4917], [-169.8146, 23.4776], [-169.8114, 23.4633], [-169.8085, 23.4491], [-169.8058, 23.4348], [-169.8034, 23.4204], [-169.8013, 23.406], [-169.7995, 23.3916], [-169.7979, 23.3771], [-169.7967, 23.3627], [-169.7957, 23.3482], [-169.7949, 23.3337], [-169.7945, 23.3192], [-169.7943, 23.3047], [-169.9755, 23.2925], [-169.9758, 23.2809], [-169.9763, 23.2693], [-169.977, 23.2577], [-169.978, 23.2461], [-169.9791, 23.2346], [-169.9805, 23.223], [-169.9821, 23.2115], [-169.9839, 23.2], [-169.986, 23.1885], [-169.9882, 23.1771], [-169.9907, 23.1657], [-169.9934, 23.1544], [-169.9963, 23.1431], [-169.9994, 23.1318], [-170.0027, 23.1206], [-170.0063, 23.1095], [-170.01, 23.0984], [-170.014, 23.0874], [-170.0181, 23.0764], [-170.0225, 23.0655], [-170.0271, 23.0547], [-170.0319, 23.0439], [-170.0369, 23.0332], [-170.042, 23.0227], [-170.0474, 23.0122], [-170.053, 23.0017], [-170.0588, 22.9914], [-170.0648, 22.9812], [-170.0709, 22.9711], [-170.0773, 22.961], [-170.0838, 22.9511], [-170.0905, 22.9413], [-170.0975, 22.9316], [-170.1046, 22.9219], [-170.1118, 22.9125], [-170.1193, 22.9031], [-170.1269, 22.8938], [-170.1347, 22.8847], [-170.1427, 22.8757], [-170.1508, 22.8669], [-170.1591, 22.8581], [-170.1676, 22.8495], [-170.1762, 22.8411], [-170.185, 22.8327], [-170.1939, 22.8245], [-170.203, 22.8165], [-170.2123, 22.8086], [-170.2217, 22.8009], [-170.2312, 22.7933], [-170.2409, 22.7858], [-170.2507, 22.7786], [-170.2607, 22.7714], [-170.2707, 22.7645], [-170.2809, 22.7577], [-170.2913, 22.751], [-170.3017, 22.7446], [-170.3123, 22.7383], [-170.323, 22.7321], [-170.3338, 22.7262], [-170.3447, 22.7204], [-170.3558, 22.7148], [-170.3669, 22.7094], [-170.3781, 22.7041], [-170.3895, 22.699], [-170.4009, 22.6942], [-170.4124, 22.6895], [-170.424, 22.6849], [-170.4357, 22.6806], [-170.4474, 22.6765], [-170.4593, 22.6725], [-170.4712, 22.6687], [-170.4832, 22.6652], [-170.4952, 22.6618], [-170.5073, 22.6586], [-170.5195, 22.6556], [-170.5317, 22.6528], [-170.5439, 22.6502], [-170.5562, 22.6478], [-170.5686, 22.6456], [-170.581, 22.6436], [-170.5934, 22.6418], [-170.6059, 22.6402], [-170.6184, 22.6388], [-170.6309, 22.6376], [-170.6434, 22.6366], [-170.656, 22.6358], [-170.6686, 22.6352], [-170.6811, 22.6348], [-170.6937, 22.6345], [-170.7047, 22.8009], [-170.7142, 22.8011], [-170.7236, 22.8014], [-170.733, 22.8018], [-170.7425, 22.8024], [-170.7519, 22.8032], [-170.7613, 22.8041], [-170.7707, 22.8051], [-170.78, 22.8064], [-170.7894, 22.8077], [-170.7987, 22.8092], [-170.808, 22.8109], [-170.8172, 22.8127], [-170.8264, 22.8146], [-170.8356, 22.8167], [-170.8447, 22.819], [-170.8538, 22.8214], [-170.8628, 22.8239], [-170.8718, 22.8266], [-170.8808, 22.8294], [-170.8896, 22.8324], [-170.8985, 22.8355], [-170.9072, 22.8387], [-170.916, 22.8421], [-170.9246, 22.8457], [-170.9332, 22.8493], [-170.9417, 22.8531], [-170.9501, 22.8571], [-170.9585, 22.8612], [-170.9667, 22.8654], [-170.9749, 22.8697], [-170.983, 22.8742], [-170.9911, 22.8788], [-170.999, 22.8835], [-171.0069, 22.8884], [-171.0146, 22.8934], [-171.0223, 22.8985], [-171.0298, 22.9037], [-171.0373, 22.909], [-171.0447, 22.9145], [-171.0519, 22.9201], [-171.0591, 22.9258], [-171.0661, 22.9316], [-171.0731, 22.9375], [-171.0799, 22.9436], [-171.0866, 22.9497], [-171.0932, 22.9559], [-171.0997, 22.9623], [-171.106, 22.9688], [-171.1122, 22.9753], [-171.1183, 22.982], [-171.1243, 22.9887], [-171.1302, 22.9956], [-171.1359, 23.0025], [-171.1415, 23.0096], [-171.1469, 23.0167], [-171.1522, 23.0239], [-171.1574, 23.0312], [-171.1625, 23.0385], [-171.1673, 23.046], [-171.1721, 23.0535], [-171.1767, 23.0611], [-171.1812, 23.0688], [-171.1855, 23.0766], [-171.1897, 23.0844], [-171.1937, 23.0922], [-171.1976, 23.1002], [-171.2013, 23.1082], [-171.2049, 23.1163], [-171.2084, 23.1244], [-171.2116, 23.1326], [-171.2147, 23.1408], [-171.2177, 23.1491], [-171.2205, 23.1574], [-171.2231, 23.1658], [-171.2256, 23.1742], [-171.228, 23.1826], [-171.2301, 23.1911], [-171.2321, 23.1996], [-171.234, 23.2081], [-171.2356, 23.2167], [-171.2372, 23.2253], [-171.2385, 23.2339], [-171.2397, 23.2426], [-171.2407, 23.2512], [-171.2416, 23.2599], [-171.2423, 23.2686], [-171.2428, 23.2773], [-171.2432, 23.286], [-171.2434, 23.2947], [-171.4246, 23.3041], [-171.4244, 23.3158], [-171.424, 23.3274], [-171.4234, 23.339], [-171.4226, 23.3506], [-171.4216, 23.3621], [-171.4203, 23.3737], [-171.4188, 23.3852], [-171.4171, 23.3967], [-171.4152, 23.4082], [-171.4131, 23.4197], [-171.4107, 23.4311], [-171.4082, 23.4424], [-171.4054, 23.4538], [-171.4024, 23.4651], [-171.3992, 23.4763], [-171.3957, 23.4875], [-171.3921, 23.4986], [-171.3882, 23.5097], [-171.3842, 23.5207], [-171.3799, 23.5316], [-171.3754, 23.5424], [-171.3707, 23.5532], [-171.3658, 23.5639], [-171.3607, 23.5746], [-171.3554, 23.5851], [-171.3499, 23.5956], [-171.3442, 23.606], [-171.3383, 23.6162], [-171.3322, 23.6264], [-171.3259, 23.6365], [-171.3194, 23.6465], [-171.3128, 23.6564], [-171.3059, 23.6661], [-171.2989, 23.6758], [-171.2916, 23.6853], [-171.2842, 23.6948], [-171.2766, 23.7041], [-171.2688, 23.7132], [-171.2609, 23.7223], [-171.2528, 23.7312], [-171.2445, 23.74], [-171.236, 23.7487], [-171.2274, 23.7572], [-171.2186, 23.7656], [-171.2097, 23.7738], [-171.2006, 23.7819], [-171.1913, 23.7899], [-171.1819, 23.7977], [-171.1724, 23.8053], [-171.1627, 23.8128], [-171.1528, 23.8202], [-171.1429, 23.8273], [-171.1328, 23.8343], [-171.1225, 23.8412], [-171.1121, 23.8479], [-171.1016, 23.8544], [-171.091, 23.8608], [-171.0802, 23.867], [-171.0694, 23.873], [-171.0584, 23.8788], [-171.0473, 23.8844], [-171.0361, 23.8899], [-171.0248, 23.8952], [-171.0134, 23.9003], [-171.0019, 23.9053], [-170.9903, 23.91], [-170.9786, 23.9146], [-170.9668, 23.9189], [-170.955, 23.9231], [-170.943, 23.9271], [-170.931, 23.9309], [-170.9189, 23.9345], [-170.9068, 23.9379], [-170.8946, 23.9412], [-170.8823, 23.9442], [-170.87, 23.947], [-170.8576, 23.9496], [-170.8452, 23.952], [-170.8327, 23.9543], [-170.8202, 23.9563], [-170.8076, 23.9581], [-170.7951, 23.9598], [-170.7825, 23.9612], [-170.7698, 23.9624], [-170.7572, 23.9634], [-170.7445, 23.9642], [-170.7318, 23.9648], [-170.7191, 23.9652], [-170.7064, 23.9655], [-170.6921, 24.1318]]]}, "properties": {"layer": "storm_track", "kind": "wind_radii_forecast", "storm_id": "ep152026", "storm_name": "Nolo", "wind_kt": 50, "label": "+36h", "valid_text": "2:00 PM HST October 03, 2026"}}, {"type": "Feature", "geometry": {"type": "Polygon", "coordinates": [[[-170.696, 23.7159], [-170.6881, 23.7158], [-170.6802, 23.7155], [-170.6723, 23.7151], [-170.6644, 23.7146], [-170.6565, 23.714], [-170.6486, 23.7132], [-170.6407, 23.7124], [-170.6329, 23.7113], [-170.625, 23.7102], [-170.6172, 23.7089], [-170.6094, 23.7075], [-170.6017, 23.706], [-170.594, 23.7044], [-170.5863, 23.7026], [-170.5786, 23.7008], [-170.571, 23.6987], [-170.5634, 23.6966], [-170.5559, 23.6944], [-170.5484, 23.692], [-170.5409, 23.6895], [-170.5336, 23.6869], [-170.5262, 23.6842], [-170.5189, 23.6813], [-170.5117, 23.6784], [-170.5045, 23.6753], [-170.4974, 23.6721], [-170.4903, 23.6688], [-170.4833, 23.6654], [-170.4764, 23.6618], [-170.4695, 23.6582], [-170.4628, 23.6545], [-170.456, 23.6506], [-170.4494, 23.6466], [-170.4428, 23.6426], [-170.4364, 23.6384], [-170.43, 23.6341], [-170.4236, 23.6297], [-170.4174, 23.6252], [-170.4113, 23.6207], [-170.4052, 23.616], [-170.3992, 23.6112], [-170.3934, 23.6064], [-170.3876, 23.6014], [-170.3819, 23.5963], [-170.3763, 23.5912], [-170.3708, 23.586], [-170.3654, 23.5806], [-170.3601, 23.5752], [-170.355, 23.5697], [-170.3499, 23.5642], [-170.3449, 23.5585], [-170.34, 23.5528], [-170.3353, 23.547], [-170.3307, 23.5411], [-170.3261, 23.5351], [-170.3217, 23.5291], [-170.3174, 23.523], [-170.3132, 23.5168], [-170.3092, 23.5106], [-170.3053, 23.5043], [-170.3014, 23.498], [-170.2977, 23.4915], [-170.2942, 23.4851], [-170.2907, 23.4785], [-170.2874, 23.4719], [-170.2842, 23.4653], [-170.2811, 23.4586], [-170.2782, 23.4519], [-170.2754, 23.4451], [-170.2727, 23.4383], [-170.2701, 23.4314], [-170.2677, 23.4245], [-170.2654, 23.4175], [-170.2633, 23.4105], [-170.2612, 23.4035], [-170.2594, 23.3965], [-170.2576, 23.3894], [-170.256, 23.3823], [-170.2545, 23.3752], [-170.2531, 23.368], [-170.2519, 23.3608], [-170.2508, 23.3537], [-170.2499, 23.3464], [-170.2491, 23.3392], [-170.2484, 23.332], [-170.2479, 23.3247], [-170.2475, 23.3175], [-170.2473, 23.3102], [-170.2472, 23.303], [-170.3378, 23.2967], [-170.3379, 23.2909], [-170.3381, 23.2851], [-170.3385, 23.2793], [-170.3389, 23.2735], [-170.3395, 23.2677], [-170.3401, 23.2619], [-170.3409, 23.2562], [-170.3418, 23.2504], [-170.3428, 23.2447], [-170.3439, 23.239], [-170.3452, 23.2333], [-170.3465, 23.2276], [-170.3479, 23.2219], [-170.3495, 23.2163], [-170.3511, 23.2107], [-170.3529, 23.2051], [-170.3548, 23.1996], [-170.3567, 23.194], [-170.3588, 23.1886], [-170.361, 23.1831], [-170.3632, 23.1777], [-170.3656, 23.1723], [-170.3681, 23.167], [-170.3707, 23.1617], [-170.3734, 23.1564], [-170.3761, 23.1512], [-170.379, 23.146], [-170.382, 23.1409], [-170.3851, 23.1358], [-170.3882, 23.1308], [-170.3915, 23.1258], [-170.3949, 23.1209], [-170.3983, 23.1161], [-170.4019, 23.1113], [-170.4055, 23.1065], [-170.4092, 23.1018], [-170.413, 23.0972], [-170.4169, 23.0926], [-170.4209, 23.0881], [-170.425, 23.0837], [-170.4291, 23.0793], [-170.4333, 23.075], [-170.4377, 23.0707], [-170.4421, 23.0666], [-170.4465, 23.0625], [-170.4511, 23.0584], [-170.4557, 23.0545], [-170.4604, 23.0506], [-170.4652, 23.0468], [-170.47, 23.0431], [-170.4749, 23.0394], [-170.4799, 23.0359], [-170.4849, 23.0324], [-170.4901, 23.029], [-170.4952, 23.0256], [-170.5005, 23.0224], [-170.5058, 23.0193], [-170.5111, 23.0162], [-170.5165, 23.0132], [-170.522, 23.0103], [-170.5275, 23.0075], [-170.5331, 23.0048], [-170.5387, 23.0021], [-170.5444, 22.9996], [-170.5501, 22.9972], [-170.5559, 22.9948], [-170.5617, 22.9925], [-170.5675, 22.9904], [-170.5734, 22.9883], [-170.5794, 22.9863], [-170.5853, 22.9844], [-170.5913, 22.9826], [-170.5974, 22.9809], [-170.6034, 22.9793], [-170.6095, 22.9778], [-170.6156, 22.9764], [-170.6218, 22.9751], [-170.6279, 22.9739], [-170.6342, 22.9728], [-170.6404, 22.9718], [-170.6466, 22.9709], [-170.6528, 22.9701], [-170.6591, 22.9694], [-170.6654, 22.9688], [-170.6716, 22.9683], [-170.6779, 22.9679], [-170.6842, 22.9676], [-170.6905, 22.9674], [-170.6969, 22.9673], [-170.7024, 23.0505], [-170.7071, 23.0505], [-170.7118, 23.0507], [-170.7166, 23.0509], [-170.7213, 23.0512], [-170.726, 23.0516], [-170.7307, 23.052], [-170.7354, 23.0526], [-170.7401, 23.0532], [-170.7448, 23.0539], [-170.7494, 23.0546], [-170.7541, 23.0554], [-170.7587, 23.0564], [-170.7633, 23.0573], [-170.7679, 23.0584], [-170.7725, 23.0595], [-170.777, 23.0607], [-170.7816, 23.062], [-170.7861, 23.0633], [-170.7905, 23.0647], [-170.795, 23.0662], [-170.7994, 23.0678], [-170.8038, 23.0694], [-170.8082, 23.0711], [-170.8125, 23.0729], [-170.8168, 23.0747], [-170.821, 23.0766], [-170.8253, 23.0786], [-170.8294, 23.0806], [-170.8336, 23.0827], [-170.8377, 23.0849], [-170.8418, 23.0872], [-170.8458, 23.0895], [-170.8497, 23.0918], [-170.8537, 23.0943], [-170.8576, 23.0968], [-170.8614, 23.0993], [-170.8652, 23.1019], [-170.8689, 23.1046], [-170.8726, 23.1073], [-170.8762, 23.1101], [-170.8798, 23.113], [-170.8833, 23.1159], [-170.8868, 23.1189], [-170.8902, 23.1219], [-170.8936, 23.125], [-170.8968, 23.1281], [-170.9001, 23.1313], [-170.9033, 23.1345], [-170.9064, 23.1378], [-170.9094, 23.1411], [-170.9124, 23.1445], [-170.9153, 23.1479], [-170.9182, 23.1514], [-170.921, 23.1549], [-170.9237, 23.1585], [-170.9263, 23.1621], [-170.9289, 23.1657], [-170.9315, 23.1694], [-170.9339, 23.1732], [-170.9363, 23.1769], [-170.9386, 23.1807], [-170.9408, 23.1846], [-170.943, 23.1885], [-170.9451, 23.1924], [-170.9471, 23.1963], [-170.949, 23.2003], [-170.9509, 23.2043], [-170.9526, 23.2083], [-170.9543, 23.2124], [-170.956, 23.2165], [-170.9575, 23.2206], [-170.959, 23.2247], [-170.9604, 23.2289], [-170.9617, 23.2331], [-170.9629, 23.2373], [-170.9641, 23.2415], [-170.9652, 23.2458], [-170.9662, 23.25], [-170.9671, 23.2543], [-170.9679, 23.2586], [-170.9687, 23.2629], [-170.9693, 23.2672], [-170.9699, 23.2715], [-170.9704, 23.2758], [-170.9708, 23.2802], [-170.9712, 23.2845], [-170.9714, 23.2889], [-170.9716, 23.2932], [-170.9717, 23.2976], [-171.0623, 23.3025], [-171.0622, 23.3083], [-171.062, 23.3141], [-171.0617, 23.3199], [-171.0612, 23.3257], [-171.0607, 23.3315], [-171.0601, 23.3373], [-171.0593, 23.343], [-171.0584, 23.3488], [-171.0575, 23.3545], [-171.0564, 23.3602], [-171.0552, 23.3659], [-171.0539, 23.3716], [-171.0525, 23.3773], [-171.051, 23.3829], [-171.0493, 23.3885], [-171.0476, 23.3941], [-171.0458, 23.3997], [-171.0438, 23.4052], [-171.0418, 23.4107], [-171.0396, 23.4162], [-171.0374, 23.4216], [-171.035, 23.427], [-171.0326, 23.4323], [-171.03, 23.4376], [-171.0274, 23.4429], [-171.0246, 23.4481], [-171.0217, 23.4533], [-171.0188, 23.4584], [-171.0157, 23.4635], [-171.0126, 23.4686], [-171.0093, 23.4736], [-171.006, 23.4785], [-171.0025, 23.4834], [-170.999, 23.4882], [-170.9954, 23.4929], [-170.9917, 23.4976], [-170.9879, 23.5023], [-170.984, 23.5069], [-170.98, 23.5114], [-170.9759, 23.5159], [-170.9718, 23.5202], [-170.9676, 23.5246], [-170.9633, 23.5288], [-170.9589, 23.533], [-170.9544, 23.5371], [-170.9498, 23.5412], [-170.9452, 23.5451], [-170.9405, 23.549], [-170.9357, 23.5528], [-170.9309, 23.5566], [-170.926, 23.5602], [-170.921, 23.5638], [-170.9159, 23.5673], [-170.9108, 23.5707], [-170.9056, 23.5741], [-170.9004, 23.5773], [-170.8951, 23.5805], [-170.8897, 23.5836], [-170.8843, 23.5866], [-170.8788, 23.5895], [-170.8733, 23.5923], [-170.8677, 23.5951], [-170.862, 23.5977], [-170.8563, 23.6002], [-170.8506, 23.6027], [-170.8448, 23.6051], [-170.839, 23.6073], [-170.8331, 23.6095], [-170.8272, 23.6116], [-170.8212, 23.6136], [-170.8152, 23.6155], [-170.8092, 23.6173], [-170.8032, 23.619], [-170.7971, 23.6206], [-170.7909, 23.6221], [-170.7848, 23.6235], [-170.7786, 23.6248], [-170.7724, 23.626], [-170.7662, 23.6272], [-170.7599, 23.6282], [-170.7537, 23.6291], [-170.7474, 23.6299], [-170.7411, 23.6306], [-170.7348, 23.6312], [-170.7285, 23.6317], [-170.7222, 23.6321], [-170.7159, 23.6324], [-170.7095, 23.6326], [-170.7032, 23.6327], [-170.696, 23.7159]]]}, "properties": {"layer": "storm_track", "kind": "wind_radii_forecast", "storm_id": "ep152026", "storm_name": "Nolo", "wind_kt": 64, "label": "+36h", "valid_text": "2:00 PM HST October 03, 2026"}}, {"type": "Feature", "geometry": {"type": "Polygon", "coordinates": [[[-173.9791, 25.4627], [-173.9373, 25.462], [-173.8956, 25.4607], [-173.8538, 25.4587], [-173.8121, 25.456], [-173.7705, 25.4527], [-173.7289, 25.4487], [-173.6875, 25.444], [-173.6461, 25.4386], [-173.6048, 25.4326], [-173.5637, 25.426], [-173.5227, 25.4186], [-173.4819, 25.4107], [-173.4412, 25.402], [-173.4007, 25.3928], [-173.3604, 25.3828], [-173.3203, 25.3723], [-173.2804, 25.361], [-173.2408, 25.3492], [-173.2014, 25.3367], [-173.1622, 25.3236], [-173.1234, 25.3098], [-173.0848, 25.2955], [-173.0464, 25.2805], [-173.0084, 25.2649], [-172.9707, 25.2487], [-172.9334, 25.2319], [-172.8964, 25.2145], [-172.8597, 25.1965], [-172.8234, 25.178], [-172.7875, 25.1588], [-172.7519, 25.1391], [-172.7168, 25.1188], [-172.682, 25.098], [-172.6477, 25.0766], [-172.6138, 25.0546], [-172.5804, 25.0321], [-172.5474, 25.0091], [-172.5148, 24.9856], [-172.4827, 24.9615], [-172.4512, 24.9369], [-172.4201, 24.9119], [-172.3895, 24.8863], [-172.3594, 24.8602], [-172.3298, 24.8337], [-172.3008, 24.8067], [-172.2722, 24.7792], [-172.2443, 24.7513], [-172.2169, 24.723], [-172.19, 24.6942], [-172.1637, 24.6649], [-172.138, 24.6353], [-172.1129, 24.6053], [-172.0884, 24.5748], [-172.0644, 24.544], [-172.0411, 24.5128], [-172.0184, 24.4812], [-171.9963, 24.4493], [-171.9749, 24.417], [-171.954, 24.3843], [-171.9338, 24.3514], [-171.9143, 24.3181], [-171.8954, 24.2845], [-171.8771, 24.2507], [-171.8596, 24.2165], [-171.8427, 24.1821], [-171.8264, 24.1474], [-171.8108, 24.1124], [-171.7959, 24.0772], [-171.7817, 24.0418], [-171.7682, 24.0061], [-171.7554, 23.9702], [-171.7432, 23.9342], [-171.7318, 23.8979], [-171.721, 23.8615], [-171.711, 23.8249], [-171.7017, 23.7881], [-171.693, 23.7512], [-171.6851, 23.7142], [-171.6779, 23.677], [-171.6714, 23.6397], [-171.6656, 23.6024], [-171.6605, 23.5649], [-171.6562, 23.5274], [-171.6525, 23.4898], [-171.6496, 23.4522], [-171.6474, 23.4145], [-171.6459, 23.3768], [-171.6452, 23.339], [-171.6451, 23.3013], [-172.5511, 23.2817], [-172.5518, 23.2585], [-172.5529, 23.2353], [-172.5545, 23.2121], [-172.5565, 23.189], [-172.559, 23.1659], [-172.5619, 23.1428], [-172.5652, 23.1198], [-172.569, 23.0968], [-172.5732, 23.0739], [-172.5778, 23.0511], [-172.5828, 23.0283], [-172.5883, 23.0056], [-172.5942, 22.983], [-172.6006, 22.9606], [-172.6073, 22.9382], [-172.6145, 22.9159], [-172.6221, 22.8938], [-172.6301, 22.8718], [-172.6386, 22.8499], [-172.6474, 22.8281], [-172.6566, 22.8065], [-172.6663, 22.785], [-172.6763, 22.7638], [-172.6868, 22.7426], [-172.6976, 22.7217], [-172.7089, 22.7009], [-172.7205, 22.6803], [-172.7325, 22.6599], [-172.7449, 22.6396], [-172.7577, 22.6196], [-172.7708, 22.5998], [-172.7843, 22.5802], [-172.7982, 22.5608], [-172.8124, 22.5417], [-172.827, 22.5228], [-172.8419, 22.5041], [-172.8572, 22.4857], [-172.8729, 22.4675], [-172.8888, 22.4495], [-172.9051, 22.4318], [-172.9218, 22.4144], [-172.9387, 22.3973], [-172.956, 22.3804], [-172.9735, 22.3638], [-172.9914, 22.3475], [-173.0096, 22.3315], [-173.0281, 22.3157], [-173.0468, 22.3003], [-173.0659, 22.2852], [-173.0852, 22.2704], [-173.1048, 22.2559], [-173.1247, 22.2417], [-173.1448, 22.2278], [-173.1652, 22.2143], [-173.1858, 22.201], [-173.2067, 22.1882], [-173.2278, 22.1756], [-173.2492, 22.1634], [-173.2707, 22.1515], [-173.2925, 22.14], [-173.3145, 22.1289], [-173.3367, 22.118], [-173.3591, 22.1076], [-173.3816, 22.0975], [-173.4044, 22.0878], [-173.4273, 22.0784], [-173.4504, 22.0694], [-173.4737, 22.0608], [-173.4971, 22.0525], [-173.5207, 22.0447], [-173.5444, 22.0372], [-173.5683, 22.0301], [-173.5923, 22.0233], [-173.6164, 22.017], [-173.6406, 22.011], [-173.6649, 22.0055], [-173.6893, 22.0003], [-173.7139, 21.9955], [-173.7385, 21.9911], [-173.7631, 21.9871], [-173.7879, 21.9835], [-173.8127, 21.9803], [-173.8376, 21.9775], [-173.8625, 21.9751], [-173.8874, 21.9731], [-173.9124, 21.9715], [-173.9374, 21.9703], [-173.9624, 21.9695], [-173.9875, 21.9691], [-174.011, 22.1355], [-174.0329, 22.1358], [-174.0549, 22.1365], [-174.0768, 22.1376], [-174.0987, 22.139], [-174.1205, 22.1407], [-174.1423, 22.1428], [-174.1641, 22.1453], [-174.1859, 22.1481], [-174.2075, 22.1513], [-174.2291, 22.1548], [-174.2507, 22.1586], [-174.2722, 22.1628], [-174.2936, 22.1673], [-174.3149, 22.1722], [-174.3361, 22.1774], [-174.3572, 22.183], [-174.3782, 22.1889], [-174.3991, 22.1951], [-174.4199, 22.2017], [-174.4405, 22.2086], [-174.461, 22.2158], [-174.4814, 22.2233], [-174.5016, 22.2312], [-174.5217, 22.2394], [-174.5417, 22.2479], [-174.5614, 22.2568], [-174.5811, 22.2659], [-174.6005, 22.2754], [-174.6198, 22.2852], [-174.6388, 22.2953], [-174.6577, 22.3057], [-174.6764, 22.3164], [-174.6949, 22.3273], [-174.7131, 22.3386], [-174.7312, 22.3502], [-174.749, 22.3621], [-174.7666, 22.3742], [-174.784, 22.3866], [-174.8012, 22.3994], [-174.8181, 22.4123], [-174.8348, 22.4256], [-174.8512, 22.4391], [-174.8674, 22.4529], [-174.8833, 22.4669], [-174.8989, 22.4812], [-174.9143, 22.4957], [-174.9294, 22.5105], [-174.9442, 22.5255], [-174.9588, 22.5408], [-174.9731, 22.5562], [-174.987, 22.572], [-175.0007, 22.5879], [-175.0141, 22.604], [-175.0271, 22.6204], [-175.0399, 22.637], [-175.0523, 22.6537], [-175.0645, 22.6707], [-175.0762, 22.6878], [-175.0877, 22.7052], [-175.0989, 22.7227], [-175.1097, 22.7404], [-175.1202, 22.7583], [-175.1304, 22.7763], [-175.1402, 22.7945], [-175.1497, 22.8129], [-175.1588, 22.8314], [-175.1676, 22.85], [-175.176, 22.8688], [-175.1841, 22.8877], [-175.1918, 22.9068], [-175.1991, 22.9259], [-175.2061, 22.9452], [-175.2128, 22.9646], [-175.219, 22.9841], [-175.2249, 23.0037], [-175.2304, 23.0233], [-175.2356, 23.0431], [-175.2404, 23.0629], [-175.2448, 23.0829], [-175.2488, 23.1028], [-175.2524, 23.1229], [-175.2557, 23.143], [-175.2586, 23.1631], [-175.2611, 23.1833], [-175.2632, 23.2036], [-175.2649, 23.2238], [-175.2663, 23.2441], [-175.2672, 23.2644], [-175.2678, 23.2847], [-175.9926, 23.3034], [-175.9925, 23.3353], [-175.9918, 23.3672], [-175.9904, 23.3992], [-175.9885, 23.431], [-175.9859, 23.4629], [-175.9827, 23.4947], [-175.979, 23.5264], [-175.9746, 23.5581], [-175.9696, 23.5897], [-175.964, 23.6212], [-175.9579, 23.6527], [-175.9511, 23.684], [-175.9437, 23.7152], [-175.9357, 23.7463], [-175.9271, 23.7773], [-175.918, 23.8081], [-175.9082, 23.8387], [-175.8979, 23.8692], [-175.8869, 23.8996], [-175.8754, 23.9297], [-175.8633, 23.9597], [-175.8506, 23.9894], [-175.8374, 24.019], [-175.8236, 24.0483], [-175.8092, 24.0774], [-175.7943, 24.1063], [-175.7788, 24.1349], [-175.7627, 24.1633], [-175.7461, 24.1914], [-175.729, 24.2193], [-175.7113, 24.2469], [-175.6931, 24.2741], [-175.6744, 24.3011], [-175.6552, 24.3278], [-175.6354, 24.3542], [-175.6151, 24.3802], [-175.5943, 24.406], [-175.573, 24.4313], [-175.5513, 24.4564], [-175.529, 24.4811], [-175.5063, 24.5054], [-175.4831, 24.5293], [-175.4594, 24.5529], [-175.4352, 24.5761], [-175.4107, 24.5989], [-175.3857, 24.6213], [-175.3602, 24.6433], [-175.3343, 24.6649], [-175.308, 24.6861], [-175.2813, 24.7069], [-175.2542, 24.7272], [-175.2266, 24.7471], [-175.1987, 24.7665], [-175.1705, 24.7855], [-175.1418, 24.804], [-175.1128, 24.8221], [-175.0834, 24.8397], [-175.0537, 24.8568], [-175.0237, 24.8735], [-174.9933, 24.8896], [-174.9627, 24.9053], [-174.9317, 24.9205], [-174.9004, 24.9352], [-174.8689, 24.9494], [-174.837, 24.963], [-174.8049, 24.9762], [-174.7726, 24.9888], [-174.74, 25.001], [-174.7072, 25.0126], [-174.6741, 25.0236], [-174.6408, 25.0342], [-174.6074, 25.0442], [-174.5737, 25.0536], [-174.5398, 25.0626], [-174.5058, 25.0709], [-174.4716, 25.0788], [-174.4373, 25.0861], [-174.4028, 25.0928], [-174.3682, 25.099], [-174.3335, 25.1046], [-174.2987, 25.1097], [-174.2638, 25.1142], [-174.2288, 25.1181], [-174.1937, 25.1215], [-174.1586, 25.1243], [-174.1234, 25.1266], [-174.0882, 25.1283], [-174.0529, 25.1294], [-174.0177, 25.13], [-173.9791, 25.4627]]]}, "properties": {"layer": "storm_track", "kind": "wind_radii_forecast", "storm_id": "ep152026", "storm_name": "Nolo", "wind_kt": 34, "label": "+36h", "valid_text": "2:00 PM HST October 03, 2026"}}, {"type": "Feature", "geometry": {"type": "Polygon", "coordinates": [[[-173.9921, 24.1318], [-173.9762, 24.1316], [-173.9603, 24.131], [-173.9444, 24.1303], [-173.9285, 24.1293], [-173.9127, 24.128], [-173.8968, 24.1265], [-173.881, 24.1247], [-173.8653, 24.1227], [-173.8496, 24.1204], [-173.8339, 24.1178], [-173.8183, 24.115], [-173.8028, 24.112], [-173.7873, 24.1087], [-173.7719, 24.1052], [-173.7565, 24.1014], [-173.7412, 24.0974], [-173.726, 24.0931], [-173.7109, 24.0886], [-173.6959, 24.0838], [-173.6809, 24.0788], [-173.6661, 24.0736], [-173.6514, 24.0681], [-173.6368, 24.0624], [-173.6223, 24.0565], [-173.6079, 24.0503], [-173.5936, 24.0439], [-173.5795, 24.0373], [-173.5654, 24.0304], [-173.5516, 24.0234], [-173.5378, 24.0161], [-173.5242, 24.0085], [-173.5108, 24.0008], [-173.4975, 23.9929], [-173.4843, 23.9847], [-173.4714, 23.9763], [-173.4585, 23.9678], [-173.4459, 23.959], [-173.4334, 23.95], [-173.4211, 23.9408], [-173.409, 23.9314], [-173.397, 23.9219], [-173.3853, 23.9121], [-173.3737, 23.9022], [-173.3623, 23.892], [-173.3512, 23.8817], [-173.3402, 23.8712], [-173.3294, 23.8606], [-173.3188, 23.8497], [-173.3085, 23.8387], [-173.2984, 23.8276], [-173.2884, 23.8162], [-173.2787, 23.8047], [-173.2692, 23.7931], [-173.26, 23.7813], [-173.2509, 23.7694], [-173.2421, 23.7573], [-173.2336, 23.7451], [-173.2252, 23.7327], [-173.2171, 23.7202], [-173.2093, 23.7076], [-173.2017, 23.6949], [-173.1943, 23.682], [-173.1872, 23.6691], [-173.1803, 23.656], [-173.1737, 23.6428], [-173.1673, 23.6295], [-173.1612, 23.6161], [-173.1554, 23.6026], [-173.1498, 23.589], [-173.1445, 23.5754], [-173.1394, 23.5616], [-173.1346, 23.5478], [-173.1301, 23.5339], [-173.1258, 23.5199], [-173.1218, 23.5058], [-173.118, 23.4917], [-173.1146, 23.4776], [-173.1114, 23.4633], [-173.1085, 23.4491], [-173.1058, 23.4348], [-173.1034, 23.4204], [-173.1013, 23.406], [-173.0995, 23.3916], [-173.0979, 23.3771], [-173.0967, 23.3627], [-173.0957, 23.3482], [-173.0949, 23.3337], [-173.0945, 23.3192], [-173.0943, 23.3047], [-173.2755, 23.2925], [-173.2758, 23.2809], [-173.2763, 23.2693], [-173.277, 23.2577], [-173.278, 23.2461], [-173.2791, 23.2346], [-173.2805, 23.223], [-173.2821, 23.2115], [-173.2839, 23.2], [-173.286, 23.1885], [-173.2882, 23.1771], [-173.2907, 23.1657], [-173.2934, 23.1544], [-173.2963, 23.1431], [-173.2994, 23.1318], [-173.3027, 23.1206], [-173.3063, 23.1095], [-173.31, 23.0984], [-173.314, 23.0874], [-173.3181, 23.0764], [-173.3225, 23.0655], [-173.3271, 23.0547], [-173.3319, 23.0439], [-173.3369, 23.0332], [-173.3421, 23.0227], [-173.3474, 23.0122], [-173.353, 23.0017], [-173.3588, 22.9914], [-173.3648, 22.9812], [-173.3709, 22.9711], [-173.3773, 22.961], [-173.3838, 22.9511], [-173.3906, 22.9413], [-173.3975, 22.9316], [-173.4046, 22.9219], [-173.4118, 22.9125], [-173.4193, 22.9031], [-173.4269, 22.8938], [-173.4347, 22.8847], [-173.4427, 22.8757], [-173.4508, 22.8669], [-173.4591, 22.8581], [-173.4676, 22.8495], [-173.4762, 22.8411], [-173.485, 22.8327], [-173.494, 22.8245], [-173.5031, 22.8165], [-173.5123, 22.8086], [-173.5217, 22.8009], [-173.5312, 22.7933], [-173.5409, 22.7858], [-173.5507, 22.7786], [-173.5607, 22.7714], [-173.5707, 22.7645], [-173.581, 22.7577], [-173.5913, 22.751], [-173.6017, 22.7446], [-173.6123, 22.7383], [-173.623, 22.7321], [-173.6338, 22.7262], [-173.6447, 22.7204], [-173.6558, 22.7148], [-173.6669, 22.7094], [-173.6781, 22.7041], [-173.6895, 22.699], [-173.7009, 22.6942], [-173.7124, 22.6895], [-173.724, 22.6849], [-173.7357, 22.6806], [-173.7474, 22.6765], [-173.7593, 22.6725], [-173.7712, 22.6687], [-173.7832, 22.6652], [-173.7952, 22.6618], [-173.8073, 22.6586], [-173.8195, 22.6556], [-173.8317, 22.6528], [-173.8439, 22.6502], [-173.8562, 22.6478], [-173.8686, 22.6456], [-173.881, 22.6436], [-173.8934, 22.6418], [-173.9059, 22.6402], [-173.9184, 22.6388], [-173.9309, 22.6376], [-173.9435, 22.6366], [-173.956, 22.6358], [-173.9686, 22.6352], [-173.9811, 22.6348], [-173.9937, 22.6345], [-174.0047, 22.8009], [-174.0142, 22.8011], [-174.0236, 22.8014], [-174.0331, 22.8018], [-174.0425, 22.8024], [-174.0519, 22.8032], [-174.0613, 22.8041], [-174.0707, 22.8051], [-174.08, 22.8064], [-174.0894, 22.8077], [-174.0987, 22.8092], [-174.108, 22.8109], [-174.1172, 22.8127], [-174.1264, 22.8146], [-174.1356, 22.8167], [-174.1447, 22.819], [-174.1538, 22.8214], [-174.1628, 22.8239], [-174.1718, 22.8266], [-174.1808, 22.8294], [-174.1897, 22.8324], [-174.1985, 22.8355], [-174.2073, 22.8387], [-174.216, 22.8421], [-174.2246, 22.8457], [-174.2332, 22.8493], [-174.2417, 22.8531], [-174.2501, 22.8571], [-174.2585, 22.8612], [-174.2668, 22.8654], [-174.2749, 22.8697], [-174.2831, 22.8742], [-174.2911, 22.8788], [-174.299, 22.8835], [-174.3069, 22.8884], [-174.3146, 22.8934], [-174.3223, 22.8985], [-174.3299, 22.9037], [-174.3373, 22.909], [-174.3447, 22.9145], [-174.3519, 22.9201], [-174.3591, 22.9258], [-174.3661, 22.9316], [-174.3731, 22.9375], [-174.3799, 22.9436], [-174.3866, 22.9497], [-174.3932, 22.9559], [-174.3997, 22.9623], [-174.406, 22.9688], [-174.4122, 22.9753], [-174.4183, 22.982], [-174.4243, 22.9887], [-174.4302, 22.9956], [-174.4359, 23.0025], [-174.4415, 23.0096], [-174.4469, 23.0167], [-174.4522, 23.0239], [-174.4574, 23.0312], [-174.4625, 23.0385], [-174.4673, 23.046], [-174.4721, 23.0535], [-174.4767, 23.0611], [-174.4812, 23.0688], [-174.4855, 23.0766], [-174.4897, 23.0844], [-174.4937, 23.0922], [-174.4976, 23.1002], [-174.5014, 23.1082], [-174.5049, 23.1163], [-174.5084, 23.1244], [-174.5116, 23.1326], [-174.5147, 23.1408], [-174.5177, 23.1491], [-174.5205, 23.1574], [-174.5231, 23.1658], [-174.5256, 23.1742], [-174.528, 23.1826], [-174.5301, 23.1911], [-174.5321, 23.1996], [-174.534, 23.2081], [-174.5357, 23.2167], [-174.5372, 23.2253], [-174.5385, 23.2339], [-174.5397, 23.2426], [-174.5408, 23.2512], [-174.5416, 23.2599], [-174.5423, 23.2686], [-174.5428, 23.2773], [-174.5432, 23.286], [-174.5434, 23.2947], [-174.9057, 23.3047], [-174.9055, 23.3192], [-174.9051, 23.3337], [-174.9044, 23.3482], [-174.9034, 23.3627], [-174.9021, 23.3771], [-174.9005, 23.3916], [-174.8987, 23.406], [-174.8966, 23.4204], [-174.8942, 23.4348], [-174.8916, 23.4491], [-174.8886, 23.4633], [-174.8854, 23.4776], [-174.882, 23.4917], [-174.8783, 23.5058], [-174.8742, 23.5199], [-174.87, 23.5339], [-174.8654, 23.5478], [-174.8606, 23.5616], [-174.8555, 23.5753], [-174.8502, 23.589], [-174.8446, 23.6026], [-174.8388, 23.6161], [-174.8327, 23.6295], [-174.8263, 23.6428], [-174.8197, 23.656], [-174.8128, 23.6691], [-174.8057, 23.682], [-174.7984, 23.6949], [-174.7907, 23.7076], [-174.7829, 23.7202], [-174.7748, 23.7327], [-174.7665, 23.7451], [-174.7579, 23.7573], [-174.7491, 23.7694], [-174.7401, 23.7813], [-174.7308, 23.7931], [-174.7213, 23.8047], [-174.7116, 23.8162], [-174.7017, 23.8276], [-174.6915, 23.8387], [-174.6812, 23.8497], [-174.6706, 23.8606], [-174.6599, 23.8712], [-174.6489, 23.8817], [-174.6377, 23.892], [-174.6263, 23.9021], [-174.6148, 23.9121], [-174.603, 23.9219], [-174.5911, 23.9314], [-174.5789, 23.9408], [-174.5666, 23.95], [-174.5542, 23.959], [-174.5415, 23.9677], [-174.5287, 23.9763], [-174.5157, 23.9847], [-174.5025, 23.9929], [-174.4893, 24.0008], [-174.4758, 24.0085], [-174.4622, 24.0161], [-174.4485, 24.0234], [-174.4346, 24.0304], [-174.4206, 24.0373], [-174.4064, 24.0439], [-174.3922, 24.0503], [-174.3778, 24.0565], [-174.3633, 24.0624], [-174.3487, 24.0681], [-174.3339, 24.0736], [-174.3191, 24.0788], [-174.3042, 24.0838], [-174.2891, 24.0886], [-174.274, 24.0931], [-174.2588, 24.0974], [-174.2435, 24.1014], [-174.2282, 24.1052], [-174.2128, 24.1087], [-174.1973, 24.112], [-174.1817, 24.115], [-174.1661, 24.1178], [-174.1505, 24.1204], [-174.1347, 24.1227], [-174.119, 24.1247], [-174.1032, 24.1265], [-174.0874, 24.128], [-174.0715, 24.1293], [-174.0557, 24.1303], [-174.0398, 24.131], [-174.0239, 24.1316], [-174.008, 24.1318], [-173.9921, 24.1318]]]}, "properties": {"layer": "storm_track", "kind": "wind_radii_forecast", "storm_id": "ep152026", "storm_name": "Nolo", "wind_kt": 50, "label": "+48h", "valid_text": "2:00 AM HST October 04, 2026"}}, {"type": "Feature", "geometry": {"type": "Polygon", "coordinates": [[[-173.996, 23.7159], [-173.9881, 23.7158], [-173.9802, 23.7155], [-173.9723, 23.7151], [-173.9644, 23.7146], [-173.9565, 23.714], [-173.9486, 23.7132], [-173.9407, 23.7124], [-173.9329, 23.7113], [-173.925, 23.7102], [-173.9172, 23.7089], [-173.9095, 23.7075], [-173.9017, 23.706], [-173.894, 23.7044], [-173.8863, 23.7026], [-173.8786, 23.7008], [-173.871, 23.6987], [-173.8634, 23.6966], [-173.8559, 23.6944], [-173.8484, 23.692], [-173.841, 23.6895], [-173.8336, 23.6869], [-173.8262, 23.6842], [-173.8189, 23.6813], [-173.8117, 23.6784], [-173.8045, 23.6753], [-173.7974, 23.6721], [-173.7903, 23.6688], [-173.7833, 23.6654], [-173.7764, 23.6618], [-173.7695, 23.6582], [-173.7628, 23.6545], [-173.7561, 23.6506], [-173.7494, 23.6466], [-173.7428, 23.6426], [-173.7364, 23.6384], [-173.73, 23.6341], [-173.7236, 23.6297], [-173.7174, 23.6252], [-173.7113, 23.6207], [-173.7052, 23.616], [-173.6992, 23.6112], [-173.6934, 23.6064], [-173.6876, 23.6014], [-173.6819, 23.5963], [-173.6763, 23.5912], [-173.6708, 23.586], [-173.6654, 23.5806], [-173.6601, 23.5752], [-173.655, 23.5697], [-173.6499, 23.5642], [-173.6449, 23.5585], [-173.64, 23.5528], [-173.6353, 23.547], [-173.6307, 23.5411], [-173.6261, 23.5351], [-173.6217, 23.5291], [-173.6174, 23.523], [-173.6133, 23.5168], [-173.6092, 23.5106], [-173.6053, 23.5043], [-173.6014, 23.498], [-173.5977, 23.4915], [-173.5942, 23.4851], [-173.5907, 23.4785], [-173.5874, 23.4719], [-173.5842, 23.4653], [-173.5811, 23.4586], [-173.5782, 23.4519], [-173.5754, 23.4451], [-173.5727, 23.4383], [-173.5701, 23.4314], [-173.5677, 23.4245], [-173.5654, 23.4175], [-173.5633, 23.4105], [-173.5612, 23.4035], [-173.5594, 23.3965], [-173.5576, 23.3894], [-173.556, 23.3823], [-173.5545, 23.3752], [-173.5531, 23.368], [-173.5519, 23.3608], [-173.5508, 23.3537], [-173.5499, 23.3464], [-173.5491, 23.3392], [-173.5484, 23.332], [-173.5479, 23.3247], [-173.5475, 23.3175], [-173.5473, 23.3102], [-173.5472, 23.303], [-173.6378, 23.2967], [-173.6379, 23.2909], [-173.6381, 23.2851], [-173.6385, 23.2793], [-173.6389, 23.2735], [-173.6395, 23.2677], [-173.6402, 23.2619], [-173.6409, 23.2562], [-173.6418, 23.2504], [-173.6429, 23.2447], [-173.644, 23.239], [-173.6452, 23.2333], [-173.6465, 23.2276], [-173.6479, 23.2219], [-173.6495, 23.2163], [-173.6511, 23.2107], [-173.6529, 23.2051], [-173.6548, 23.1996], [-173.6567, 23.194], [-173.6588, 23.1886], [-173.661, 23.1831], [-173.6633, 23.1777], [-173.6656, 23.1723], [-173.6681, 23.167], [-173.6707, 23.1617], [-173.6734, 23.1564], [-173.6762, 23.1512], [-173.679, 23.146], [-173.682, 23.1409], [-173.6851, 23.1358], [-173.6883, 23.1308], [-173.6915, 23.1258], [-173.6949, 23.1209], [-173.6983, 23.1161], [-173.7019, 23.1113], [-173.7055, 23.1065], [-173.7092, 23.1018], [-173.713, 23.0972], [-173.7169, 23.0926], [-173.7209, 23.0881], [-173.725, 23.0837], [-173.7291, 23.0793], [-173.7334, 23.075], [-173.7377, 23.0707], [-173.7421, 23.0666], [-173.7465, 23.0625], [-173.7511, 23.0584], [-173.7557, 23.0545], [-173.7604, 23.0506], [-173.7652, 23.0468], [-173.77, 23.0431], [-173.7749, 23.0394], [-173.7799, 23.0359], [-173.7849, 23.0324], [-173.7901, 23.029], [-173.7952, 23.0256], [-173.8005, 23.0224], [-173.8058, 23.0193], [-173.8111, 23.0162], [-173.8165, 23.0132], [-173.822, 23.0103], [-173.8275, 23.0075], [-173.8331, 23.0048], [-173.8387, 23.0021], [-173.8444, 22.9996], [-173.8501, 22.9972], [-173.8559, 22.9948], [-173.8617, 22.9925], [-173.8676, 22.9904], [-173.8734, 22.9883], [-173.8794, 22.9863], [-173.8853, 22.9844], [-173.8913, 22.9826], [-173.8974, 22.9809], [-173.9034, 22.9793], [-173.9095, 22.9778], [-173.9156, 22.9764], [-173.9218, 22.9751], [-173.928, 22.9739], [-173.9342, 22.9728], [-173.9404, 22.9718], [-173.9466, 22.9709], [-173.9529, 22.9701], [-173.9591, 22.9694], [-173.9654, 22.9688], [-173.9717, 22.9683], [-173.978, 22.9679], [-173.9843, 22.9676], [-173.9906, 22.9674], [-173.9969, 22.9673], [-174.0024, 23.0505], [-174.0071, 23.0505], [-174.0118, 23.0507], [-174.0166, 23.0509], [-174.0213, 23.0512], [-174.026, 23.0516], [-174.0307, 23.052], [-174.0354, 23.0526], [-174.0401, 23.0532], [-174.0448, 23.0539], [-174.0494, 23.0546], [-174.0541, 23.0554], [-174.0587, 23.0564], [-174.0633, 23.0573], [-174.0679, 23.0584], [-174.0725, 23.0595], [-174.077, 23.0607], [-174.0816, 23.062], [-174.0861, 23.0633], [-174.0906, 23.0647], [-174.095, 23.0662], [-174.0994, 23.0678], [-174.1038, 23.0694], [-174.1082, 23.0711], [-174.1125, 23.0729], [-174.1168, 23.0747], [-174.121, 23.0766], [-174.1253, 23.0786], [-174.1295, 23.0806], [-174.1336, 23.0827], [-174.1377, 23.0849], [-174.1418, 23.0872], [-174.1458, 23.0895], [-174.1498, 23.0918], [-174.1537, 23.0943], [-174.1576, 23.0968], [-174.1614, 23.0993], [-174.1652, 23.1019], [-174.1689, 23.1046], [-174.1726, 23.1073], [-174.1762, 23.1101], [-174.1798, 23.113], [-174.1833, 23.1159], [-174.1868, 23.1189], [-174.1902, 23.1219], [-174.1936, 23.125], [-174.1969, 23.1281], [-174.2001, 23.1313], [-174.2033, 23.1345], [-174.2064, 23.1378], [-174.2094, 23.1411], [-174.2124, 23.1445], [-174.2153, 23.1479], [-174.2182, 23.1514], [-174.221, 23.1549], [-174.2237, 23.1585], [-174.2263, 23.1621], [-174.229, 23.1657], [-174.2315, 23.1694], [-174.2339, 23.1732], [-174.2363, 23.1769], [-174.2386, 23.1807], [-174.2408, 23.1846], [-174.243, 23.1885], [-174.2451, 23.1924], [-174.2471, 23.1963], [-174.249, 23.2003], [-174.2509, 23.2043], [-174.2527, 23.2083], [-174.2544, 23.2124], [-174.256, 23.2165], [-174.2575, 23.2206], [-174.259, 23.2247], [-174.2604, 23.2289], [-174.2617, 23.2331], [-174.263, 23.2373], [-174.2641, 23.2415], [-174.2652, 23.2458], [-174.2662, 23.25], [-174.2671, 23.2543], [-174.2679, 23.2586], [-174.2687, 23.2629], [-174.2693, 23.2672], [-174.2699, 23.2715], [-174.2704, 23.2758], [-174.2708, 23.2802], [-174.2712, 23.2845], [-174.2715, 23.2889], [-174.2716, 23.2932], [-174.2717, 23.2976], [-174.4529, 23.303], [-174.4527, 23.3102], [-174.4525, 23.3175], [-174.4521, 23.3247], [-174.4516, 23.332], [-174.4509, 23.3392], [-174.4501, 23.3464], [-174.4492, 23.3536], [-174.4481, 23.3608], [-174.4469, 23.368], [-174.4455, 23.3752], [-174.4441, 23.3823], [-174.4424, 23.3894], [-174.4407, 23.3965], [-174.4388, 23.4035], [-174.4368, 23.4105], [-174.4346, 23.4175], [-174.4323, 23.4245], [-174.4299, 23.4314], [-174.4273, 23.4383], [-174.4247, 23.4451], [-174.4218, 23.4519], [-174.4189, 23.4586], [-174.4158, 23.4653], [-174.4126, 23.4719], [-174.4093, 23.4785], [-174.4059, 23.4851], [-174.4023, 23.4915], [-174.3986, 23.498], [-174.3948, 23.5043], [-174.3908, 23.5106], [-174.3868, 23.5168], [-174.3826, 23.523], [-174.3783, 23.5291], [-174.3739, 23.5351], [-174.3694, 23.5411], [-174.3647, 23.547], [-174.36, 23.5528], [-174.3551, 23.5585], [-174.3501, 23.5642], [-174.3451, 23.5697], [-174.3399, 23.5752], [-174.3346, 23.5806], [-174.3292, 23.586], [-174.3237, 23.5912], [-174.3181, 23.5963], [-174.3125, 23.6014], [-174.3067, 23.6063], [-174.3008, 23.6112], [-174.2948, 23.616], [-174.2888, 23.6207], [-174.2826, 23.6252], [-174.2764, 23.6297], [-174.2701, 23.6341], [-174.2637, 23.6384], [-174.2572, 23.6426], [-174.2506, 23.6466], [-174.244, 23.6506], [-174.2373, 23.6545], [-174.2305, 23.6582], [-174.2236, 23.6618], [-174.2167, 23.6654], [-174.2097, 23.6688], [-174.2027, 23.6721], [-174.1955, 23.6753], [-174.1884, 23.6784], [-174.1811, 23.6813], [-174.1738, 23.6842], [-174.1665, 23.6869], [-174.1591, 23.6895], [-174.1516, 23.692], [-174.1441, 23.6944], [-174.1366, 23.6966], [-174.129, 23.6987], [-174.1214, 23.7008], [-174.1138, 23.7026], [-174.1061, 23.7044], [-174.0983, 23.706], [-174.0906, 23.7075], [-174.0828, 23.7089], [-174.075, 23.7102], [-174.0672, 23.7113], [-174.0593, 23.7124], [-174.0515, 23.7132], [-174.0435, 23.714], [-174.0357, 23.7146], [-174.0277, 23.7151], [-174.0198, 23.7155], [-174.0119, 23.7158], [-174.004, 23.7159], [-173.996, 23.7159]]]}, "properties": {"layer": "storm_track", "kind": "wind_radii_forecast", "storm_id": "ep152026", "storm_name": "Nolo", "wind_kt": 64, "label": "+48h", "valid_text": "2:00 AM HST October 04, 2026"}}, {"type": "Feature", "geometry": {"type": "Polygon", "coordinates": [[[-177.4791, 25.8627], [-177.4371, 25.862], [-177.3952, 25.8607], [-177.3533, 25.8587], [-177.3115, 25.856], [-177.2697, 25.8527], [-177.228, 25.8487], [-177.1864, 25.844], [-177.1449, 25.8386], [-177.1035, 25.8326], [-177.0622, 25.826], [-177.0211, 25.8186], [-176.9801, 25.8107], [-176.9393, 25.802], [-176.8987, 25.7927], [-176.8583, 25.7828], [-176.818, 25.7722], [-176.778, 25.761], [-176.7383, 25.7492], [-176.6987, 25.7367], [-176.6594, 25.7235], [-176.6204, 25.7098], [-176.5817, 25.6954], [-176.5433, 25.6804], [-176.5051, 25.6649], [-176.4673, 25.6487], [-176.4298, 25.6318], [-176.3927, 25.6144], [-176.3559, 25.5965], [-176.3195, 25.5779], [-176.2834, 25.5587], [-176.2478, 25.539], [-176.2125, 25.5187], [-176.1777, 25.4979], [-176.1432, 25.4765], [-176.1092, 25.4545], [-176.0757, 25.432], [-176.0426, 25.409], [-176.0099, 25.3854], [-175.9778, 25.3614], [-175.9461, 25.3368], [-175.9149, 25.3117], [-175.8842, 25.2861], [-175.854, 25.2601], [-175.8243, 25.2335], [-175.7952, 25.2065], [-175.7666, 25.179], [-175.7386, 25.1511], [-175.7111, 25.1228], [-175.6841, 25.094], [-175.6578, 25.0647], [-175.632, 25.0351], [-175.6068, 25.005], [-175.5822, 24.9746], [-175.5582, 24.9438], [-175.5348, 24.9125], [-175.512, 24.881], [-175.4899, 24.849], [-175.4684, 24.8167], [-175.4475, 24.7841], [-175.4272, 24.7511], [-175.4076, 24.7179], [-175.3887, 24.6843], [-175.3704, 24.6504], [-175.3528, 24.6162], [-175.3358, 24.5818], [-175.3195, 24.5471], [-175.3039, 24.5121], [-175.289, 24.4769], [-175.2747, 24.4415], [-175.2612, 24.4058], [-175.2483, 24.3699], [-175.2361, 24.3338], [-175.2247, 24.2976], [-175.2139, 24.2611], [-175.2039, 24.2245], [-175.1945, 24.1878], [-175.1859, 24.1509], [-175.1779, 24.1138], [-175.1707, 24.0767], [-175.1642, 24.0394], [-175.1584, 24.002], [-175.1533, 23.9646], [-175.149, 23.9271], [-175.1453, 23.8895], [-175.1424, 23.8518], [-175.1402, 23.8141], [-175.1388, 23.7764], [-175.138, 23.7387], [-175.138, 23.701], [-175.8651, 23.6784], [-175.8659, 23.6522], [-175.8672, 23.6261], [-175.869, 23.6001], [-175.8714, 23.574], [-175.8742, 23.548], [-175.8775, 23.5221], [-175.8813, 23.4962], [-175.8855, 23.4703], [-175.8903, 23.4446], [-175.8956, 23.4189], [-175.9013, 23.3933], [-175.9075, 23.3678], [-175.9142, 23.3424], [-175.9214, 23.3171], [-175.9291, 23.292], [-175.9372, 23.2669], [-175.9459, 23.242], [-175.9549, 23.2172], [-175.9645, 23.1926], [-175.9745, 23.1682], [-175.9849, 23.1439], [-175.9959, 23.1198], [-176.0072, 23.0958], [-176.019, 23.0721], [-176.0313, 23.0485], [-176.044, 23.0251], [-176.0572, 23.002], [-176.0707, 22.979], [-176.0847, 22.9563], [-176.0992, 22.9338], [-176.114, 22.9115], [-176.1293, 22.8895], [-176.1449, 22.8677], [-176.161, 22.8462], [-176.1775, 22.8249], [-176.1944, 22.8039], [-176.2116, 22.7832], [-176.2292, 22.7627], [-176.2473, 22.7426], [-176.2657, 22.7227], [-176.2844, 22.7031], [-176.3036, 22.6839], [-176.323, 22.6649], [-176.3429, 22.6462], [-176.3631, 22.6279], [-176.3836, 22.6099], [-176.4044, 22.5922], [-176.4256, 22.5749], [-176.4471, 22.5579], [-176.4689, 22.5412], [-176.491, 22.5249], [-176.5134, 22.509], [-176.5361, 22.4934], [-176.5591, 22.4782], [-176.5824, 22.4633], [-176.6059, 22.4489], [-176.6297, 22.4348], [-176.6537, 22.421], [-176.6781, 22.4077], [-176.7026, 22.3948], [-176.7274, 22.3822], [-176.7524, 22.3701], [-176.7777, 22.3583], [-176.8031, 22.347], [-176.8288, 22.3361], [-176.8546, 22.3255], [-176.8807, 22.3154], [-176.9069, 22.3057], [-176.9333, 22.2965], [-176.9599, 22.2876], [-176.9866, 22.2792], [-177.0135, 22.2712], [-177.0405, 22.2637], [-177.0677, 22.2565], [-177.095, 22.2498], [-177.1224, 22.2436], [-177.1499, 22.2378], [-177.1776, 22.2324], [-177.2053, 22.2275], [-177.2331, 22.223], [-177.261, 22.2189], [-177.2889, 22.2153], [-177.3169, 22.2122], [-177.345, 22.2095], [-177.3731, 22.2072], [-177.4013, 22.2054], [-177.4295, 22.2041], [-177.4577, 22.2032], [-177.4859, 22.2027], [-177.511, 22.5355], [-177.533, 22.5358], [-177.555, 22.5365], [-177.577, 22.5376], [-177.5989, 22.539], [-177.6208, 22.5407], [-177.6427, 22.5428], [-177.6646, 22.5453], [-177.6864, 22.5481], [-177.7081, 22.5513], [-177.7298, 22.5547], [-177.7514, 22.5586], [-177.7729, 22.5628], [-177.7944, 22.5673], [-177.8158, 22.5722], [-177.837, 22.5774], [-177.8582, 22.583], [-177.8793, 22.5889], [-177.9002, 22.5951], [-177.9211, 22.6016], [-177.9418, 22.6085], [-177.9624, 22.6158], [-177.9828, 22.6233], [-178.0031, 22.6312], [-178.0232, 22.6394], [-178.0432, 22.6479], [-178.0631, 22.6568], [-178.0827, 22.6659], [-178.1022, 22.6754], [-178.1215, 22.6852], [-178.1407, 22.6952], [-178.1596, 22.7056], [-178.1783, 22.7163], [-178.1969, 22.7273], [-178.2152, 22.7386], [-178.2333, 22.7502], [-178.2512, 22.762], [-178.2689, 22.7742], [-178.2863, 22.7866], [-178.3035, 22.7993], [-178.3205, 22.8123], [-178.3372, 22.8255], [-178.3537, 22.839], [-178.3699, 22.8528], [-178.3859, 22.8669], [-178.4016, 22.8811], [-178.417, 22.8957], [-178.4321, 22.9104], [-178.447, 22.9255], [-178.4616, 22.9407], [-178.4759, 22.9562], [-178.4899, 22.9719], [-178.5036, 22.9878], [-178.517, 23.004], [-178.5301, 23.0203], [-178.5429, 23.0369], [-178.5554, 23.0537], [-178.5676, 23.0706], [-178.5794, 23.0878], [-178.5909, 23.1051], [-178.6021, 23.1226], [-178.613, 23.1403], [-178.6235, 23.1582], [-178.6337, 23.1762], [-178.6436, 23.1944], [-178.6531, 23.2128], [-178.6622, 23.2313], [-178.6711, 23.2499], [-178.6795, 23.2687], [-178.6876, 23.2876], [-178.6953, 23.3067], [-178.7027, 23.3258], [-178.7097, 23.3451], [-178.7164, 23.3645], [-178.7227, 23.384], [-178.7286, 23.4036], [-178.7341, 23.4232], [-178.7393, 23.443], [-178.7441, 23.4629], [-178.7485, 23.4828], [-178.7525, 23.5028], [-178.7562, 23.5228], [-178.7595, 23.5429], [-178.7624, 23.563], [-178.7649, 23.5832], [-178.767, 23.6035], [-178.7688, 23.6237], [-178.7701, 23.644], [-178.7711, 23.6643], [-178.7717, 23.6846], [-179.6804, 23.7021], [-179.6803, 23.737], [-179.6795, 23.7718], [-179.6781, 23.8066], [-179.676, 23.8414], [-179.6733, 23.8762], [-179.6699, 23.9109], [-179.6658, 23.9455], [-179.6611, 23.9801], [-179.6557, 24.0145], [-179.6497, 24.0489], [-179.643, 24.0832], [-179.6356, 24.1174], [-179.6276, 24.1515], [-179.6189, 24.1854], [-179.6096, 24.2192], [-179.5996, 24.2528], [-179.5889, 24.2863], [-179.5777, 24.3196], [-179.5658, 24.3527], [-179.5532, 24.3856], [-179.54, 24.4183], [-179.5262, 24.4508], [-179.5117, 24.483], [-179.4967, 24.515], [-179.481, 24.5468], [-179.4647, 24.5783], [-179.4478, 24.6096], [-179.4303, 24.6406], [-179.4121, 24.6713], [-179.3934, 24.7017], [-179.3741, 24.7318], [-179.3542, 24.7616], [-179.3338, 24.791], [-179.3127, 24.8202], [-179.2911, 24.849], [-179.2689, 24.8774], [-179.2462, 24.9055], [-179.2229, 24.9332], [-179.1991, 24.9605], [-179.1748, 24.9875], [-179.1499, 25.0141], [-179.1245, 25.0402], [-179.0986, 25.066], [-179.0722, 25.0913], [-179.0453, 25.1162], [-179.018, 25.1407], [-178.9901, 25.1647], [-178.9618, 25.1883], [-178.933, 25.2114], [-178.9037, 25.2341], [-178.874, 25.2563], [-178.8439, 25.278], [-178.8134, 25.2993], [-178.7824, 25.32], [-178.751, 25.3402], [-178.7193, 25.36], [-178.6871, 25.3792], [-178.6546, 25.3979], [-178.6217, 25.4161], [-178.5885, 25.4338], [-178.5549, 25.4509], [-178.5209, 25.4675], [-178.4867, 25.4835], [-178.4521, 25.499], [-178.4172, 25.5139], [-178.3821, 25.5283], [-178.3466, 25.5421], [-178.3109, 25.5554], [-178.2749, 25.568], [-178.2387, 25.5801], [-178.2023, 25.5917], [-178.1656, 25.6026], [-178.1287, 25.6129], [-178.0916, 25.6227], [-178.0544, 25.6318], [-178.0169, 25.6404], [-177.9793, 25.6484], [-177.9415, 25.6557], [-177.9036, 25.6625], [-177.8655, 25.6686], [-177.8274, 25.6742], [-177.7891, 25.6791], [-177.7507, 25.6834], [-177.7123, 25.6871], [-177.6738, 25.6902], [-177.6353, 25.6926], [-177.5966, 25.6945], [-177.558, 25.6957], [-177.5194, 25.6964], [-177.4791, 25.8627]]]}, "properties": {"layer": "storm_track", "kind": "wind_radii_forecast", "storm_id": "ep152026", "storm_name": "Nolo", "wind_kt": 34, "label": "+48h", "valid_text": "2:00 AM HST October 04, 2026"}}, {"type": "Feature", "geometry": {"type": "Polygon", "coordinates": [[[-177.4904, 24.6982], [-177.4713, 24.6979], [-177.4521, 24.6973], [-177.4329, 24.6963], [-177.4138, 24.6951], [-177.3947, 24.6936], [-177.3757, 24.6917], [-177.3566, 24.6896], [-177.3376, 24.6872], [-177.3187, 24.6844], [-177.2998, 24.6814], [-177.281, 24.678], [-177.2623, 24.6744], [-177.2436, 24.6704], [-177.225, 24.6662], [-177.2065, 24.6616], [-177.1881, 24.6568], [-177.1698, 24.6517], [-177.1515, 24.6462], [-177.1334, 24.6405], [-177.1154, 24.6345], [-177.0976, 24.6282], [-177.0798, 24.6217], [-177.0622, 24.6148], [-177.0447, 24.6077], [-177.0274, 24.6003], [-177.0102, 24.5926], [-176.9932, 24.5846], [-176.9763, 24.5764], [-176.9595, 24.5679], [-176.943, 24.5591], [-176.9266, 24.5501], [-176.9104, 24.5408], [-176.8944, 24.5312], [-176.8786, 24.5214], [-176.8629, 24.5114], [-176.8475, 24.501], [-176.8323, 24.4905], [-176.8172, 24.4797], [-176.8024, 24.4687], [-176.7878, 24.4574], [-176.7735, 24.4459], [-176.7593, 24.4342], [-176.7454, 24.4222], [-176.7317, 24.4101], [-176.7182, 24.3977], [-176.705, 24.3851], [-176.6921, 24.3723], [-176.6794, 24.3593], [-176.6669, 24.3461], [-176.6547, 24.3326], [-176.6427, 24.319], [-176.6311, 24.3052], [-176.6197, 24.2913], [-176.6085, 24.2771], [-176.5977, 24.2628], [-176.5871, 24.2483], [-176.5768, 24.2336], [-176.5668, 24.2188], [-176.557, 24.2038], [-176.5476, 24.1886], [-176.5384, 24.1733], [-176.5296, 24.1579], [-176.5211, 24.1423], [-176.5128, 24.1266], [-176.5049, 24.1108], [-176.4972, 24.0948], [-176.4899, 24.0787], [-176.4829, 24.0625], [-176.4762, 24.0462], [-176.4698, 24.0298], [-176.4637, 24.0133], [-176.4579, 23.9967], [-176.4525, 23.98], [-176.4474, 23.9632], [-176.4426, 23.9463], [-176.4381, 23.9294], [-176.434, 23.9124], [-176.4301, 23.8953], [-176.4266, 23.8782], [-176.4235, 23.861], [-176.4206, 23.8438], [-176.4181, 23.8265], [-176.416, 23.8092], [-176.4141, 23.7919], [-176.4126, 23.7745], [-176.4114, 23.7571], [-176.4106, 23.7397], [-176.41, 23.7223], [-176.4099, 23.7049], [-176.5916, 23.6901], [-176.592, 23.6756], [-176.5927, 23.6611], [-176.5936, 23.6466], [-176.5948, 23.6321], [-176.5963, 23.6177], [-176.5981, 23.6032], [-176.6001, 23.5888], [-176.6024, 23.5745], [-176.605, 23.5601], [-176.6078, 23.5459], [-176.6109, 23.5316], [-176.6143, 23.5174], [-176.618, 23.5033], [-176.6219, 23.4893], [-176.6261, 23.4753], [-176.6305, 23.4613], [-176.6353, 23.4475], [-176.6402, 23.4337], [-176.6455, 23.42], [-176.651, 23.4064], [-176.6567, 23.3929], [-176.6627, 23.3794], [-176.669, 23.3661], [-176.6755, 23.3529], [-176.6823, 23.3397], [-176.6893, 23.3267], [-176.6966, 23.3138], [-176.7041, 23.3011], [-176.7118, 23.2884], [-176.7198, 23.2759], [-176.728, 23.2635], [-176.7364, 23.2512], [-176.7451, 23.2391], [-176.754, 23.2271], [-176.7631, 23.2152], [-176.7725, 23.2035], [-176.782, 23.192], [-176.7918, 23.1806], [-176.8018, 23.1693], [-176.812, 23.1582], [-176.8225, 23.1473], [-176.8331, 23.1366], [-176.8439, 23.126], [-176.8549, 23.1156], [-176.8661, 23.1054], [-176.8775, 23.0954], [-176.8891, 23.0855], [-176.9009, 23.0758], [-176.9128, 23.0664], [-176.925, 23.0571], [-176.9373, 23.048], [-176.9497, 23.0391], [-176.9624, 23.0304], [-176.9752, 23.0219], [-176.9881, 23.0136], [-177.0012, 23.0055], [-177.0145, 22.9977], [-177.0279, 22.99], [-177.0414, 22.9826], [-177.0551, 22.9754], [-177.0689, 22.9684], [-177.0829, 22.9616], [-177.0969, 22.955], [-177.1111, 22.9487], [-177.1254, 22.9426], [-177.1398, 22.9367], [-177.1544, 22.9311], [-177.169, 22.9257], [-177.1837, 22.9205], [-177.1986, 22.9156], [-177.2135, 22.9109], [-177.2285, 22.9064], [-177.2435, 22.9022], [-177.2587, 22.8982], [-177.2739, 22.8945], [-177.2892, 22.891], [-177.3046, 22.8878], [-177.32, 22.8848], [-177.3355, 22.882], [-177.351, 22.8795], [-177.3666, 22.8772], [-177.3822, 22.8752], [-177.3978, 22.8735], [-177.4135, 22.872], [-177.4292, 22.8707], [-177.4449, 22.8697], [-177.4606, 22.8689], [-177.4764, 22.8684], [-177.4921, 22.8682], [-177.5063, 23.0345], [-177.519, 23.0348], [-177.5316, 23.0352], [-177.5442, 23.0358], [-177.5567, 23.0366], [-177.5693, 23.0376], [-177.5819, 23.0388], [-177.5944, 23.0402], [-177.6069, 23.0418], [-177.6194, 23.0436], [-177.6318, 23.0456], [-177.6442, 23.0478], [-177.6565, 23.0502], [-177.6688, 23.0528], [-177.6811, 23.0556], [-177.6933, 23.0586], [-177.7054, 23.0618], [-177.7175, 23.0652], [-177.7295, 23.0687], [-177.7415, 23.0725], [-177.7533, 23.0765], [-177.7651, 23.0806], [-177.7768, 23.0849], [-177.7885, 23.0895], [-177.8, 23.0942], [-177.8115, 23.099], [-177.8228, 23.1041], [-177.8341, 23.1094], [-177.8453, 23.1148], [-177.8563, 23.1204], [-177.8673, 23.1262], [-177.8781, 23.1321], [-177.8888, 23.1383], [-177.8995, 23.1446], [-177.9099, 23.151], [-177.9203, 23.1577], [-177.9306, 23.1645], [-177.9407, 23.1714], [-177.9507, 23.1785], [-177.9605, 23.1858], [-177.9702, 23.1933], [-177.9798, 23.2009], [-177.9892, 23.2086], [-177.9985, 23.2165], [-178.0076, 23.2245], [-178.0165, 23.2327], [-178.0253, 23.241], [-178.034, 23.2495], [-178.0425, 23.2581], [-178.0508, 23.2668], [-178.059, 23.2757], [-178.067, 23.2847], [-178.0748, 23.2938], [-178.0825, 23.3031], [-178.09, 23.3124], [-178.0972, 23.3219], [-178.1044, 23.3315], [-178.1113, 23.3412], [-178.118, 23.3511], [-178.1246, 23.361], [-178.131, 23.371], [-178.1372, 23.3812], [-178.1432, 23.3914], [-178.149, 23.4017], [-178.1546, 23.4121], [-178.1599, 23.4226], [-178.1651, 23.4332], [-178.1702, 23.4439], [-178.1749, 23.4546], [-178.1796, 23.4655], [-178.1839, 23.4764], [-178.1881, 23.4873], [-178.1921, 23.4983], [-178.1958, 23.5094], [-178.1994, 23.5206], [-178.2027, 23.5318], [-178.2059, 23.543], [-178.2088, 23.5543], [-178.2115, 23.5657], [-178.2139, 23.5771], [-178.2162, 23.5885], [-178.2182, 23.6], [-178.2201, 23.6115], [-178.2217, 23.623], [-178.2231, 23.6345], [-178.2242, 23.6461], [-178.2252, 23.6577], [-178.2259, 23.6693], [-178.2264, 23.6809], [-178.2267, 23.6925], [-178.4085, 23.7046], [-178.4083, 23.7191], [-178.4079, 23.7336], [-178.4071, 23.7481], [-178.4061, 23.7626], [-178.4048, 23.7771], [-178.4033, 23.7915], [-178.4014, 23.806], [-178.3993, 23.8204], [-178.397, 23.8347], [-178.3943, 23.849], [-178.3914, 23.8633], [-178.3882, 23.8775], [-178.3847, 23.8917], [-178.381, 23.9058], [-178.3769, 23.9198], [-178.3726, 23.9338], [-178.3681, 23.9477], [-178.3633, 23.9616], [-178.3582, 23.9753], [-178.3528, 23.989], [-178.3472, 24.0026], [-178.3414, 24.0161], [-178.3353, 24.0295], [-178.3289, 24.0427], [-178.3222, 24.0559], [-178.3154, 24.069], [-178.3082, 24.082], [-178.3008, 24.0949], [-178.2932, 24.1076], [-178.2853, 24.1202], [-178.2772, 24.1327], [-178.2688, 24.145], [-178.2603, 24.1573], [-178.2514, 24.1693], [-178.2424, 24.1813], [-178.2331, 24.1931], [-178.2236, 24.2047], [-178.2138, 24.2162], [-178.2039, 24.2275], [-178.1937, 24.2387], [-178.1833, 24.2497], [-178.1727, 24.2605], [-178.1619, 24.2712], [-178.1509, 24.2817], [-178.1397, 24.292], [-178.1283, 24.3021], [-178.1167, 24.3121], [-178.1049, 24.3218], [-178.0929, 24.3314], [-178.0807, 24.3408], [-178.0684, 24.35], [-178.0559, 24.359], [-178.0432, 24.3677], [-178.0303, 24.3763], [-178.0173, 24.3847], [-178.0041, 24.3928], [-177.9908, 24.4008], [-177.9773, 24.4085], [-177.9637, 24.416], [-177.9499, 24.4234], [-177.936, 24.4304], [-177.9219, 24.4373], [-177.9077, 24.4439], [-177.8934, 24.4503], [-177.879, 24.4565], [-177.8644, 24.4624], [-177.8497, 24.4681], [-177.835, 24.4736], [-177.8201, 24.4788], [-177.8051, 24.4838], [-177.7901, 24.4886], [-177.7749, 24.4931], [-177.7596, 24.4974], [-177.7443, 24.5014], [-177.7289, 24.5052], [-177.7134, 24.5087], [-177.6979, 24.512], [-177.6823, 24.515], [-177.6666, 24.5178], [-177.6509, 24.5204], [-177.6352, 24.5227], [-177.6194, 24.5247], [-177.6035, 24.5265], [-177.5877, 24.528], [-177.5718, 24.5293], [-177.5558, 24.5303], [-177.5399, 24.5311], [-177.5239, 24.5316], [-177.508, 24.5318], [-177.4904, 24.6982]]]}, "properties": {"layer": "storm_track", "kind": "wind_radii_forecast", "storm_id": "ep152026", "storm_name": "Nolo", "wind_kt": 50, "label": "+60h", "valid_text": "2:00 PM HST October 04, 2026"}}, {"type": "Feature", "geometry": {"type": "Polygon", "coordinates": [[[-177.4952, 24.1991], [-177.4857, 24.1989], [-177.4762, 24.1986], [-177.4666, 24.1982], [-177.4571, 24.1976], [-177.4476, 24.1968], [-177.4381, 24.1959], [-177.4286, 24.1948], [-177.4191, 24.1936], [-177.4097, 24.1922], [-177.4003, 24.1907], [-177.3909, 24.1891], [-177.3816, 24.1872], [-177.3723, 24.1853], [-177.363, 24.1832], [-177.3538, 24.1809], [-177.3446, 24.1785], [-177.3355, 24.1759], [-177.3264, 24.1732], [-177.3174, 24.1704], [-177.3084, 24.1674], [-177.2995, 24.1643], [-177.2907, 24.161], [-177.2819, 24.1576], [-177.2732, 24.154], [-177.2645, 24.1503], [-177.256, 24.1465], [-177.2475, 24.1425], [-177.239, 24.1384], [-177.2307, 24.1342], [-177.2224, 24.1298], [-177.2143, 24.1253], [-177.2062, 24.1207], [-177.1982, 24.1159], [-177.1903, 24.111], [-177.1825, 24.106], [-177.1748, 24.1009], [-177.1672, 24.0956], [-177.1597, 24.0902], [-177.1523, 24.0847], [-177.145, 24.0791], [-177.1378, 24.0734], [-177.1307, 24.0675], [-177.1238, 24.0616], [-177.1169, 24.0555], [-177.1102, 24.0493], [-177.1036, 24.0431], [-177.0971, 24.0367], [-177.0907, 24.0302], [-177.0845, 24.0236], [-177.0784, 24.0169], [-177.0724, 24.0101], [-177.0666, 24.0032], [-177.0609, 23.9963], [-177.0553, 23.9892], [-177.0498, 23.982], [-177.0445, 23.9748], [-177.0394, 23.9675], [-177.0343, 23.9601], [-177.0294, 23.9526], [-177.0247, 23.945], [-177.0201, 23.9374], [-177.0157, 23.9297], [-177.0114, 23.9219], [-177.0072, 23.9141], [-177.0032, 23.9062], [-176.9994, 23.8982], [-176.9957, 23.8902], [-176.9921, 23.8821], [-176.9888, 23.874], [-176.9855, 23.8658], [-176.9825, 23.8575], [-176.9796, 23.8492], [-176.9768, 23.8409], [-176.9742, 23.8325], [-176.9718, 23.8241], [-176.9695, 23.8156], [-176.9674, 23.8071], [-176.9655, 23.7986], [-176.9637, 23.79], [-176.9621, 23.7814], [-176.9606, 23.7728], [-176.9593, 23.7642], [-176.9582, 23.7556], [-176.9572, 23.7469], [-176.9565, 23.7382], [-176.9558, 23.7295], [-176.9554, 23.7208], [-176.9551, 23.7121], [-176.9549, 23.7034], [-177.0458, 23.6957], [-177.046, 23.6885], [-177.0463, 23.6812], [-177.0467, 23.674], [-177.0473, 23.6667], [-177.048, 23.6595], [-177.0489, 23.6523], [-177.0499, 23.6451], [-177.051, 23.6379], [-177.0522, 23.6307], [-177.0537, 23.6236], [-177.0552, 23.6164], [-177.0569, 23.6094], [-177.0587, 23.6023], [-177.0606, 23.5952], [-177.0627, 23.5882], [-177.0649, 23.5813], [-177.0672, 23.5743], [-177.0697, 23.5674], [-177.0723, 23.5606], [-177.075, 23.5538], [-177.0779, 23.547], [-177.0809, 23.5403], [-177.084, 23.5336], [-177.0872, 23.527], [-177.0906, 23.5204], [-177.0941, 23.5139], [-177.0977, 23.5074], [-177.1014, 23.501], [-177.1053, 23.4947], [-177.1093, 23.4884], [-177.1134, 23.4822], [-177.1176, 23.4761], [-177.1219, 23.47], [-177.1263, 23.464], [-177.1309, 23.458], [-177.1356, 23.4522], [-177.1404, 23.4464], [-177.1452, 23.4407], [-177.1502, 23.4351], [-177.1553, 23.4295], [-177.1605, 23.424], [-177.1658, 23.4187], [-177.1712, 23.4134], [-177.1768, 23.4081], [-177.1824, 23.403], [-177.1881, 23.398], [-177.1939, 23.3931], [-177.1997, 23.3882], [-177.2057, 23.3835], [-177.2118, 23.3788], [-177.218, 23.3742], [-177.2242, 23.3698], [-177.2305, 23.3654], [-177.2369, 23.3612], [-177.2434, 23.357], [-177.25, 23.353], [-177.2566, 23.349], [-177.2633, 23.3452], [-177.2701, 23.3415], [-177.2769, 23.3378], [-177.2839, 23.3343], [-177.2909, 23.3309], [-177.2979, 23.3276], [-177.305, 23.3245], [-177.3122, 23.3214], [-177.3194, 23.3185], [-177.3267, 23.3156], [-177.334, 23.3129], [-177.3414, 23.3103], [-177.3488, 23.3079], [-177.3563, 23.3055], [-177.3638, 23.3033], [-177.3714, 23.3012], [-177.379, 23.2992], [-177.3866, 23.2973], [-177.3943, 23.2955], [-177.402, 23.2939], [-177.4097, 23.2924], [-177.4175, 23.291], [-177.4253, 23.2898], [-177.4331, 23.2886], [-177.4409, 23.2876], [-177.4488, 23.2867], [-177.4566, 23.286], [-177.4645, 23.2854], [-177.4724, 23.2849], [-177.4803, 23.2845], [-177.4882, 23.2842], [-177.4961, 23.2841], [-177.5032, 23.3673], [-177.5095, 23.3674], [-177.5158, 23.3676], [-177.5221, 23.3679], [-177.5285, 23.3683], [-177.5347, 23.3688], [-177.541, 23.3694], [-177.5473, 23.3701], [-177.5536, 23.3709], [-177.5598, 23.3718], [-177.5661, 23.3728], [-177.5723, 23.3739], [-177.5785, 23.3751], [-177.5846, 23.3764], [-177.5908, 23.3778], [-177.5969, 23.3793], [-177.603, 23.3809], [-177.609, 23.3826], [-177.615, 23.3844], [-177.621, 23.3863], [-177.627, 23.3883], [-177.6329, 23.3904], [-177.6387, 23.3925], [-177.6446, 23.3948], [-177.6504, 23.3971], [-177.6561, 23.3996], [-177.6618, 23.4021], [-177.6674, 23.4048], [-177.673, 23.4075], [-177.6786, 23.4103], [-177.6841, 23.4132], [-177.6895, 23.4162], [-177.6948, 23.4192], [-177.7002, 23.4224], [-177.7054, 23.4256], [-177.7106, 23.429], [-177.7157, 23.4324], [-177.7208, 23.4359], [-177.7258, 23.4394], [-177.7307, 23.4431], [-177.7356, 23.4468], [-177.7403, 23.4506], [-177.7451, 23.4545], [-177.7497, 23.4584], [-177.7542, 23.4625], [-177.7587, 23.4666], [-177.7631, 23.4707], [-177.7675, 23.475], [-177.7717, 23.4793], [-177.7759, 23.4837], [-177.78, 23.4881], [-177.784, 23.4926], [-177.7879, 23.4972], [-177.7917, 23.5018], [-177.7954, 23.5065], [-177.7991, 23.5112], [-177.8026, 23.5161], [-177.8061, 23.5209], [-177.8094, 23.5258], [-177.8127, 23.5308], [-177.8159, 23.5358], [-177.819, 23.5409], [-177.822, 23.546], [-177.8248, 23.5512], [-177.8276, 23.5564], [-177.8303, 23.5617], [-177.8329, 23.567], [-177.8354, 23.5723], [-177.8378, 23.5777], [-177.8401, 23.5831], [-177.8423, 23.5886], [-177.8443, 23.594], [-177.8463, 23.5996], [-177.8482, 23.6051], [-177.8499, 23.6107], [-177.8516, 23.6163], [-177.8531, 23.6219], [-177.8546, 23.6276], [-177.8559, 23.6333], [-177.8571, 23.639], [-177.8583, 23.6447], [-177.8593, 23.6504], [-177.8602, 23.6562], [-177.861, 23.6619], [-177.8616, 23.6677], [-177.8622, 23.6735], [-177.8627, 23.6793], [-177.863, 23.6851], [-177.8632, 23.6909], [-177.8634, 23.6967], [-177.9542, 23.703], [-177.9541, 23.7102], [-177.9539, 23.7175], [-177.9535, 23.7247], [-177.953, 23.732], [-177.9523, 23.7392], [-177.9515, 23.7464], [-177.9505, 23.7536], [-177.9495, 23.7608], [-177.9483, 23.768], [-177.9469, 23.7752], [-177.9454, 23.7823], [-177.9438, 23.7894], [-177.942, 23.7965], [-177.9401, 23.8035], [-177.9381, 23.8105], [-177.9359, 23.8175], [-177.9336, 23.8245], [-177.9312, 23.8314], [-177.9287, 23.8382], [-177.926, 23.8451], [-177.9231, 23.8519], [-177.9202, 23.8586], [-177.9171, 23.8653], [-177.9139, 23.8719], [-177.9106, 23.8785], [-177.9071, 23.8851], [-177.9035, 23.8915], [-177.8998, 23.8979], [-177.896, 23.9043], [-177.892, 23.9106], [-177.888, 23.9168], [-177.8838, 23.923], [-177.8795, 23.9291], [-177.875, 23.9351], [-177.8705, 23.9411], [-177.8658, 23.947], [-177.8611, 23.9528], [-177.8562, 23.9585], [-177.8512, 23.9642], [-177.8461, 23.9697], [-177.8409, 23.9752], [-177.8356, 23.9806], [-177.8302, 23.986], [-177.8247, 23.9912], [-177.8191, 23.9963], [-177.8134, 24.0014], [-177.8076, 24.0063], [-177.8017, 24.0112], [-177.7957, 24.016], [-177.7897, 24.0207], [-177.7835, 24.0252], [-177.7772, 24.0297], [-177.7709, 24.0341], [-177.7645, 24.0384], [-177.758, 24.0426], [-177.7514, 24.0466], [-177.7447, 24.0506], [-177.738, 24.0545], [-177.7312, 24.0582], [-177.7243, 24.0618], [-177.7174, 24.0654], [-177.7104, 24.0688], [-177.7033, 24.0721], [-177.6961, 24.0753], [-177.6889, 24.0784], [-177.6817, 24.0813], [-177.6744, 24.0842], [-177.667, 24.0869], [-177.6596, 24.0895], [-177.6521, 24.092], [-177.6446, 24.0944], [-177.637, 24.0966], [-177.6294, 24.0987], [-177.6218, 24.1008], [-177.6141, 24.1026], [-177.6064, 24.1044], [-177.5986, 24.106], [-177.5909, 24.1075], [-177.5831, 24.1089], [-177.5752, 24.1102], [-177.5674, 24.1113], [-177.5595, 24.1124], [-177.5516, 24.1132], [-177.5437, 24.114], [-177.5358, 24.1146], [-177.5278, 24.1151], [-177.5199, 24.1155], [-177.5119, 24.1158], [-177.504, 24.1159], [-177.4952, 24.1991]]]}, "properties": {"layer": "storm_track", "kind": "wind_radii_forecast", "storm_id": "ep152026", "storm_name": "Nolo", "wind_kt": 64, "label": "+60h", "valid_text": "2:00 PM HST October 04, 2026"}}, {"type": "Feature", "geometry": {"type": "Polygon", "coordinates": [[[179.3211, 26.6627], [179.3634, 26.662], [179.4055, 26.6607], [179.4477, 26.6587], [179.4898, 26.656], [179.5319, 26.6527], [179.5739, 26.6486], [179.6158, 26.644], [179.6576, 26.6386], [179.6992, 26.6326], [179.7408, 26.6259], [179.7822, 26.6186], [179.8235, 26.6106], [179.8646, 26.602], [179.9055, 26.5927], [179.9462, 26.5828], [179.9867, 26.5722], [-179.973, 26.5609], [-179.933, 26.5491], [-179.8932, 26.5366], [-179.8536, 26.5235], [-179.8144, 26.5097], [-179.7754, 26.4953], [-179.7367, 26.4803], [-179.6983, 26.4647], [-179.6602, 26.4485], [-179.6225, 26.4317], [-179.5851, 26.4143], [-179.5481, 26.3963], [-179.5114, 26.3777], [-179.4751, 26.3585], [-179.4392, 26.3388], [-179.4037, 26.3185], [-179.3686, 26.2976], [-179.334, 26.2762], [-179.2998, 26.2543], [-179.266, 26.2318], [-179.2327, 26.2087], [-179.1998, 26.1852], [-179.1674, 26.1611], [-179.1356, 26.1365], [-179.1042, 26.1114], [-179.0733, 26.0858], [-179.0429, 26.0597], [-179.013, 26.0332], [-178.9837, 26.0062], [-178.955, 25.9787], [-178.9267, 25.9507], [-178.8991, 25.9224], [-178.872, 25.8936], [-178.8454, 25.8643], [-178.8195, 25.8347], [-178.7942, 25.8046], [-178.7694, 25.7741], [-178.7453, 25.7433], [-178.7218, 25.7121], [-178.6989, 25.6805], [-178.6766, 25.6485], [-178.6549, 25.6162], [-178.6339, 25.5836], [-178.6136, 25.5506], [-178.5939, 25.5173], [-178.5748, 25.4837], [-178.5564, 25.4498], [-178.5387, 25.4157], [-178.5217, 25.3812], [-178.5053, 25.3465], [-178.4896, 25.3115], [-178.4746, 25.2763], [-178.4603, 25.2409], [-178.4467, 25.2052], [-178.4337, 25.1693], [-178.4215, 25.1332], [-178.41, 25.097], [-178.3992, 25.0605], [-178.3891, 25.0239], [-178.3797, 24.9871], [-178.371, 24.9502], [-178.3631, 24.9132], [-178.3558, 24.876], [-178.3493, 24.8387], [-178.3435, 24.8014], [-178.3384, 24.7639], [-178.3341, 24.7264], [-178.3304, 24.6888], [-178.3275, 24.6511], [-178.3254, 24.6135], [-178.3239, 24.5757], [-178.3232, 24.538], [-178.3232, 24.5003], [-178.6893, 24.4707], [-178.6904, 24.4388], [-178.6922, 24.4069], [-178.6945, 24.375], [-178.6975, 24.3432], [-178.701, 24.3115], [-178.7052, 24.2797], [-178.7099, 24.2481], [-178.7153, 24.2165], [-178.7213, 24.1851], [-178.7279, 24.1537], [-178.735, 24.1225], [-178.7428, 24.0913], [-178.7511, 24.0603], [-178.7601, 24.0294], [-178.7696, 23.9987], [-178.7797, 23.9681], [-178.7903, 23.9377], [-178.8016, 23.9075], [-178.8134, 23.8774], [-178.8258, 23.8476], [-178.8387, 23.8179], [-178.8522, 23.7885], [-178.8663, 23.7592], [-178.8809, 23.7302], [-178.896, 23.7015], [-178.9117, 23.6729], [-178.928, 23.6447], [-178.9447, 23.6167], [-178.962, 23.5889], [-178.9798, 23.5615], [-178.9981, 23.5343], [-179.0169, 23.5074], [-179.0362, 23.4809], [-179.056, 23.4546], [-179.0763, 23.4286], [-179.0971, 23.403], [-179.1183, 23.3777], [-179.14, 23.3528], [-179.1622, 23.3282], [-179.1849, 23.304], [-179.208, 23.2801], [-179.2315, 23.2566], [-179.2554, 23.2334], [-179.2798, 23.2107], [-179.3046, 23.1883], [-179.3299, 23.1664], [-179.3555, 23.1448], [-179.3815, 23.1237], [-179.4079, 23.103], [-179.4347, 23.0827], [-179.4619, 23.0628], [-179.4894, 23.0433], [-179.5173, 23.0243], [-179.5456, 23.0058], [-179.5741, 22.9877], [-179.603, 22.97], [-179.6323, 22.9528], [-179.6618, 22.9361], [-179.6917, 22.9198], [-179.7218, 22.9041], [-179.7522, 22.8888], [-179.7829, 22.874], [-179.8139, 22.8597], [-179.8452, 22.8458], [-179.8767, 22.8325], [-179.9084, 22.8197], [-179.9404, 22.8074], [-179.9725, 22.7956], [179.9951, 22.7843], [179.9625, 22.7735], [179.9297, 22.7632], [179.8967, 22.7535], [179.8635, 22.7443], [179.8302, 22.7356], [179.7967, 22.7274], [179.7631, 22.7198], [179.7294, 22.7127], [179.6955, 22.7062], [179.6615, 22.7002], [179.6274, 22.6947], [179.5932, 22.6898], [179.5589, 22.6854], [179.5245, 22.6815], [179.4901, 22.6782], [179.4556, 22.6755], [179.4211, 22.6733], [179.3865, 22.6717], [179.3519, 22.6706], [179.3173, 22.67], [179.289, 23.3355], [179.2668, 23.3358], [179.2447, 23.3365], [179.2226, 23.3376], [179.2005, 23.339], [179.1785, 23.3407], [179.1564, 23.3428], [179.1345, 23.3453], [179.1125, 23.3481], [179.0907, 23.3512], [179.0689, 23.3547], [179.0471, 23.3586], [179.0255, 23.3628], [179.0039, 23.3673], [178.9824, 23.3722], [178.961, 23.3774], [178.9397, 23.3829], [178.9185, 23.3888], [178.8974, 23.3951], [178.8765, 23.4016], [178.8556, 23.4085], [178.8349, 23.4157], [178.8144, 23.4233], [178.7939, 23.4312], [178.7737, 23.4394], [178.7536, 23.4479], [178.7336, 23.4567], [178.7138, 23.4659], [178.6942, 23.4753], [178.6748, 23.4851], [178.6555, 23.4952], [178.6365, 23.5056], [178.6176, 23.5163], [178.599, 23.5273], [178.5806, 23.5385], [178.5623, 23.5501], [178.5443, 23.562], [178.5265, 23.5741], [178.509, 23.5865], [178.4917, 23.5992], [178.4746, 23.6122], [178.4578, 23.6254], [178.4412, 23.639], [178.4249, 23.6527], [178.4088, 23.6668], [178.393, 23.681], [178.3775, 23.6956], [178.3623, 23.7103], [178.3473, 23.7253], [178.3326, 23.7406], [178.3182, 23.7561], [178.3041, 23.7718], [178.2903, 23.7877], [178.2768, 23.8038], [178.2636, 23.8202], [178.2508, 23.8368], [178.2382, 23.8535], [178.226, 23.8705], [178.214, 23.8876], [178.2024, 23.905], [178.1912, 23.9225], [178.1802, 23.9402], [178.1696, 23.9581], [178.1594, 23.9761], [178.1495, 23.9943], [178.1399, 24.0126], [178.1307, 24.0311], [178.1218, 24.0498], [178.1133, 24.0685], [178.1051, 24.0875], [178.0973, 24.1065], [178.0899, 24.1257], [178.0828, 24.1449], [178.0761, 24.1643], [178.0698, 24.1838], [178.0639, 24.2034], [178.0583, 24.2231], [178.0531, 24.2428], [178.0482, 24.2627], [178.0438, 24.2826], [178.0397, 24.3026], [178.036, 24.3226], [178.0327, 24.3427], [178.0298, 24.3629], [178.0273, 24.383], [178.0251, 24.4033], [178.0233, 24.4235], [178.022, 24.4438], [178.021, 24.4641], [178.0204, 24.4844], [177.106, 24.5016], [177.1061, 24.5364], [177.1068, 24.5712], [177.1082, 24.606], [177.1103, 24.6408], [177.113, 24.6756], [177.1164, 24.7103], [177.1205, 24.7449], [177.1252, 24.7795], [177.1306, 24.814], [177.1367, 24.8484], [177.1434, 24.8827], [177.1508, 24.9169], [177.1588, 24.9509], [177.1676, 24.9848], [177.1769, 25.0186], [177.187, 25.0523], [177.1976, 25.0857], [177.209, 25.119], [177.2209, 25.1521], [177.2335, 25.1851], [177.2468, 25.2178], [177.2607, 25.2503], [177.2752, 25.2825], [177.2904, 25.3145], [177.3061, 25.3463], [177.3225, 25.3779], [177.3395, 25.4091], [177.3571, 25.4401], [177.3754, 25.4708], [177.3942, 25.5012], [177.4136, 25.5314], [177.4336, 25.5611], [177.4542, 25.5906], [177.4754, 25.6198], [177.4971, 25.6486], [177.5194, 25.677], [177.5423, 25.7051], [177.5657, 25.7328], [177.5896, 25.7602], [177.6141, 25.7872], [177.6391, 25.8137], [177.6647, 25.8399], [177.6907, 25.8657], [177.7173, 25.891], [177.7444, 25.9159], [177.7719, 25.9404], [177.8, 25.9645], [177.8285, 25.9881], [177.8574, 26.0112], [177.8869, 26.0339], [177.9167, 26.0561], [177.9471, 26.0778], [177.9778, 26.099], [178.009, 26.1198], [178.0405, 26.14], [178.0725, 26.1598], [178.1049, 26.179], [178.1376, 26.1977], [178.1707, 26.2159], [178.2042, 26.2336], [178.238, 26.2507], [178.2722, 26.2673], [178.3066, 26.2834], [178.3414, 26.2989], [178.3765, 26.3138], [178.4119, 26.3282], [178.4476, 26.342], [178.4836, 26.3553], [178.5198, 26.368], [178.5562, 26.3801], [178.593, 26.3916], [178.6299, 26.4025], [178.667, 26.4129], [178.7044, 26.4226], [178.7419, 26.4318], [178.7796, 26.4404], [178.8175, 26.4483], [178.8555, 26.4557], [178.8937, 26.4625], [178.932, 26.4686], [178.9704, 26.4741], [179.0089, 26.4791], [179.0476, 26.4834], [179.0863, 26.4871], [179.125, 26.4902], [179.1638, 26.4926], [179.2027, 26.4945], [179.2416, 26.4957], [179.2805, 26.4964], [179.3211, 26.6627]]]}, "properties": {"layer": "storm_track", "kind": "wind_radii_forecast", "storm_id": "ep152026", "storm_name": "Nolo", "wind_kt": 34, "label": "+60h", "valid_text": "2:00 PM HST October 04, 2026"}}, {"type": "Feature", "geometry": {"type": "Polygon", "coordinates": [[[179.3097, 25.4982], [179.329, 25.4979], [179.3483, 25.4973], [179.3675, 25.4963], [179.3868, 25.4951], [179.406, 25.4936], [179.4252, 25.4917], [179.4444, 25.4896], [179.4635, 25.4872], [179.4825, 25.4844], [179.5015, 25.4814], [179.5204, 25.478], [179.5393, 25.4744], [179.5581, 25.4704], [179.5768, 25.4662], [179.5955, 25.4616], [179.614, 25.4568], [179.6324, 25.4517], [179.6508, 25.4462], [179.669, 25.4405], [179.6871, 25.4345], [179.7051, 25.4282], [179.723, 25.4216], [179.7407, 25.4148], [179.7583, 25.4076], [179.7757, 25.4002], [179.793, 25.3925], [179.8102, 25.3846], [179.8272, 25.3763], [179.844, 25.3678], [179.8607, 25.3591], [179.8771, 25.35], [179.8934, 25.3407], [179.9096, 25.3312], [179.9255, 25.3214], [179.9412, 25.3113], [179.9568, 25.301], [179.9721, 25.2904], [179.9872, 25.2796], [-179.9979, 25.2686], [-179.9832, 25.2573], [-179.9687, 25.2459], [-179.9545, 25.2341], [-179.9405, 25.2222], [-179.9267, 25.21], [-179.9131, 25.1976], [-179.8999, 25.185], [-179.8868, 25.1722], [-179.874, 25.1592], [-179.8615, 25.146], [-179.8492, 25.1326], [-179.8372, 25.1189], [-179.8254, 25.1051], [-179.814, 25.0912], [-179.8028, 25.077], [-179.7918, 25.0627], [-179.7812, 25.0482], [-179.7708, 25.0335], [-179.7607, 25.0187], [-179.751, 25.0037], [-179.7415, 24.9885], [-179.7323, 24.9732], [-179.7234, 24.9578], [-179.7148, 24.9422], [-179.7065, 24.9265], [-179.6985, 24.9106], [-179.6908, 24.8947], [-179.6834, 24.8786], [-179.6764, 24.8624], [-179.6696, 24.8461], [-179.6632, 24.8297], [-179.6571, 24.8132], [-179.6513, 24.7965], [-179.6458, 24.7798], [-179.6407, 24.7631], [-179.6358, 24.7462], [-179.6313, 24.7293], [-179.6272, 24.7123], [-179.6233, 24.6952], [-179.6198, 24.6781], [-179.6167, 24.6609], [-179.6138, 24.6437], [-179.6113, 24.6264], [-179.6091, 24.6091], [-179.6072, 24.5917], [-179.6057, 24.5744], [-179.6045, 24.557], [-179.6037, 24.5396], [-179.6032, 24.5222], [-179.603, 24.5048], [-179.7859, 24.49], [-179.7863, 24.4755], [-179.787, 24.461], [-179.7879, 24.4465], [-179.7891, 24.432], [-179.7906, 24.4176], [-179.7924, 24.4031], [-179.7944, 24.3887], [-179.7968, 24.3744], [-179.7994, 24.36], [-179.8022, 24.3458], [-179.8054, 24.3315], [-179.8088, 24.3173], [-179.8125, 24.3032], [-179.8164, 24.2892], [-179.8206, 24.2752], [-179.8251, 24.2612], [-179.8299, 24.2474], [-179.8349, 24.2336], [-179.8402, 24.2199], [-179.8457, 24.2063], [-179.8515, 24.1928], [-179.8575, 24.1793], [-179.8639, 24.166], [-179.8704, 24.1528], [-179.8772, 24.1397], [-179.8843, 24.1266], [-179.8916, 24.1138], [-179.8991, 24.101], [-179.9069, 24.0883], [-179.9149, 24.0758], [-179.9232, 24.0634], [-179.9317, 24.0511], [-179.9405, 24.039], [-179.9494, 24.027], [-179.9586, 24.0151], [-179.968, 24.0034], [-179.9776, 23.9919], [-179.9875, 23.9805], [-179.9975, 23.9693], [179.9922, 23.9582], [179.9817, 23.9473], [179.971, 23.9365], [179.9601, 23.926], [179.9491, 23.9156], [179.9378, 23.9054], [179.9263, 23.8953], [179.9146, 23.8855], [179.9028, 23.8758], [179.8908, 23.8663], [179.8786, 23.857], [179.8662, 23.8479], [179.8536, 23.8391], [179.8409, 23.8304], [179.828, 23.8219], [179.815, 23.8136], [179.8018, 23.8055], [179.7885, 23.7976], [179.775, 23.79], [179.7614, 23.7826], [179.7476, 23.7753], [179.7337, 23.7683], [179.7197, 23.7616], [179.7055, 23.755], [179.6913, 23.7487], [179.6769, 23.7426], [179.6624, 23.7367], [179.6477, 23.7311], [179.633, 23.7257], [179.6182, 23.7205], [179.6033, 23.7156], [179.5883, 23.7109], [179.5732, 23.7064], [179.558, 23.7022], [179.5428, 23.6982], [179.5275, 23.6945], [179.5121, 23.691], [179.4966, 23.6877], [179.4811, 23.6847], [179.4655, 23.682], [179.4499, 23.6795], [179.4343, 23.6772], [179.4186, 23.6752], [179.4028, 23.6735], [179.3871, 23.672], [179.3713, 23.6707], [179.3555, 23.6697], [179.3396, 23.6689], [179.3238, 23.6684], [179.3079, 23.6682], [179.2937, 23.8345], [179.281, 23.8347], [179.2683, 23.8352], [179.2556, 23.8358], [179.2429, 23.8366], [179.2303, 23.8376], [179.2177, 23.8388], [179.205, 23.8402], [179.1925, 23.8418], [179.1799, 23.8436], [179.1674, 23.8456], [179.155, 23.8478], [179.1425, 23.8502], [179.1302, 23.8528], [179.1178, 23.8556], [179.1056, 23.8586], [179.0934, 23.8618], [179.0812, 23.8652], [179.0691, 23.8687], [179.0571, 23.8725], [179.0452, 23.8765], [179.0333, 23.8806], [179.0215, 23.8849], [179.0098, 23.8894], [178.9982, 23.8941], [178.9867, 23.899], [178.9752, 23.9041], [178.9639, 23.9093], [178.9527, 23.9148], [178.9415, 23.9204], [178.9305, 23.9262], [178.9196, 23.9321], [178.9088, 23.9382], [178.8981, 23.9445], [178.8876, 23.951], [178.8772, 23.9576], [178.8668, 23.9644], [178.8567, 23.9714], [178.8466, 23.9785], [178.8367, 23.9858], [178.827, 23.9932], [178.8173, 24.0008], [178.8079, 24.0086], [178.7985, 24.0165], [178.7894, 24.0245], [178.7803, 24.0327], [178.7715, 24.041], [178.7627, 24.0495], [178.7542, 24.0581], [178.7458, 24.0668], [178.7376, 24.0757], [178.7295, 24.0847], [178.7217, 24.0938], [178.714, 24.103], [178.7065, 24.1124], [178.6991, 24.1219], [178.692, 24.1315], [178.685, 24.1412], [178.6782, 24.151], [178.6716, 24.1609], [178.6652, 24.171], [178.6589, 24.1811], [178.6529, 24.1913], [178.6471, 24.2017], [178.6414, 24.2121], [178.636, 24.2226], [178.6308, 24.2332], [178.6257, 24.2438], [178.6209, 24.2546], [178.6163, 24.2654], [178.6119, 24.2763], [178.6077, 24.2873], [178.6037, 24.2983], [178.5999, 24.3094], [178.5963, 24.3205], [178.5929, 24.3317], [178.5898, 24.343], [178.5869, 24.3543], [178.5841, 24.3656], [178.5816, 24.377], [178.5794, 24.3885], [178.5773, 24.3999], [178.5755, 24.4114], [178.5738, 24.4229], [178.5724, 24.4345], [178.5713, 24.446], [178.5703, 24.4576], [178.5696, 24.4692], [178.569, 24.4808], [178.5688, 24.4924], [178.203, 24.5047], [178.2032, 24.5222], [178.2037, 24.5396], [178.2046, 24.557], [178.2057, 24.5744], [178.2073, 24.5917], [178.2091, 24.6091], [178.2113, 24.6264], [178.2138, 24.6437], [178.2167, 24.6609], [178.2198, 24.6781], [178.2234, 24.6952], [178.2272, 24.7123], [178.2314, 24.7293], [178.2359, 24.7462], [178.2407, 24.7631], [178.2458, 24.7798], [178.2513, 24.7965], [178.2571, 24.8131], [178.2632, 24.8297], [178.2696, 24.8461], [178.2764, 24.8624], [178.2834, 24.8786], [178.2908, 24.8947], [178.2985, 24.9106], [178.3065, 24.9265], [178.3148, 24.9422], [178.3234, 24.9578], [178.3323, 24.9732], [178.3415, 24.9885], [178.351, 25.0037], [178.3608, 25.0187], [178.3708, 25.0335], [178.3812, 25.0482], [178.3919, 25.0627], [178.4028, 25.077], [178.414, 25.0912], [178.4255, 25.1051], [178.4372, 25.1189], [178.4492, 25.1325], [178.4615, 25.146], [178.474, 25.1592], [178.4868, 25.1722], [178.4999, 25.185], [178.5132, 25.1976], [178.5267, 25.21], [178.5405, 25.2222], [178.5545, 25.2341], [178.5687, 25.2458], [178.5832, 25.2573], [178.5979, 25.2686], [178.6128, 25.2796], [178.6279, 25.2904], [178.6433, 25.301], [178.6588, 25.3113], [178.6745, 25.3214], [178.6905, 25.3312], [178.7066, 25.3407], [178.7229, 25.35], [178.7394, 25.359], [178.756, 25.3678], [178.7729, 25.3763], [178.7899, 25.3846], [178.807, 25.3925], [178.8243, 25.4002], [178.8418, 25.4076], [178.8593, 25.4148], [178.8771, 25.4216], [178.8949, 25.4282], [178.9129, 25.4345], [178.931, 25.4405], [178.9493, 25.4462], [178.9676, 25.4516], [178.986, 25.4568], [179.0046, 25.4616], [179.0232, 25.4662], [179.0419, 25.4704], [179.0607, 25.4744], [179.0796, 25.478], [179.0985, 25.4814], [179.1175, 25.4844], [179.1366, 25.4872], [179.1557, 25.4896], [179.1748, 25.4917], [179.194, 25.4936], [179.2132, 25.4951], [179.2325, 25.4963], [179.2518, 25.4973], [179.2711, 25.4979], [179.2904, 25.4982], [179.3097, 25.4982]]]}, "properties": {"layer": "storm_track", "kind": "wind_radii_forecast", "storm_id": "ep152026", "storm_name": "Nolo", "wind_kt": 50, "label": "+72h", "valid_text": "2:00 AM HST October 05, 2026"}}, {"type": "Feature", "geometry": {"type": "Polygon", "coordinates": [[[179.3048, 24.9991], [179.3144, 24.9989], [179.324, 24.9986], [179.3336, 24.9982], [179.3432, 24.9976], [179.3528, 24.9968], [179.3623, 24.9959], [179.3719, 24.9948], [179.3814, 24.9936], [179.3909, 24.9922], [179.4004, 24.9907], [179.4098, 24.989], [179.4192, 24.9872], [179.4286, 24.9853], [179.4379, 24.9831], [179.4472, 24.9809], [179.4564, 24.9785], [179.4656, 24.9759], [179.4747, 24.9732], [179.4838, 24.9704], [179.4928, 24.9674], [179.5018, 24.9642], [179.5107, 24.961], [179.5195, 24.9576], [179.5283, 24.954], [179.537, 24.9503], [179.5456, 24.9465], [179.5542, 24.9425], [179.5627, 24.9384], [179.571, 24.9342], [179.5794, 24.9298], [179.5876, 24.9253], [179.5957, 24.9207], [179.6038, 24.9159], [179.6117, 24.911], [179.6196, 24.906], [179.6273, 24.9009], [179.635, 24.8956], [179.6425, 24.8902], [179.65, 24.8847], [179.6573, 24.8791], [179.6645, 24.8734], [179.6717, 24.8675], [179.6787, 24.8616], [179.6855, 24.8555], [179.6923, 24.8493], [179.699, 24.843], [179.7055, 24.8367], [179.7119, 24.8302], [179.7182, 24.8236], [179.7243, 24.8169], [179.7303, 24.8101], [179.7362, 24.8032], [179.742, 24.7962], [179.7476, 24.7892], [179.7531, 24.782], [179.7584, 24.7748], [179.7636, 24.7675], [179.7687, 24.7601], [179.7736, 24.7526], [179.7783, 24.745], [179.7829, 24.7374], [179.7874, 24.7297], [179.7917, 24.7219], [179.7959, 24.7141], [179.7999, 24.7062], [179.8038, 24.6982], [179.8075, 24.6902], [179.8111, 24.6821], [179.8145, 24.6739], [179.8177, 24.6657], [179.8208, 24.6575], [179.8237, 24.6492], [179.8265, 24.6408], [179.8291, 24.6325], [179.8316, 24.624], [179.8338, 24.6156], [179.836, 24.6071], [179.8379, 24.5986], [179.8397, 24.59], [179.8413, 24.5814], [179.8428, 24.5728], [179.8441, 24.5642], [179.8452, 24.5555], [179.8462, 24.5469], [179.847, 24.5382], [179.8476, 24.5295], [179.8481, 24.5208], [179.8484, 24.5121], [179.8485, 24.5034], [179.7571, 24.4957], [179.7569, 24.4884], [179.7566, 24.4812], [179.7561, 24.4739], [179.7556, 24.4667], [179.7548, 24.4595], [179.754, 24.4522], [179.753, 24.445], [179.7518, 24.4379], [179.7506, 24.4307], [179.7492, 24.4235], [179.7476, 24.4164], [179.7459, 24.4093], [179.7441, 24.4023], [179.7422, 24.3952], [179.7401, 24.3882], [179.7379, 24.3812], [179.7355, 24.3743], [179.733, 24.3674], [179.7304, 24.3606], [179.7276, 24.3537], [179.7248, 24.347], [179.7218, 24.3402], [179.7186, 24.3336], [179.7154, 24.327], [179.712, 24.3204], [179.7085, 24.3139], [179.7048, 24.3074], [179.7011, 24.301], [179.6972, 24.2947], [179.6932, 24.2884], [179.6891, 24.2822], [179.6848, 24.276], [179.6805, 24.27], [179.676, 24.264], [179.6714, 24.258], [179.6667, 24.2522], [179.6619, 24.2464], [179.657, 24.2407], [179.652, 24.235], [179.6468, 24.2295], [179.6416, 24.224], [179.6363, 24.2186], [179.6308, 24.2133], [179.6253, 24.2081], [179.6196, 24.203], [179.6139, 24.198], [179.6081, 24.193], [179.6021, 24.1882], [179.5961, 24.1834], [179.59, 24.1788], [179.5838, 24.1742], [179.5775, 24.1698], [179.5712, 24.1654], [179.5647, 24.1612], [179.5582, 24.157], [179.5516, 24.153], [179.5449, 24.149], [179.5382, 24.1452], [179.5313, 24.1415], [179.5244, 24.1378], [179.5175, 24.1343], [179.5105, 24.1309], [179.5034, 24.1276], [179.4962, 24.1245], [179.489, 24.1214], [179.4817, 24.1185], [179.4744, 24.1156], [179.467, 24.1129], [179.4596, 24.1103], [179.4521, 24.1079], [179.4446, 24.1055], [179.437, 24.1033], [179.4294, 24.1012], [179.4218, 24.0992], [179.4141, 24.0973], [179.4064, 24.0955], [179.3986, 24.0939], [179.3908, 24.0924], [179.383, 24.091], [179.3752, 24.0898], [179.3674, 24.0886], [179.3595, 24.0876], [179.3516, 24.0867], [179.3437, 24.086], [179.3358, 24.0854], [179.3278, 24.0849], [179.3199, 24.0845], [179.3119, 24.0842], [179.304, 24.0841], [179.2968, 24.1673], [179.2905, 24.1674], [179.2841, 24.1676], [179.2778, 24.1679], [179.2714, 24.1683], [179.2651, 24.1688], [179.2587, 24.1694], [179.2524, 24.1701], [179.2461, 24.1709], [179.2398, 24.1718], [179.2336, 24.1728], [179.2273, 24.1739], [179.2211, 24.1751], [179.2149, 24.1764], [179.2087, 24.1778], [179.2025, 24.1793], [179.1964, 24.1809], [179.1903, 24.1826], [179.1843, 24.1844], [179.1783, 24.1863], [179.1723, 24.1883], [179.1663, 24.1904], [179.1604, 24.1925], [179.1546, 24.1948], [179.1487, 24.1971], [179.143, 24.1996], [179.1372, 24.2021], [179.1316, 24.2048], [179.1259, 24.2075], [179.1204, 24.2103], [179.1149, 24.2132], [179.1094, 24.2162], [179.104, 24.2192], [179.0986, 24.2224], [179.0934, 24.2256], [179.0881, 24.229], [179.083, 24.2324], [179.0779, 24.2359], [179.0729, 24.2394], [179.0679, 24.2431], [179.063, 24.2468], [179.0582, 24.2506], [179.0535, 24.2545], [179.0488, 24.2584], [179.0442, 24.2625], [179.0397, 24.2666], [179.0352, 24.2707], [179.0309, 24.275], [179.0266, 24.2793], [179.0224, 24.2836], [179.0183, 24.2881], [179.0143, 24.2926], [179.0104, 24.2972], [179.0065, 24.3018], [179.0028, 24.3065], [178.9991, 24.3112], [178.9955, 24.316], [178.9921, 24.3209], [178.9887, 24.3258], [178.9854, 24.3308], [178.9822, 24.3358], [178.9791, 24.3409], [178.9761, 24.346], [178.9732, 24.3512], [178.9704, 24.3564], [178.9677, 24.3617], [178.965, 24.367], [178.9625, 24.3723], [178.9601, 24.3777], [178.9578, 24.3831], [178.9556, 24.3885], [178.9536, 24.394], [178.9516, 24.3995], [178.9497, 24.4051], [178.9479, 24.4107], [178.9462, 24.4163], [178.9447, 24.4219], [178.9432, 24.4276], [178.9419, 24.4332], [178.9407, 24.4389], [178.9395, 24.4447], [178.9385, 24.4504], [178.9376, 24.4561], [178.9368, 24.4619], [178.9361, 24.4677], [178.9356, 24.4735], [178.9351, 24.4792], [178.9348, 24.485], [178.9345, 24.4909], [178.9344, 24.4967], [178.7515, 24.5034], [178.7517, 24.5121], [178.752, 24.5208], [178.7524, 24.5295], [178.753, 24.5382], [178.7538, 24.5469], [178.7548, 24.5555], [178.7559, 24.5642], [178.7572, 24.5728], [178.7587, 24.5814], [178.7603, 24.59], [178.7621, 24.5986], [178.7641, 24.6071], [178.7662, 24.6156], [178.7685, 24.624], [178.7709, 24.6325], [178.7735, 24.6408], [178.7763, 24.6492], [178.7792, 24.6575], [178.7823, 24.6657], [178.7855, 24.6739], [178.7889, 24.6821], [178.7925, 24.6901], [178.7962, 24.6982], [178.8001, 24.7062], [178.8041, 24.7141], [178.8083, 24.7219], [178.8126, 24.7297], [178.8171, 24.7374], [178.8217, 24.745], [178.8265, 24.7526], [178.8314, 24.7601], [178.8364, 24.7675], [178.8416, 24.7748], [178.847, 24.782], [178.8524, 24.7892], [178.8581, 24.7962], [178.8638, 24.8032], [178.8697, 24.8101], [178.8757, 24.8169], [178.8819, 24.8236], [178.8881, 24.8302], [178.8945, 24.8366], [178.9011, 24.843], [178.9077, 24.8493], [178.9145, 24.8555], [178.9214, 24.8616], [178.9284, 24.8675], [178.9355, 24.8734], [178.9427, 24.8791], [178.95, 24.8847], [178.9575, 24.8902], [178.965, 24.8956], [178.9727, 24.9009], [178.9805, 24.906], [178.9883, 24.911], [178.9963, 24.9159], [179.0043, 24.9207], [179.0125, 24.9253], [179.0207, 24.9298], [179.029, 24.9342], [179.0374, 24.9384], [179.0459, 24.9425], [179.0544, 24.9465], [179.063, 24.9503], [179.0717, 24.954], [179.0805, 24.9576], [179.0893, 24.961], [179.0982, 24.9642], [179.1072, 24.9674], [179.1162, 24.9704], [179.1253, 24.9732], [179.1344, 24.9759], [179.1436, 24.9785], [179.1529, 24.9809], [179.1622, 24.9831], [179.1715, 24.9853], [179.1808, 24.9872], [179.1902, 24.989], [179.1997, 24.9907], [179.2091, 24.9922], [179.2186, 24.9936], [179.2281, 24.9948], [179.2377, 24.9959], [179.2472, 24.9968], [179.2568, 24.9976], [179.2664, 24.9982], [179.276, 24.9986], [179.2856, 24.9989], [179.2952, 24.9991], [179.3048, 24.9991]]]}, "properties": {"layer": "storm_track", "kind": "wind_radii_forecast", "storm_id": "ep152026", "storm_name": "Nolo", "wind_kt": 64, "label": "+72h", "valid_text": "2:00 AM HST October 05, 2026"}}, {"type": "Feature", "geometry": {"type": "Polygon", "coordinates": [[[176.0213, 27.3627], [176.0637, 27.362], [176.1062, 27.3607], [176.1486, 27.3587], [176.191, 27.356], [176.2333, 27.3527], [176.2756, 27.3486], [176.3177, 27.344], [176.3598, 27.3386], [176.4017, 27.3326], [176.4435, 27.3259], [176.4852, 27.3186], [176.5267, 27.3106], [176.5681, 27.3019], [176.6092, 27.2927], [176.6502, 27.2827], [176.6909, 27.2721], [176.7315, 27.2609], [176.7718, 27.249], [176.8118, 27.2365], [176.8516, 27.2234], [176.8911, 27.2096], [176.9304, 27.1952], [176.9693, 27.1802], [177.0079, 27.1646], [177.0462, 27.1484], [177.0842, 27.1316], [177.1218, 27.1142], [177.159, 27.0962], [177.1959, 27.0776], [177.2324, 27.0584], [177.2685, 27.0386], [177.3042, 27.0183], [177.3395, 26.9975], [177.3744, 26.976], [177.4088, 26.9541], [177.4428, 26.9315], [177.4763, 26.9085], [177.5094, 26.8849], [177.5419, 26.8608], [177.574, 26.8362], [177.6056, 26.8111], [177.6366, 26.7855], [177.6672, 26.7594], [177.6972, 26.7329], [177.7267, 26.7058], [177.7556, 26.6784], [177.784, 26.6504], [177.8118, 26.622], [177.8391, 26.5932], [177.8657, 26.5639], [177.8918, 26.5343], [177.9173, 26.5042], [177.9422, 26.4737], [177.9664, 26.4429], [177.9901, 26.4116], [178.0131, 26.38], [178.0355, 26.3481], [178.0573, 26.3158], [178.0784, 26.2831], [178.0988, 26.2501], [178.1186, 26.2168], [178.1378, 26.1832], [178.1563, 26.1493], [178.1741, 26.1152], [178.1912, 26.0807], [178.2076, 26.046], [178.2234, 26.011], [178.2385, 25.9758], [178.2529, 25.9403], [178.2665, 25.9046], [178.2795, 25.8688], [178.2918, 25.8327], [178.3033, 25.7964], [178.3142, 25.7599], [178.3243, 25.7233], [178.3337, 25.6865], [178.3425, 25.6496], [178.3504, 25.6126], [178.3577, 25.5754], [178.3642, 25.5381], [178.37, 25.5008], [178.3751, 25.4633], [178.3795, 25.4258], [178.3831, 25.3882], [178.386, 25.3505], [178.3882, 25.3129], [178.3896, 25.2751], [178.3903, 25.2374], [178.3903, 25.1997], [178.0221, 25.1703], [178.0209, 25.1384], [178.0192, 25.1065], [178.0168, 25.0746], [178.0138, 25.0428], [178.0102, 25.011], [178.006, 24.9793], [178.0012, 24.9477], [177.9958, 24.9161], [177.9898, 24.8847], [177.9831, 24.8533], [177.9759, 24.822], [177.9681, 24.7909], [177.9597, 24.7599], [177.9507, 24.729], [177.9411, 24.6983], [177.9309, 24.6677], [177.9202, 24.6373], [177.9089, 24.6071], [177.897, 24.5771], [177.8845, 24.5472], [177.8715, 24.5175], [177.8579, 24.4881], [177.8438, 24.4589], [177.8291, 24.4299], [177.8138, 24.4011], [177.798, 24.3726], [177.7817, 24.3443], [177.7648, 24.3163], [177.7475, 24.2886], [177.7296, 24.2612], [177.7112, 24.234], [177.6922, 24.2071], [177.6728, 24.1806], [177.6529, 24.1543], [177.6325, 24.1284], [177.6116, 24.1028], [177.5902, 24.0775], [177.5683, 24.0525], [177.546, 24.0279], [177.5233, 24.0037], [177.5, 23.9798], [177.4764, 23.9563], [177.4523, 23.9332], [177.4277, 23.9105], [177.4028, 23.8881], [177.3774, 23.8662], [177.3517, 23.8446], [177.3255, 23.8235], [177.2989, 23.8028], [177.272, 23.7825], [177.2447, 23.7626], [177.217, 23.7432], [177.1889, 23.7242], [177.1605, 23.7056], [177.1318, 23.6875], [177.1027, 23.6699], [177.0734, 23.6527], [177.0437, 23.636], [177.0136, 23.6197], [176.9833, 23.604], [176.9527, 23.5887], [176.9219, 23.5739], [176.8907, 23.5596], [176.8593, 23.5458], [176.8277, 23.5324], [176.7957, 23.5196], [176.7636, 23.5073], [176.7313, 23.4955], [176.6987, 23.4842], [176.6659, 23.4734], [176.6329, 23.4632], [176.5998, 23.4534], [176.5665, 23.4442], [176.533, 23.4356], [176.4993, 23.4274], [176.4655, 23.4198], [176.4316, 23.4127], [176.3975, 23.4062], [176.3633, 23.4001], [176.3291, 23.3947], [176.2947, 23.3898], [176.2602, 23.3854], [176.2257, 23.3815], [176.1911, 23.3782], [176.1564, 23.3755], [176.1217, 23.3733], [176.087, 23.3717], [176.0522, 23.3706], [176.0174, 23.37], [175.9889, 24.0355], [175.9666, 24.0358], [175.9444, 24.0365], [175.9222, 24.0376], [175.9, 24.039], [175.8778, 24.0407], [175.8557, 24.0428], [175.8336, 24.0453], [175.8115, 24.0481], [175.7895, 24.0512], [175.7676, 24.0547], [175.7458, 24.0586], [175.724, 24.0628], [175.7023, 24.0673], [175.6807, 24.0722], [175.6591, 24.0774], [175.6377, 24.0829], [175.6164, 24.0888], [175.5952, 24.0951], [175.5742, 24.1016], [175.5532, 24.1085], [175.5324, 24.1157], [175.5117, 24.1233], [175.4912, 24.1311], [175.4708, 24.1393], [175.4506, 24.1479], [175.4305, 24.1567], [175.4106, 24.1658], [175.3909, 24.1753], [175.3714, 24.1851], [175.352, 24.1952], [175.3329, 24.2055], [175.3139, 24.2162], [175.2952, 24.2272], [175.2766, 24.2385], [175.2583, 24.2501], [175.2402, 24.2619], [175.2223, 24.274], [175.2047, 24.2865], [175.1873, 24.2992], [175.1701, 24.3121], [175.1532, 24.3254], [175.1365, 24.3389], [175.1201, 24.3526], [175.104, 24.3667], [175.0881, 24.3809], [175.0724, 24.3955], [175.0571, 24.4102], [175.0421, 24.4252], [175.0273, 24.4405], [175.0128, 24.456], [174.9987, 24.4717], [174.9848, 24.4876], [174.9712, 24.5037], [174.9579, 24.5201], [174.945, 24.5366], [174.9324, 24.5534], [174.92, 24.5704], [174.908, 24.5875], [174.8964, 24.6048], [174.885, 24.6224], [174.874, 24.6401], [174.8634, 24.6579], [174.8531, 24.676], [174.8431, 24.6941], [174.8334, 24.7125], [174.8242, 24.731], [174.8152, 24.7496], [174.8067, 24.7684], [174.7985, 24.7873], [174.7906, 24.8063], [174.7832, 24.8255], [174.776, 24.8448], [174.7693, 24.8642], [174.7629, 24.8836], [174.7569, 24.9032], [174.7513, 24.9229], [174.7461, 24.9427], [174.7412, 24.9625], [174.7367, 24.9824], [174.7326, 25.0024], [174.7289, 25.0224], [174.7256, 25.0425], [174.7226, 25.0627], [174.7201, 25.0829], [174.7179, 25.1031], [174.7161, 25.1234], [174.7147, 25.1436], [174.7137, 25.1639], [174.7131, 25.1843], [173.7935, 25.201], [173.7936, 25.2359], [173.7943, 25.2707], [173.7957, 25.3055], [173.7977, 25.3403], [173.8005, 25.3751], [173.8039, 25.4098], [173.808, 25.4444], [173.8127, 25.479], [173.8181, 25.5135], [173.8242, 25.5479], [173.8309, 25.5822], [173.8384, 25.6164], [173.8465, 25.6504], [173.8552, 25.6844], [173.8646, 25.7182], [173.8746, 25.7518], [173.8854, 25.7853], [173.8967, 25.8186], [173.9088, 25.8517], [173.9214, 25.8846], [173.9348, 25.9173], [173.9487, 25.9498], [173.9633, 25.9821], [173.9785, 26.0141], [173.9944, 26.0459], [174.0108, 26.0774], [174.0279, 26.1087], [174.0456, 26.1397], [174.064, 26.1704], [174.0829, 26.2009], [174.1024, 26.231], [174.1225, 26.2608], [174.1432, 26.2903], [174.1645, 26.3194], [174.1863, 26.3482], [174.2087, 26.3767], [174.2317, 26.4048], [174.2553, 26.4325], [174.2793, 26.4599], [174.304, 26.4869], [174.3291, 26.5134], [174.3548, 26.5396], [174.381, 26.5654], [174.4077, 26.5907], [174.435, 26.6157], [174.4626, 26.6402], [174.4908, 26.6642], [174.5195, 26.6878], [174.5487, 26.711], [174.5783, 26.7337], [174.6083, 26.7559], [174.6388, 26.7776], [174.6697, 26.7989], [174.7011, 26.8196], [174.7328, 26.8399], [174.765, 26.8596], [174.7975, 26.8789], [174.8305, 26.8976], [174.8638, 26.9158], [174.8975, 26.9335], [174.9315, 26.9506], [174.9658, 26.9672], [175.0005, 26.9833], [175.0355, 26.9988], [175.0708, 27.0137], [175.1065, 27.0281], [175.1424, 27.042], [175.1785, 27.0552], [175.215, 27.0679], [175.2516, 27.08], [175.2886, 27.0915], [175.3257, 27.1025], [175.3631, 27.1128], [175.4007, 27.1226], [175.4384, 27.1318], [175.4764, 27.1403], [175.5145, 27.1483], [175.5528, 27.1557], [175.5912, 27.1624], [175.6297, 27.1686], [175.6684, 27.1741], [175.7071, 27.1791], [175.746, 27.1834], [175.7849, 27.1871], [175.8239, 27.1902], [175.863, 27.1926], [175.9021, 27.1945], [175.9413, 27.1957], [175.9804, 27.1964], [176.0213, 27.3627]]]}, "properties": {"layer": "storm_track", "kind": "wind_radii_forecast", "storm_id": "ep152026", "storm_name": "Nolo", "wind_kt": 34, "label": "+72h", "valid_text": "2:00 AM HST October 05, 2026"}}, {"type": "Feature", "geometry": {"type": "Polygon", "coordinates": [[[176.0113, 26.3645], [176.034, 26.3642], [176.0567, 26.3635], [176.0793, 26.3624], [176.102, 26.361], [176.1246, 26.3592], [176.1471, 26.357], [176.1696, 26.3545], [176.1921, 26.3517], [176.2145, 26.3485], [176.2368, 26.3449], [176.2591, 26.341], [176.2812, 26.3367], [176.3033, 26.3321], [176.3253, 26.3271], [176.3472, 26.3218], [176.369, 26.3162], [176.3907, 26.3102], [176.4122, 26.3038], [176.4336, 26.2972], [176.4549, 26.2901], [176.476, 26.2828], [176.497, 26.2751], [176.5178, 26.2671], [176.5385, 26.2587], [176.559, 26.2501], [176.5793, 26.2411], [176.5995, 26.2318], [176.6194, 26.2222], [176.6392, 26.2122], [176.6587, 26.202], [176.6781, 26.1914], [176.6972, 26.1806], [176.7162, 26.1694], [176.7349, 26.1579], [176.7534, 26.1462], [176.7716, 26.1342], [176.7896, 26.1218], [176.8073, 26.1092], [176.8248, 26.0963], [176.8421, 26.0832], [176.8591, 26.0697], [176.8758, 26.056], [176.8922, 26.0421], [176.9084, 26.0279], [176.9243, 26.0134], [176.9399, 25.9987], [176.9552, 25.9837], [176.9702, 25.9685], [176.9849, 25.9531], [176.9993, 25.9374], [177.0134, 25.9215], [177.0271, 25.9054], [177.0406, 25.8891], [177.0537, 25.8725], [177.0665, 25.8558], [177.079, 25.8389], [177.0911, 25.8217], [177.103, 25.8044], [177.1144, 25.7869], [177.1255, 25.7692], [177.1363, 25.7513], [177.1467, 25.7333], [177.1568, 25.7151], [177.1665, 25.6968], [177.1759, 25.6783], [177.1849, 25.6597], [177.1935, 25.6409], [177.2017, 25.622], [177.2096, 25.6029], [177.2171, 25.5838], [177.2243, 25.5645], [177.231, 25.5451], [177.2374, 25.5256], [177.2434, 25.506], [177.2491, 25.4863], [177.2543, 25.4666], [177.2592, 25.4467], [177.2636, 25.4268], [177.2677, 25.4068], [177.2714, 25.3868], [177.2747, 25.3667], [177.2776, 25.3465], [177.2802, 25.3263], [177.2823, 25.3061], [177.284, 25.2858], [177.2854, 25.2655], [177.2864, 25.2452], [177.2869, 25.2249], [177.2871, 25.2046], [176.9192, 25.1899], [176.9189, 25.1754], [176.9182, 25.1609], [176.9172, 25.1464], [176.916, 25.1319], [176.9145, 25.1175], [176.9127, 25.103], [176.9107, 25.0886], [176.9083, 25.0743], [176.9057, 25.0599], [176.9028, 25.0457], [176.8997, 25.0314], [176.8962, 25.0173], [176.8925, 25.0031], [176.8885, 24.9891], [176.8843, 24.9751], [176.8798, 24.9611], [176.875, 24.9473], [176.8699, 24.9335], [176.8646, 24.9198], [176.8591, 24.9062], [176.8532, 24.8927], [176.8472, 24.8793], [176.8408, 24.8659], [176.8342, 24.8527], [176.8274, 24.8396], [176.8203, 24.8266], [176.8129, 24.8137], [176.8053, 24.8009], [176.7975, 24.7882], [176.7894, 24.7757], [176.7811, 24.7633], [176.7725, 24.751], [176.7638, 24.7389], [176.7547, 24.7269], [176.7455, 24.7151], [176.736, 24.7034], [176.7264, 24.6918], [176.7164, 24.6804], [176.7063, 24.6692], [176.696, 24.6581], [176.6855, 24.6472], [176.6747, 24.6365], [176.6638, 24.6259], [176.6526, 24.6155], [176.6413, 24.6053], [176.6297, 24.5953], [176.618, 24.5854], [176.6061, 24.5758], [176.594, 24.5663], [176.5817, 24.557], [176.5693, 24.5479], [176.5567, 24.539], [176.5439, 24.5303], [176.5309, 24.5218], [176.5178, 24.5136], [176.5046, 24.5055], [176.4912, 24.4976], [176.4776, 24.49], [176.4639, 24.4825], [176.4501, 24.4753], [176.4361, 24.4683], [176.422, 24.4615], [176.4077, 24.455], [176.3934, 24.4487], [176.3789, 24.4426], [176.3643, 24.4367], [176.3496, 24.4311], [176.3348, 24.4257], [176.3199, 24.4205], [176.3049, 24.4156], [176.2899, 24.4109], [176.2747, 24.4064], [176.2594, 24.4022], [176.2441, 24.3982], [176.2287, 24.3945], [176.2132, 24.391], [176.1977, 24.3877], [176.1821, 24.3847], [176.1664, 24.382], [176.1507, 24.3795], [176.135, 24.3772], [176.1192, 24.3752], [176.1034, 24.3735], [176.0875, 24.372], [176.0717, 24.3707], [176.0558, 24.3697], [176.0398, 24.3689], [176.0239, 24.3684], [176.008, 24.3682], [175.9936, 24.5345], [175.9809, 24.5348], [175.9681, 24.5352], [175.9554, 24.5358], [175.9426, 24.5366], [175.9299, 24.5376], [175.9172, 24.5388], [175.9045, 24.5402], [175.8919, 24.5418], [175.8793, 24.5436], [175.8667, 24.5456], [175.8542, 24.5478], [175.8417, 24.5502], [175.8292, 24.5528], [175.8168, 24.5556], [175.8045, 24.5586], [175.7922, 24.5618], [175.78, 24.5652], [175.7678, 24.5687], [175.7558, 24.5725], [175.7437, 24.5764], [175.7318, 24.5806], [175.72, 24.5849], [175.7082, 24.5894], [175.6965, 24.5941], [175.6849, 24.599], [175.6734, 24.6041], [175.662, 24.6093], [175.6507, 24.6148], [175.6396, 24.6204], [175.6285, 24.6261], [175.6175, 24.6321], [175.6066, 24.6382], [175.5959, 24.6445], [175.5853, 24.651], [175.5748, 24.6576], [175.5644, 24.6644], [175.5542, 24.6714], [175.5441, 24.6785], [175.5341, 24.6858], [175.5243, 24.6932], [175.5146, 24.7008], [175.5051, 24.7085], [175.4957, 24.7164], [175.4865, 24.7245], [175.4774, 24.7326], [175.4685, 24.741], [175.4597, 24.7494], [175.4511, 24.758], [175.4427, 24.7668], [175.4344, 24.7756], [175.4264, 24.7846], [175.4184, 24.7937], [175.4107, 24.803], [175.4031, 24.8124], [175.3958, 24.8218], [175.3886, 24.8314], [175.3815, 24.8412], [175.3747, 24.851], [175.368, 24.8609], [175.3616, 24.8709], [175.3553, 24.8811], [175.3493, 24.8913], [175.3434, 24.9016], [175.3377, 24.912], [175.3323, 24.9225], [175.327, 24.9331], [175.3219, 24.9438], [175.3171, 24.9545], [175.3124, 24.9654], [175.308, 24.9762], [175.3038, 24.9872], [175.2997, 24.9982], [175.2959, 25.0093], [175.2923, 25.0205], [175.2889, 25.0317], [175.2858, 25.0429], [175.2828, 25.0542], [175.2801, 25.0656], [175.2776, 25.077], [175.2753, 25.0884], [175.2732, 25.0999], [175.2713, 25.1114], [175.2697, 25.1229], [175.2683, 25.1344], [175.2671, 25.146], [175.2662, 25.1576], [175.2654, 25.1692], [175.2649, 25.1808], [175.2646, 25.1924], [174.8968, 25.2046], [174.897, 25.222], [174.8975, 25.2395], [174.8983, 25.2569], [174.8995, 25.2742], [174.901, 25.2916], [174.9029, 25.309], [174.9051, 25.3263], [174.9076, 25.3435], [174.9105, 25.3608], [174.9137, 25.3779], [174.9172, 25.3951], [174.9211, 25.4121], [174.9252, 25.4291], [174.9297, 25.4461], [174.9346, 25.4629], [174.9398, 25.4797], [174.9453, 25.4964], [174.9511, 25.513], [174.9572, 25.5295], [174.9637, 25.546], [174.9705, 25.5623], [174.9776, 25.5785], [174.985, 25.5946], [174.9927, 25.6105], [175.0007, 25.6264], [175.0091, 25.6421], [175.0177, 25.6577], [175.0267, 25.6731], [175.0359, 25.6884], [175.0455, 25.7036], [175.0553, 25.7186], [175.0654, 25.7334], [175.0759, 25.7481], [175.0866, 25.7626], [175.0975, 25.7769], [175.1088, 25.7911], [175.1204, 25.8051], [175.1322, 25.8189], [175.1443, 25.8325], [175.1566, 25.8459], [175.1692, 25.8591], [175.1821, 25.8721], [175.1952, 25.8849], [175.2086, 25.8975], [175.2222, 25.9099], [175.236, 25.9221], [175.2501, 25.9341], [175.2645, 25.9458], [175.279, 25.9573], [175.2938, 25.9686], [175.3088, 25.9796], [175.324, 25.9904], [175.3394, 26.0009], [175.355, 26.0113], [175.3708, 26.0213], [175.3869, 26.0311], [175.4031, 26.0407], [175.4195, 26.05], [175.4361, 26.059], [175.4528, 26.0678], [175.4697, 26.0763], [175.4868, 26.0845], [175.5041, 26.0925], [175.5215, 26.1002], [175.539, 26.1076], [175.5567, 26.1148], [175.5746, 26.1216], [175.5925, 26.1282], [175.6106, 26.1345], [175.6288, 26.1405], [175.6472, 26.1462], [175.6656, 26.1516], [175.6842, 26.1568], [175.7028, 26.1616], [175.7215, 26.1662], [175.7404, 26.1704], [175.7593, 26.1744], [175.7783, 26.178], [175.7973, 26.1814], [175.8164, 26.1844], [175.8356, 26.1872], [175.8548, 26.1896], [175.8741, 26.1917], [175.8934, 26.1936], [175.9127, 26.1951], [175.9321, 26.1963], [175.9515, 26.1973], [175.9709, 26.1979], [175.9903, 26.1982], [176.0113, 26.3645]]]}, "properties": {"layer": "storm_track", "kind": "wind_radii_forecast", "storm_id": "ep152026", "storm_name": "Nolo", "wind_kt": 50, "label": "+96h", "valid_text": "2:00 AM HST October 06, 2026"}}, {"type": "Feature", "geometry": {"type": "Polygon", "coordinates": [[[176.0056, 25.7823], [176.0169, 25.7821], [176.0282, 25.7817], [176.0395, 25.7812], [176.0507, 25.7805], [176.062, 25.7796], [176.0732, 25.7785], [176.0844, 25.7773], [176.0956, 25.7759], [176.1067, 25.7743], [176.1178, 25.7725], [176.1289, 25.7705], [176.14, 25.7684], [176.1509, 25.7661], [176.1619, 25.7637], [176.1728, 25.761], [176.1836, 25.7582], [176.1944, 25.7552], [176.2051, 25.7521], [176.2158, 25.7487], [176.2264, 25.7452], [176.2369, 25.7416], [176.2474, 25.7378], [176.2578, 25.7338], [176.2681, 25.7296], [176.2783, 25.7253], [176.2884, 25.7208], [176.2984, 25.7162], [176.3084, 25.7114], [176.3182, 25.7065], [176.328, 25.7014], [176.3376, 25.6961], [176.3472, 25.6907], [176.3566, 25.6851], [176.366, 25.6794], [176.3752, 25.6736], [176.3843, 25.6676], [176.3933, 25.6614], [176.4021, 25.6552], [176.4109, 25.6487], [176.4195, 25.6422], [176.428, 25.6355], [176.4363, 25.6287], [176.4445, 25.6217], [176.4526, 25.6146], [176.4606, 25.6074], [176.4684, 25.6001], [176.476, 25.5926], [176.4835, 25.5851], [176.4909, 25.5774], [176.4981, 25.5695], [176.5052, 25.5616], [176.5121, 25.5536], [176.5188, 25.5455], [176.5254, 25.5372], [176.5318, 25.5289], [176.5381, 25.5204], [176.5442, 25.5119], [176.5501, 25.5032], [176.5558, 25.4945], [176.5614, 25.4857], [176.5669, 25.4768], [176.5721, 25.4678], [176.5772, 25.4587], [176.582, 25.4495], [176.5868, 25.4403], [176.5913, 25.431], [176.5957, 25.4216], [176.5998, 25.4122], [176.6038, 25.4027], [176.6076, 25.3931], [176.6112, 25.3835], [176.6146, 25.3738], [176.6179, 25.3641], [176.6209, 25.3543], [176.6238, 25.3445], [176.6265, 25.3346], [176.629, 25.3247], [176.6312, 25.3148], [176.6333, 25.3048], [176.6352, 25.2948], [176.6369, 25.2847], [176.6384, 25.2746], [176.6398, 25.2645], [176.6409, 25.2544], [176.6418, 25.2443], [176.6425, 25.2342], [176.6431, 25.224], [176.6434, 25.2139], [176.6436, 25.2037], [176.4596, 25.1957], [176.4595, 25.1884], [176.4592, 25.1812], [176.4587, 25.1739], [176.4581, 25.1667], [176.4574, 25.1594], [176.4565, 25.1522], [176.4555, 25.145], [176.4544, 25.1378], [176.4531, 25.1307], [176.4517, 25.1235], [176.4502, 25.1164], [176.4485, 25.1093], [176.4466, 25.1022], [176.4447, 25.0952], [176.4426, 25.0882], [176.4403, 25.0812], [176.438, 25.0743], [176.4354, 25.0674], [176.4328, 25.0605], [176.4301, 25.0537], [176.4272, 25.047], [176.4241, 25.0402], [176.421, 25.0336], [176.4177, 25.0269], [176.4143, 25.0204], [176.4108, 25.0139], [176.4071, 25.0074], [176.4033, 25.001], [176.3994, 24.9947], [176.3954, 24.9884], [176.3912, 24.9822], [176.387, 24.976], [176.3826, 24.9699], [176.3781, 24.9639], [176.3735, 24.958], [176.3688, 24.9521], [176.3639, 24.9464], [176.359, 24.9407], [176.3539, 24.935], [176.3488, 24.9295], [176.3435, 24.924], [176.3381, 24.9186], [176.3327, 24.9133], [176.3271, 24.9081], [176.3214, 24.903], [176.3156, 24.898], [176.3098, 24.893], [176.3038, 24.8882], [176.2978, 24.8834], [176.2916, 24.8788], [176.2854, 24.8742], [176.2791, 24.8698], [176.2727, 24.8654], [176.2662, 24.8612], [176.2596, 24.857], [176.253, 24.853], [176.2463, 24.849], [176.2395, 24.8452], [176.2326, 24.8414], [176.2257, 24.8378], [176.2187, 24.8343], [176.2116, 24.8309], [176.2045, 24.8276], [176.1973, 24.8245], [176.19, 24.8214], [176.1827, 24.8185], [176.1754, 24.8156], [176.168, 24.8129], [176.1605, 24.8103], [176.153, 24.8079], [176.1454, 24.8055], [176.1378, 24.8033], [176.1301, 24.8012], [176.1225, 24.7992], [176.1147, 24.7973], [176.107, 24.7955], [176.0992, 24.7939], [176.0914, 24.7924], [176.0835, 24.791], [176.0756, 24.7898], [176.0677, 24.7886], [176.0598, 24.7876], [176.0519, 24.7867], [176.0439, 24.786], [176.036, 24.7854], [176.028, 24.7849], [176.02, 24.7845], [176.012, 24.7842], [176.004, 24.7841], [175.9968, 24.8673], [175.9904, 24.8674], [175.984, 24.8676], [175.9776, 24.8679], [175.9712, 24.8683], [175.9649, 24.8688], [175.9585, 24.8694], [175.9521, 24.8701], [175.9458, 24.8709], [175.9395, 24.8718], [175.9332, 24.8728], [175.9269, 24.8739], [175.9206, 24.8751], [175.9144, 24.8764], [175.9082, 24.8778], [175.902, 24.8793], [175.8958, 24.8809], [175.8897, 24.8826], [175.8836, 24.8844], [175.8776, 24.8863], [175.8716, 24.8883], [175.8656, 24.8904], [175.8596, 24.8925], [175.8537, 24.8948], [175.8479, 24.8971], [175.8421, 24.8996], [175.8363, 24.9021], [175.8306, 24.9048], [175.825, 24.9075], [175.8194, 24.9103], [175.8138, 24.9132], [175.8083, 24.9162], [175.8029, 24.9192], [175.7975, 24.9224], [175.7922, 24.9256], [175.7869, 24.929], [175.7817, 24.9324], [175.7766, 24.9359], [175.7716, 24.9394], [175.7666, 24.9431], [175.7617, 24.9468], [175.7568, 24.9506], [175.7521, 24.9545], [175.7474, 24.9584], [175.7428, 24.9625], [175.7382, 24.9666], [175.7338, 24.9707], [175.7294, 24.975], [175.7251, 24.9793], [175.7209, 24.9836], [175.7168, 24.9881], [175.7127, 24.9926], [175.7087, 24.9972], [175.7049, 25.0018], [175.7011, 25.0065], [175.6974, 25.0112], [175.6938, 25.016], [175.6903, 25.0209], [175.6869, 25.0258], [175.6836, 25.0308], [175.6804, 25.0358], [175.6772, 25.0409], [175.6742, 25.046], [175.6713, 25.0512], [175.6685, 25.0564], [175.6658, 25.0616], [175.6631, 25.0669], [175.6606, 25.0723], [175.6582, 25.0777], [175.6559, 25.0831], [175.6537, 25.0885], [175.6516, 25.094], [175.6496, 25.0995], [175.6477, 25.1051], [175.6459, 25.1107], [175.6442, 25.1163], [175.6427, 25.1219], [175.6412, 25.1276], [175.6398, 25.1332], [175.6386, 25.1389], [175.6375, 25.1446], [175.6365, 25.1504], [175.6355, 25.1561], [175.6347, 25.1619], [175.6341, 25.1677], [175.6335, 25.1734], [175.633, 25.1792], [175.6327, 25.185], [175.6324, 25.1908], [175.6323, 25.1966], [175.4484, 25.2033], [175.4485, 25.212], [175.4488, 25.2207], [175.4493, 25.2295], [175.4499, 25.2381], [175.4507, 25.2468], [175.4517, 25.2555], [175.4528, 25.2641], [175.4541, 25.2728], [175.4556, 25.2814], [175.4572, 25.29], [175.459, 25.2985], [175.461, 25.307], [175.4631, 25.3155], [175.4654, 25.324], [175.4679, 25.3324], [175.4705, 25.3408], [175.4733, 25.3492], [175.4762, 25.3574], [175.4793, 25.3657], [175.4826, 25.3739], [175.486, 25.382], [175.4896, 25.3901], [175.4933, 25.3982], [175.4972, 25.4061], [175.5013, 25.414], [175.5054, 25.4219], [175.5098, 25.4297], [175.5143, 25.4374], [175.5189, 25.445], [175.5237, 25.4526], [175.5287, 25.46], [175.5338, 25.4674], [175.539, 25.4748], [175.5444, 25.482], [175.5498, 25.4891], [175.5555, 25.4962], [175.5613, 25.5032], [175.5672, 25.5101], [175.5733, 25.5169], [175.5794, 25.5236], [175.5858, 25.5301], [175.5922, 25.5366], [175.5987, 25.543], [175.6054, 25.5493], [175.6122, 25.5555], [175.6192, 25.5616], [175.6262, 25.5675], [175.6334, 25.5734], [175.6406, 25.5791], [175.648, 25.5847], [175.6555, 25.5902], [175.6631, 25.5956], [175.6708, 25.6008], [175.6786, 25.606], [175.6865, 25.611], [175.6945, 25.6159], [175.7026, 25.6206], [175.7108, 25.6253], [175.7191, 25.6298], [175.7274, 25.6342], [175.7358, 25.6384], [175.7444, 25.6425], [175.753, 25.6465], [175.7616, 25.6503], [175.7704, 25.654], [175.7792, 25.6575], [175.7881, 25.661], [175.7971, 25.6642], [175.8061, 25.6674], [175.8152, 25.6704], [175.8243, 25.6732], [175.8335, 25.6759], [175.8427, 25.6785], [175.852, 25.6809], [175.8613, 25.6831], [175.8707, 25.6853], [175.8801, 25.6872], [175.8896, 25.689], [175.8991, 25.6907], [175.9086, 25.6922], [175.9181, 25.6936], [175.9277, 25.6948], [175.9373, 25.6959], [175.9469, 25.6968], [175.9566, 25.6976], [175.9662, 25.6982], [175.9758, 25.6986], [175.9855, 25.6989], [175.9952, 25.6991], [176.0056, 25.7823]]]}, "properties": {"layer": "storm_track", "kind": "wind_radii_forecast", "storm_id": "ep152026", "storm_name": "Nolo", "wind_kt": 64, "label": "+96h", "valid_text": "2:00 AM HST October 06, 2026"}}, {"type": "Feature", "geometry": {"type": "Polygon", "coordinates": [[[168.9214, 27.9627], [168.9641, 27.962], [169.0068, 27.9607], [169.0495, 27.9587], [169.0921, 27.956], [169.1346, 27.9526], [169.1771, 27.9486], [169.2195, 27.9439], [169.2618, 27.9386], [169.3039, 27.9326], [169.346, 27.9259], [169.3879, 27.9186], [169.4296, 27.9106], [169.4712, 27.9019], [169.5126, 27.8926], [169.5538, 27.8827], [169.5947, 27.8721], [169.6355, 27.8608], [169.676, 27.849], [169.7163, 27.8364], [169.7563, 27.8233], [169.796, 27.8095], [169.8354, 27.7952], [169.8746, 27.7801], [169.9134, 27.7645], [169.9519, 27.7483], [169.9901, 27.7315], [170.0279, 27.714], [170.0654, 27.696], [170.1024, 27.6774], [170.1391, 27.6582], [170.1754, 27.6385], [170.2113, 27.6182], [170.2468, 27.5973], [170.2818, 27.5759], [170.3164, 27.5539], [170.3506, 27.5313], [170.3843, 27.5083], [170.4175, 27.4847], [170.4502, 27.4606], [170.4825, 27.436], [170.5142, 27.4109], [170.5454, 27.3853], [170.5761, 27.3592], [170.6063, 27.3326], [170.6359, 27.3056], [170.665, 27.2781], [170.6935, 27.2501], [170.7215, 27.2217], [170.7489, 27.1929], [170.7757, 27.1636], [170.8018, 27.1339], [170.8274, 27.1039], [170.8524, 27.0734], [170.8768, 27.0425], [170.9006, 27.0113], [170.9237, 26.9797], [170.9462, 26.9477], [170.9681, 26.9154], [170.9893, 26.8827], [171.0098, 26.8497], [171.0297, 26.8164], [171.049, 26.7828], [171.0675, 26.7489], [171.0854, 26.7147], [171.1026, 26.6803], [171.1191, 26.6455], [171.1349, 26.6105], [171.1501, 26.5753], [171.1645, 26.5398], [171.1782, 26.5042], [171.1913, 26.4683], [171.2036, 26.4322], [171.2152, 26.3959], [171.2261, 26.3594], [171.2363, 26.3228], [171.2457, 26.286], [171.2544, 26.2491], [171.2624, 26.2121], [171.2697, 26.1749], [171.2762, 26.1376], [171.2821, 26.1003], [171.2872, 26.0628], [171.2915, 26.0253], [171.2951, 25.9877], [171.298, 25.95], [171.3002, 25.9123], [171.3016, 25.8746], [171.3023, 25.8369], [171.3023, 25.7991], [170.7475, 25.7738], [170.7465, 25.7448], [170.7449, 25.7158], [170.7428, 25.6868], [170.7401, 25.6579], [170.7368, 25.629], [170.733, 25.6002], [170.7286, 25.5714], [170.7237, 25.5427], [170.7182, 25.5141], [170.7122, 25.4856], [170.7056, 25.4572], [170.6985, 25.4289], [170.6909, 25.4007], [170.6827, 25.3726], [170.674, 25.3447], [170.6647, 25.3169], [170.6549, 25.2892], [170.6446, 25.2617], [170.6337, 25.2344], [170.6224, 25.2072], [170.6105, 25.1803], [170.5981, 25.1535], [170.5852, 25.1269], [170.5718, 25.1005], [170.5579, 25.0744], [170.5435, 25.0485], [170.5286, 25.0228], [170.5132, 24.9973], [170.4973, 24.9721], [170.481, 24.9471], [170.4642, 24.9224], [170.4469, 24.8979], [170.4292, 24.8738], [170.411, 24.8499], [170.3923, 24.8263], [170.3732, 24.803], [170.3537, 24.78], [170.3338, 24.7573], [170.3134, 24.735], [170.2926, 24.7129], [170.2714, 24.6912], [170.2497, 24.6698], [170.2277, 24.6488], [170.2053, 24.6281], [170.1825, 24.6078], [170.1593, 24.5878], [170.1358, 24.5682], [170.1119, 24.549], [170.0876, 24.5301], [170.063, 24.5117], [170.038, 24.4936], [170.0127, 24.4759], [169.9871, 24.4586], [169.9611, 24.4417], [169.9349, 24.4253], [169.9083, 24.4092], [169.8814, 24.3936], [169.8543, 24.3784], [169.8268, 24.3636], [169.7991, 24.3492], [169.7712, 24.3353], [169.743, 24.3219], [169.7145, 24.3089], [169.6858, 24.2963], [169.6568, 24.2842], [169.6277, 24.2725], [169.5983, 24.2613], [169.5687, 24.2506], [169.5389, 24.2403], [169.5089, 24.2305], [169.4788, 24.2211], [169.4485, 24.2123], [169.418, 24.2039], [169.3874, 24.196], [169.3566, 24.1886], [169.3257, 24.1817], [169.2947, 24.1752], [169.2635, 24.1693], [169.2323, 24.1638], [169.2009, 24.1588], [169.1695, 24.1543], [169.138, 24.1503], [169.1064, 24.1469], [169.0747, 24.1439], [169.043, 24.1414], [169.0113, 24.1394], [168.9795, 24.1379], [168.9477, 24.1369], [168.9159, 24.1364], [168.8888, 24.6355], [168.8665, 24.6358], [168.8441, 24.6365], [168.8218, 24.6376], [168.7995, 24.639], [168.7772, 24.6407], [168.755, 24.6428], [168.7328, 24.6453], [168.7106, 24.6481], [168.6885, 24.6512], [168.6665, 24.6547], [168.6445, 24.6586], [168.6227, 24.6628], [168.6009, 24.6673], [168.5791, 24.6722], [168.5575, 24.6774], [168.536, 24.6829], [168.5146, 24.6888], [168.4933, 24.695], [168.4721, 24.7016], [168.4511, 24.7085], [168.4302, 24.7157], [168.4094, 24.7232], [168.3888, 24.7311], [168.3683, 24.7393], [168.348, 24.7478], [168.3278, 24.7567], [168.3078, 24.7658], [168.288, 24.7753], [168.2684, 24.785], [168.2489, 24.7951], [168.2297, 24.8055], [168.2106, 24.8162], [168.1918, 24.8272], [168.1732, 24.8384], [168.1548, 24.85], [168.1366, 24.8619], [168.1186, 24.874], [168.1009, 24.8864], [168.0834, 24.8991], [168.0661, 24.9121], [168.0491, 24.9253], [168.0323, 24.9388], [168.0159, 24.9526], [167.9996, 24.9666], [167.9837, 24.9809], [167.968, 24.9954], [167.9526, 25.0102], [167.9374, 25.0252], [167.9226, 25.0404], [167.9081, 25.0559], [167.8938, 25.0716], [167.8799, 25.0875], [167.8662, 25.1036], [167.8529, 25.12], [167.8399, 25.1365], [167.8272, 25.1533], [167.8148, 25.1702], [167.8027, 25.1874], [167.791, 25.2047], [167.7796, 25.2222], [167.7685, 25.2399], [167.7578, 25.2578], [167.7474, 25.2758], [167.7374, 25.294], [167.7277, 25.3124], [167.7184, 25.3309], [167.7094, 25.3495], [167.7008, 25.3683], [167.6926, 25.3872], [167.6847, 25.4062], [167.6772, 25.4254], [167.67, 25.4446], [167.6632, 25.464], [167.6568, 25.4835], [167.6508, 25.5031], [167.6451, 25.5227], [167.6398, 25.5425], [167.635, 25.5623], [167.6304, 25.5823], [167.6263, 25.6022], [167.6226, 25.6223], [167.6192, 25.6424], [167.6163, 25.6625], [167.6137, 25.6827], [167.6115, 25.7029], [167.6097, 25.7232], [167.6083, 25.7435], [167.6073, 25.7638], [167.6067, 25.7841], [166.6825, 25.8006], [166.6825, 25.8354], [166.6832, 25.8703], [166.6846, 25.9051], [166.6867, 25.9399], [166.6894, 25.9746], [166.6928, 26.0093], [166.6969, 26.044], [166.7016, 26.0785], [166.707, 26.113], [166.7131, 26.1474], [166.7199, 26.1817], [166.7273, 26.2159], [166.7354, 26.25], [166.7442, 26.2839], [166.7537, 26.3177], [166.7637, 26.3514], [166.7745, 26.3848], [166.7859, 26.4181], [166.798, 26.4513], [166.8107, 26.4842], [166.8241, 26.5169], [166.8381, 26.5494], [166.8527, 26.5817], [166.868, 26.6137], [166.8839, 26.6455], [166.9005, 26.6771], [166.9176, 26.7084], [166.9354, 26.7394], [166.9538, 26.7701], [166.9728, 26.8005], [166.9924, 26.8306], [167.0126, 26.8604], [167.0334, 26.8899], [167.0548, 26.9191], [167.0768, 26.9479], [167.0993, 26.9764], [167.1224, 27.0045], [167.146, 27.0322], [167.1702, 27.0596], [167.195, 27.0866], [167.2203, 27.1132], [167.2461, 27.1394], [167.2724, 27.1651], [167.2993, 27.1905], [167.3266, 27.2154], [167.3545, 27.2399], [167.3828, 27.264], [167.4116, 27.2876], [167.4409, 27.3108], [167.4707, 27.3335], [167.5009, 27.3557], [167.5315, 27.3774], [167.5626, 27.3987], [167.5941, 27.4195], [167.626, 27.4397], [167.6583, 27.4595], [167.6911, 27.4787], [167.7242, 27.4975], [167.7577, 27.5157], [167.7915, 27.5334], [167.8257, 27.5505], [167.8602, 27.5671], [167.8951, 27.5832], [167.9303, 27.5987], [167.9658, 27.6137], [168.0016, 27.6281], [168.0377, 27.6419], [168.0741, 27.6552], [168.1107, 27.6679], [168.1476, 27.68], [168.1847, 27.6915], [168.2221, 27.7024], [168.2596, 27.7128], [168.2974, 27.7226], [168.3354, 27.7317], [168.3735, 27.7403], [168.4118, 27.7483], [168.4503, 27.7556], [168.4889, 27.7624], [168.5277, 27.7686], [168.5665, 27.7741], [168.6055, 27.779], [168.6446, 27.7834], [168.6837, 27.7871], [168.723, 27.7902], [168.7623, 27.7926], [168.8016, 27.7945], [168.8409, 27.7957], [168.8803, 27.7964], [168.9214, 27.9627]]]}, "properties": {"layer": "storm_track", "kind": "wind_radii_forecast", "storm_id": "ep152026", "storm_name": "Nolo", "wind_kt": 34, "label": "+96h", "valid_text": "2:00 AM HST October 06, 2026"}}, {"type": "Feature", "geometry": {"type": "Polygon", "coordinates": [[[168.9098, 26.7982], [168.9293, 26.7979], [168.9488, 26.7973], [168.9683, 26.7963], [168.9877, 26.7951], [169.0072, 26.7936], [169.0266, 26.7917], [169.046, 26.7896], [169.0653, 26.7872], [169.0845, 26.7844], [169.1038, 26.7814], [169.1229, 26.778], [169.142, 26.7744], [169.161, 26.7704], [169.1799, 26.7662], [169.1988, 26.7616], [169.2175, 26.7568], [169.2361, 26.7516], [169.2547, 26.7462], [169.2731, 26.7405], [169.2914, 26.7345], [169.3096, 26.7282], [169.3277, 26.7216], [169.3456, 26.7147], [169.3634, 26.7076], [169.381, 26.7002], [169.3985, 26.6925], [169.4158, 26.6845], [169.433, 26.6763], [169.45, 26.6678], [169.4669, 26.659], [169.4836, 26.65], [169.5, 26.6407], [169.5163, 26.6311], [169.5324, 26.6213], [169.5483, 26.6112], [169.564, 26.6009], [169.5795, 26.5904], [169.5948, 26.5796], [169.6099, 26.5685], [169.6247, 26.5572], [169.6394, 26.5457], [169.6538, 26.534], [169.6679, 26.5221], [169.6819, 26.5099], [169.6955, 26.4975], [169.709, 26.4849], [169.7222, 26.4721], [169.7351, 26.459], [169.7478, 26.4458], [169.7602, 26.4324], [169.7723, 26.4188], [169.7842, 26.405], [169.7958, 26.391], [169.8071, 26.3768], [169.8181, 26.3625], [169.8289, 26.348], [169.8394, 26.3333], [169.8495, 26.3185], [169.8594, 26.3035], [169.869, 26.2883], [169.8783, 26.273], [169.8873, 26.2576], [169.896, 26.242], [169.9044, 26.2263], [169.9124, 26.2104], [169.9202, 26.1945], [169.9276, 26.1784], [169.9348, 26.1622], [169.9416, 26.1459], [169.9481, 26.1295], [169.9542, 26.1129], [169.9601, 26.0963], [169.9656, 26.0796], [169.9708, 26.0628], [169.9757, 26.046], [169.9802, 26.029], [169.9844, 26.012], [169.9883, 25.995], [169.9918, 25.9778], [169.995, 25.9606], [169.9979, 25.9434], [170.0004, 25.9262], [170.0026, 25.9088], [170.0045, 25.8915], [170.006, 25.8741], [170.0072, 25.8567], [170.0081, 25.8393], [170.0086, 25.8219], [170.0087, 25.8045], [169.6391, 25.7923], [169.6388, 25.7807], [169.6383, 25.7691], [169.6375, 25.7575], [169.6366, 25.7459], [169.6354, 25.7344], [169.6339, 25.7228], [169.6323, 25.7113], [169.6304, 25.6998], [169.6284, 25.6884], [169.626, 25.6769], [169.6235, 25.6655], [169.6208, 25.6542], [169.6178, 25.6429], [169.6146, 25.6316], [169.6112, 25.6204], [169.6076, 25.6093], [169.6038, 25.5982], [169.5997, 25.5872], [169.5955, 25.5762], [169.591, 25.5653], [169.5863, 25.5545], [169.5814, 25.5437], [169.5763, 25.5331], [169.571, 25.5225], [169.5656, 25.512], [169.5598, 25.5016], [169.554, 25.4913], [169.5479, 25.481], [169.5416, 25.4709], [169.5351, 25.4609], [169.5284, 25.4509], [169.5215, 25.4411], [169.5145, 25.4314], [169.5072, 25.4218], [169.4998, 25.4123], [169.4922, 25.403], [169.4844, 25.3937], [169.4765, 25.3846], [169.4683, 25.3756], [169.46, 25.3667], [169.4516, 25.358], [169.4429, 25.3494], [169.4341, 25.3409], [169.4252, 25.3326], [169.416, 25.3244], [169.4068, 25.3164], [169.3973, 25.3085], [169.3878, 25.3008], [169.378, 25.2932], [169.3681, 25.2858], [169.3581, 25.2785], [169.348, 25.2714], [169.3377, 25.2644], [169.3273, 25.2576], [169.3168, 25.251], [169.3061, 25.2445], [169.2953, 25.2382], [169.2844, 25.2321], [169.2734, 25.2261], [169.2622, 25.2204], [169.251, 25.2147], [169.2396, 25.2093], [169.2282, 25.2041], [169.2166, 25.199], [169.205, 25.1941], [169.1932, 25.1894], [169.1814, 25.1849], [169.1695, 25.1806], [169.1575, 25.1764], [169.1455, 25.1725], [169.1333, 25.1687], [169.1211, 25.1652], [169.1088, 25.1618], [169.0965, 25.1586], [169.0841, 25.1556], [169.0716, 25.1528], [169.0591, 25.1502], [169.0466, 25.1478], [169.034, 25.1456], [169.0213, 25.1436], [169.0087, 25.1418], [168.996, 25.1402], [168.9832, 25.1388], [168.9705, 25.1376], [168.9577, 25.1366], [168.9449, 25.1358], [168.9321, 25.1352], [168.9193, 25.1347], [168.9064, 25.1345], [168.8952, 25.3009], [168.8856, 25.3011], [168.8759, 25.3014], [168.8663, 25.3018], [168.8567, 25.3024], [168.8471, 25.3032], [168.8375, 25.3041], [168.8279, 25.3051], [168.8184, 25.3064], [168.8089, 25.3077], [168.7994, 25.3092], [168.7899, 25.3109], [168.7805, 25.3127], [168.7711, 25.3146], [168.7618, 25.3167], [168.7525, 25.319], [168.7432, 25.3214], [168.734, 25.3239], [168.7248, 25.3266], [168.7157, 25.3294], [168.7066, 25.3324], [168.6976, 25.3355], [168.6887, 25.3387], [168.6798, 25.3421], [168.671, 25.3457], [168.6622, 25.3493], [168.6536, 25.3531], [168.645, 25.3571], [168.6365, 25.3611], [168.628, 25.3653], [168.6197, 25.3697], [168.6114, 25.3742], [168.6032, 25.3788], [168.5951, 25.3835], [168.5871, 25.3883], [168.5792, 25.3933], [168.5714, 25.3984], [168.5636, 25.4036], [168.556, 25.409], [168.5485, 25.4145], [168.5411, 25.42], [168.5338, 25.4257], [168.5266, 25.4315], [168.5196, 25.4375], [168.5126, 25.4435], [168.5058, 25.4496], [168.499, 25.4559], [168.4924, 25.4622], [168.486, 25.4687], [168.4796, 25.4753], [168.4734, 25.4819], [168.4673, 25.4887], [168.4613, 25.4955], [168.4555, 25.5024], [168.4498, 25.5095], [168.4442, 25.5166], [168.4388, 25.5238], [168.4335, 25.5311], [168.4284, 25.5385], [168.4234, 25.5459], [168.4185, 25.5534], [168.4138, 25.561], [168.4092, 25.5687], [168.4048, 25.5765], [168.4006, 25.5843], [168.3964, 25.5922], [168.3925, 25.6001], [168.3887, 25.6081], [168.385, 25.6162], [168.3815, 25.6243], [168.3782, 25.6325], [168.375, 25.6407], [168.372, 25.649], [168.3691, 25.6573], [168.3664, 25.6656], [168.3639, 25.674], [168.3615, 25.6825], [168.3593, 25.691], [168.3572, 25.6995], [168.3553, 25.708], [168.3536, 25.7166], [168.3521, 25.7252], [168.3507, 25.7338], [168.3495, 25.7425], [168.3484, 25.7511], [168.3475, 25.7598], [168.3468, 25.7685], [168.3463, 25.7772], [168.3459, 25.7859], [168.3457, 25.7946], [167.9761, 25.8043], [167.9762, 25.8189], [167.9767, 25.8334], [167.9774, 25.8479], [167.9784, 25.8624], [167.9797, 25.8768], [167.9813, 25.8913], [167.9831, 25.9057], [167.9853, 25.9201], [167.9877, 25.9344], [167.9904, 25.9488], [167.9933, 25.963], [167.9966, 25.9772], [168.0001, 25.9914], [168.0039, 26.0055], [168.008, 26.0196], [168.0124, 26.0336], [168.017, 26.0475], [168.0219, 26.0613], [168.027, 26.0751], [168.0324, 26.0887], [168.0381, 26.1023], [168.0441, 26.1158], [168.0503, 26.1292], [168.0568, 26.1425], [168.0635, 26.1557], [168.0705, 26.1688], [168.0778, 26.1818], [168.0853, 26.1946], [168.093, 26.2074], [168.101, 26.22], [168.1093, 26.2325], [168.1178, 26.2449], [168.1265, 26.2571], [168.1355, 26.2692], [168.1447, 26.2811], [168.1542, 26.2929], [168.1638, 26.3045], [168.1737, 26.316], [168.1839, 26.3274], [168.1942, 26.3385], [168.2048, 26.3495], [168.2155, 26.3604], [168.2265, 26.371], [168.2377, 26.3815], [168.2491, 26.3919], [168.2607, 26.402], [168.2725, 26.4119], [168.2845, 26.4217], [168.2967, 26.4313], [168.3091, 26.4407], [168.3216, 26.4499], [168.3344, 26.4588], [168.3473, 26.4676], [168.3604, 26.4762], [168.3736, 26.4846], [168.387, 26.4928], [168.4006, 26.5007], [168.4143, 26.5085], [168.4282, 26.516], [168.4422, 26.5233], [168.4564, 26.5304], [168.4707, 26.5372], [168.4851, 26.5439], [168.4997, 26.5503], [168.5144, 26.5564], [168.5292, 26.5624], [168.5441, 26.5681], [168.5591, 26.5736], [168.5743, 26.5788], [168.5895, 26.5838], [168.6048, 26.5886], [168.6203, 26.5931], [168.6358, 26.5973], [168.6514, 26.6014], [168.6671, 26.6052], [168.6828, 26.6087], [168.6986, 26.612], [168.7145, 26.615], [168.7304, 26.6178], [168.7464, 26.6204], [168.7625, 26.6226], [168.7785, 26.6247], [168.7947, 26.6265], [168.8108, 26.628], [168.827, 26.6293], [168.8432, 26.6303], [168.8594, 26.631], [168.8757, 26.6316], [168.8919, 26.6318], [168.9098, 26.7982]]]}, "properties": {"layer": "storm_track", "kind": "wind_radii_forecast", "storm_id": "ep152026", "storm_name": "Nolo", "wind_kt": 50, "label": "+120h", "valid_text": "2:00 AM HST October 07, 2026"}}, {"type": "Feature", "geometry": {"type": "Polygon", "coordinates": [[[161.0199, 28.7964], [161.0596, 28.7957], [161.0994, 28.7945], [161.1391, 28.7926], [161.1787, 28.7902], [161.2183, 28.7871], [161.2578, 28.7834], [161.2973, 28.779], [161.3366, 28.7741], [161.3758, 28.7686], [161.415, 28.7624], [161.4539, 28.7556], [161.4928, 28.7483], [161.5314, 28.7403], [161.5699, 28.7317], [161.6083, 28.7225], [161.6464, 28.7127], [161.6843, 28.7024], [161.722, 28.6914], [161.7595, 28.6799], [161.7967, 28.6678], [161.8337, 28.6551], [161.8704, 28.6418], [161.9068, 28.6279], [161.9429, 28.6135], [161.9788, 28.5986], [162.0143, 28.583], [162.0495, 28.567], [162.0844, 28.5504], [162.1189, 28.5332], [162.153, 28.5155], [162.1868, 28.4973], [162.2202, 28.4785], [162.2532, 28.4593], [162.2858, 28.4395], [162.3181, 28.4192], [162.3498, 28.3984], [162.3812, 28.3771], [162.4121, 28.3554], [162.4426, 28.3332], [162.4726, 28.3105], [162.5022, 28.2873], [162.5312, 28.2637], [162.5598, 28.2396], [162.5879, 28.2151], [162.6155, 28.1901], [162.6426, 28.1647], [162.6691, 28.139], [162.6952, 28.1128], [162.7206, 28.0861], [162.7456, 28.0592], [162.77, 28.0318], [162.7939, 28.004], [162.8171, 27.9759], [162.8398, 27.9474], [162.862, 27.9186], [162.8835, 27.8894], [162.9045, 27.8599], [162.9248, 27.8301], [162.9446, 27.8], [162.9638, 27.7695], [162.9823, 27.7388], [163.0002, 27.7078], [163.0175, 27.6765], [163.0342, 27.6449], [163.0502, 27.6131], [163.0656, 27.5811], [163.0804, 27.5488], [163.0945, 27.5163], [163.1079, 27.4835], [163.1208, 27.4506], [163.1329, 27.4175], [163.1444, 27.3842], [163.1552, 27.3507], [163.1654, 27.317], [163.1749, 27.2832], [163.1837, 27.2493], [163.1918, 27.2152], [163.1993, 27.181], [163.2061, 27.1467], [163.2123, 27.1123], [163.2177, 27.0778], [163.2224, 27.0432], [163.2265, 27.0086], [163.2299, 26.9739], [163.2327, 26.9391], [163.2347, 26.9043], [163.2361, 26.8695], [163.2367, 26.8347], [163.2367, 26.7999], [162.6772, 26.7771], [162.6763, 26.7509], [162.6749, 26.7248], [162.6729, 26.6988], [162.6705, 26.6727], [162.6676, 26.6467], [162.6642, 26.6208], [162.6602, 26.5949], [162.6558, 26.5691], [162.6508, 26.5433], [162.6454, 26.5176], [162.6395, 26.4921], [162.633, 26.4666], [162.6261, 26.4412], [162.6187, 26.4159], [162.6108, 26.3908], [162.6024, 26.3657], [162.5935, 26.3408], [162.5842, 26.3161], [162.5743, 26.2915], [162.564, 26.267], [162.5533, 26.2428], [162.542, 26.2187], [162.5303, 26.1947], [162.5182, 26.171], [162.5056, 26.1474], [162.4925, 26.1241], [162.479, 26.1009], [162.465, 26.078], [162.4506, 26.0553], [162.4358, 26.0328], [162.4205, 26.0106], [162.4049, 25.9886], [162.3888, 25.9668], [162.3723, 25.9453], [162.3554, 25.9241], [162.338, 25.9031], [162.3203, 25.8824], [162.3022, 25.862], [162.2837, 25.8418], [162.2648, 25.822], [162.2456, 25.8024], [162.226, 25.7832], [162.206, 25.7642], [162.1856, 25.7456], [162.1649, 25.7273], [162.1439, 25.7093], [162.1225, 25.6917], [162.1008, 25.6743], [162.0788, 25.6574], [162.0564, 25.6407], [162.0337, 25.6244], [162.0108, 25.6085], [161.9875, 25.593], [161.9639, 25.5778], [161.9401, 25.5629], [161.9159, 25.5485], [161.8915, 25.5344], [161.8669, 25.5207], [161.842, 25.5074], [161.8168, 25.4945], [161.7914, 25.4819], [161.7658, 25.4698], [161.7399, 25.4581], [161.7138, 25.4468], [161.6875, 25.4358], [161.661, 25.4253], [161.6343, 25.4153], [161.6075, 25.4056], [161.5804, 25.3963], [161.5532, 25.3875], [161.5258, 25.3791], [161.4983, 25.3711], [161.4706, 25.3636], [161.4428, 25.3565], [161.4148, 25.3498], [161.3867, 25.3435], [161.3586, 25.3377], [161.3302, 25.3324], [161.3019, 25.3274], [161.2734, 25.323], [161.2448, 25.3189], [161.2162, 25.3153], [161.1875, 25.3122], [161.1587, 25.3095], [161.1299, 25.3072], [161.1011, 25.3054], [161.0722, 25.3041], [161.0434, 25.3032], [161.0145, 25.3027], [160.9903, 25.8018], [160.971, 25.8021], [160.9517, 25.8027], [160.9323, 25.8036], [160.913, 25.8048], [160.8938, 25.8063], [160.8745, 25.8081], [160.8553, 25.8103], [160.8361, 25.8127], [160.817, 25.8154], [160.7979, 25.8184], [160.7789, 25.8217], [160.76, 25.8252], [160.7411, 25.8291], [160.7224, 25.8333], [160.7036, 25.8378], [160.685, 25.8425], [160.6665, 25.8476], [160.6481, 25.8529], [160.6297, 25.8586], [160.6115, 25.8645], [160.5934, 25.8707], [160.5755, 25.8771], [160.5576, 25.8839], [160.5399, 25.8909], [160.5223, 25.8982], [160.5049, 25.9058], [160.4876, 25.9137], [160.4704, 25.9218], [160.4535, 25.9302], [160.4366, 25.9388], [160.42, 25.9477], [160.4035, 25.9569], [160.3872, 25.9663], [160.3711, 25.976], [160.3552, 25.9859], [160.3394, 25.996], [160.3239, 26.0065], [160.3086, 26.0171], [160.2934, 26.028], [160.2785, 26.0391], [160.2638, 26.0505], [160.2493, 26.0621], [160.2351, 26.0739], [160.221, 26.0859], [160.2072, 26.0981], [160.1936, 26.1106], [160.1803, 26.1233], [160.1673, 26.1361], [160.1544, 26.1492], [160.1418, 26.1625], [160.1295, 26.1759], [160.1175, 26.1896], [160.1057, 26.2034], [160.0942, 26.2175], [160.0829, 26.2317], [160.0719, 26.246], [160.0612, 26.2606], [160.0508, 26.2753], [160.0407, 26.2901], [160.0309, 26.3052], [160.0213, 26.3203], [160.0121, 26.3356], [160.0031, 26.3511], [159.9944, 26.3667], [159.9861, 26.3824], [159.978, 26.3983], [159.9703, 26.4143], [159.9628, 26.4304], [159.9557, 26.4466], [159.9489, 26.4629], [159.9424, 26.4793], [159.9363, 26.4959], [159.9304, 26.5125], [159.9249, 26.5292], [159.9197, 26.546], [159.9148, 26.5628], [159.9103, 26.5798], [159.9061, 26.5968], [159.9022, 26.6139], [159.8986, 26.631], [159.8954, 26.6482], [159.8925, 26.6654], [159.89, 26.6827], [159.8878, 26.7], [159.8859, 26.7173], [159.8844, 26.7347], [159.8832, 26.7521], [159.8823, 26.7695], [159.8818, 26.7869], [159.3225, 26.8032], [159.3226, 26.8293], [159.3232, 26.8554], [159.3244, 26.8815], [159.326, 26.9076], [159.3282, 26.9337], [159.3309, 26.9597], [159.3341, 26.9857], [159.3378, 27.0116], [159.342, 27.0375], [159.3467, 27.0633], [159.3519, 27.089], [159.3577, 27.1146], [159.3639, 27.1401], [159.3706, 27.1656], [159.3779, 27.1909], [159.3856, 27.2161], [159.3938, 27.2412], [159.4025, 27.2661], [159.4118, 27.2909], [159.4215, 27.3156], [159.4317, 27.3401], [159.4423, 27.3645], [159.4535, 27.3886], [159.4652, 27.4126], [159.4773, 27.4365], [159.4899, 27.4601], [159.5029, 27.4835], [159.5164, 27.5067], [159.5304, 27.5297], [159.5448, 27.5525], [159.5597, 27.575], [159.5751, 27.5974], [159.5909, 27.6194], [159.6071, 27.6413], [159.6237, 27.6628], [159.6408, 27.6841], [159.6583, 27.7052], [159.6762, 27.7259], [159.6946, 27.7464], [159.7133, 27.7666], [159.7325, 27.7865], [159.752, 27.8061], [159.7719, 27.8254], [159.7923, 27.8443], [159.813, 27.863], [159.834, 27.8813], [159.8555, 27.8993], [159.8772, 27.917], [159.8994, 27.9343], [159.9219, 27.9513], [159.9447, 27.9679], [159.9679, 27.9841], [159.9913, 28.0], [160.0152, 28.0156], [160.0393, 28.0307], [160.0637, 28.0455], [160.0884, 28.0599], [160.1134, 28.0739], [160.1387, 28.0875], [160.1642, 28.1007], [160.19, 28.1136], [160.2161, 28.126], [160.2424, 28.138], [160.269, 28.1496], [160.2958, 28.1608], [160.3228, 28.1715], [160.35, 28.1819], [160.3774, 28.1918], [160.4051, 28.2013], [160.4329, 28.2103], [160.4609, 28.2189], [160.489, 28.2271], [160.5174, 28.2348], [160.5458, 28.2421], [160.5745, 28.249], [160.6032, 28.2554], [160.6321, 28.2614], [160.6611, 28.2669], [160.6902, 28.2719], [160.7194, 28.2765], [160.7487, 28.2807], [160.7781, 28.2843], [160.8075, 28.2876], [160.837, 28.2903], [160.8666, 28.2926], [160.8962, 28.2945], [160.9258, 28.2959], [160.9555, 28.2968], [160.9852, 28.2973], [161.0199, 28.7964]]]}, "properties": {"layer": "storm_track", "kind": "wind_radii_forecast", "storm_id": "ep152026", "storm_name": "Nolo", "wind_kt": 34, "label": "+120h", "valid_text": "2:00 AM HST October 07, 2026"}}, {"type": "Feature", "geometry": {"type": "Polygon", "coordinates": [[[161.0082, 27.6318], [161.0246, 27.6316], [161.041, 27.631], [161.0573, 27.6303], [161.0737, 27.6293], [161.09, 27.628], [161.1063, 27.6265], [161.1226, 27.6247], [161.1388, 27.6226], [161.155, 27.6204], [161.1711, 27.6178], [161.1872, 27.615], [161.2032, 27.612], [161.2191, 27.6087], [161.235, 27.6052], [161.2509, 27.6014], [161.2666, 27.5973], [161.2822, 27.5931], [161.2978, 27.5885], [161.3133, 27.5838], [161.3287, 27.5788], [161.3439, 27.5735], [161.3591, 27.5681], [161.3742, 27.5624], [161.3891, 27.5564], [161.4039, 27.5502], [161.4186, 27.5438], [161.4332, 27.5372], [161.4476, 27.5303], [161.4619, 27.5233], [161.476, 27.5159], [161.49, 27.5084], [161.5039, 27.5007], [161.5176, 27.4927], [161.5311, 27.4846], [161.5445, 27.4762], [161.5577, 27.4676], [161.5707, 27.4588], [161.5835, 27.4498], [161.5962, 27.4406], [161.6087, 27.4312], [161.621, 27.4217], [161.6331, 27.4119], [161.645, 27.4019], [161.6567, 27.3918], [161.6682, 27.3815], [161.6795, 27.371], [161.6906, 27.3603], [161.7014, 27.3495], [161.7121, 27.3385], [161.7225, 27.3273], [161.7327, 27.316], [161.7427, 27.3045], [161.7525, 27.2928], [161.762, 27.281], [161.7713, 27.2691], [161.7803, 27.257], [161.7891, 27.2448], [161.7977, 27.2324], [161.806, 27.2199], [161.8141, 27.2073], [161.8219, 27.1945], [161.8295, 27.1817], [161.8368, 27.1687], [161.8438, 27.1556], [161.8506, 27.1424], [161.8572, 27.1291], [161.8634, 27.1157], [161.8694, 27.1022], [161.8752, 27.0886], [161.8807, 27.075], [161.8859, 27.0612], [161.8908, 27.0474], [161.8954, 27.0334], [161.8998, 27.0195], [161.9039, 27.0054], [161.9078, 26.9913], [161.9113, 26.9771], [161.9146, 26.9629], [161.9176, 26.9486], [161.9203, 26.9343], [161.9227, 26.92], [161.9249, 26.9056], [161.9267, 26.8912], [161.9283, 26.8767], [161.9296, 26.8622], [161.9306, 26.8477], [161.9314, 26.8332], [161.9318, 26.8187], [161.932, 26.8042], [161.7455, 26.7922], [161.7452, 26.7806], [161.7447, 26.769], [161.7439, 26.7574], [161.7429, 26.7459], [161.7417, 26.7343], [161.7403, 26.7227], [161.7386, 26.7112], [161.7367, 26.6997], [161.7346, 26.6883], [161.7323, 26.6768], [161.7298, 26.6655], [161.727, 26.6541], [161.724, 26.6428], [161.7208, 26.6316], [161.7173, 26.6204], [161.7137, 26.6092], [161.7098, 26.5981], [161.7057, 26.5871], [161.7014, 26.5761], [161.6969, 26.5652], [161.6922, 26.5544], [161.6873, 26.5437], [161.6821, 26.533], [161.6768, 26.5224], [161.6712, 26.5119], [161.6655, 26.5015], [161.6595, 26.4912], [161.6534, 26.481], [161.647, 26.4708], [161.6405, 26.4608], [161.6338, 26.4509], [161.6268, 26.4411], [161.6197, 26.4314], [161.6124, 26.4218], [161.6049, 26.4123], [161.5973, 26.4029], [161.5894, 26.3937], [161.5814, 26.3845], [161.5732, 26.3756], [161.5648, 26.3667], [161.5562, 26.358], [161.5475, 26.3494], [161.5387, 26.3409], [161.5296, 26.3326], [161.5204, 26.3244], [161.5111, 26.3164], [161.5015, 26.3085], [161.4919, 26.3007], [161.4821, 26.2932], [161.4721, 26.2857], [161.462, 26.2784], [161.4518, 26.2713], [161.4414, 26.2644], [161.4309, 26.2576], [161.4203, 26.2509], [161.4095, 26.2445], [161.3986, 26.2382], [161.3876, 26.2321], [161.3765, 26.2261], [161.3653, 26.2203], [161.354, 26.2147], [161.3425, 26.2093], [161.3309, 26.2041], [161.3193, 26.199], [161.3076, 26.1941], [161.2957, 26.1894], [161.2838, 26.1849], [161.2718, 26.1806], [161.2597, 26.1764], [161.2475, 26.1725], [161.2353, 26.1687], [161.223, 26.1652], [161.2106, 26.1618], [161.1981, 26.1586], [161.1856, 26.1556], [161.1731, 26.1528], [161.1605, 26.1502], [161.1478, 26.1478], [161.1351, 26.1456], [161.1224, 26.1436], [161.1096, 26.1418], [161.0968, 26.1402], [161.0839, 26.1388], [161.0711, 26.1376], [161.0582, 26.1366], [161.0453, 26.1358], [161.0323, 26.1352], [161.0194, 26.1348], [161.0065, 26.1345], [160.9951, 26.3009], [160.9854, 26.3011], [160.9757, 26.3014], [160.966, 26.3018], [160.9563, 26.3024], [160.9467, 26.3032], [160.937, 26.3041], [160.9273, 26.3051], [160.9177, 26.3064], [160.9081, 26.3077], [160.8985, 26.3092], [160.889, 26.3109], [160.8795, 26.3127], [160.87, 26.3146], [160.8606, 26.3167], [160.8512, 26.319], [160.8419, 26.3214], [160.8326, 26.3239], [160.8233, 26.3266], [160.8141, 26.3294], [160.805, 26.3324], [160.7959, 26.3355], [160.7869, 26.3387], [160.7779, 26.3421], [160.7691, 26.3456], [160.7602, 26.3493], [160.7515, 26.3531], [160.7428, 26.3571], [160.7342, 26.3611], [160.7257, 26.3653], [160.7173, 26.3697], [160.7089, 26.3741], [160.7007, 26.3787], [160.6925, 26.3835], [160.6844, 26.3883], [160.6765, 26.3933], [160.6686, 26.3984], [160.6608, 26.4036], [160.6531, 26.409], [160.6455, 26.4144], [160.6381, 26.42], [160.6307, 26.4257], [160.6235, 26.4315], [160.6163, 26.4374], [160.6093, 26.4435], [160.6024, 26.4496], [160.5956, 26.4559], [160.589, 26.4622], [160.5824, 26.4687], [160.576, 26.4752], [160.5697, 26.4819], [160.5636, 26.4886], [160.5576, 26.4955], [160.5517, 26.5024], [160.5459, 26.5094], [160.5403, 26.5166], [160.5349, 26.5238], [160.5295, 26.5311], [160.5243, 26.5384], [160.5193, 26.5459], [160.5144, 26.5534], [160.5096, 26.561], [160.505, 26.5687], [160.5006, 26.5764], [160.4963, 26.5842], [160.4921, 26.5921], [160.4881, 26.6001], [160.4843, 26.6081], [160.4806, 26.6161], [160.4771, 26.6242], [160.4737, 26.6324], [160.4705, 26.6406], [160.4674, 26.6489], [160.4645, 26.6572], [160.4618, 26.6656], [160.4592, 26.674], [160.4568, 26.6824], [160.4546, 26.6909], [160.4525, 26.6994], [160.4506, 26.708], [160.4489, 26.7166], [160.4474, 26.7252], [160.4459, 26.7338], [160.4447, 26.7424], [160.4436, 26.7511], [160.4428, 26.7598], [160.442, 26.7684], [160.4415, 26.7771], [160.4411, 26.7858], [160.4409, 26.7945], [160.2545, 26.8039], [160.2546, 26.8155], [160.255, 26.8271], [160.2556, 26.8387], [160.2564, 26.8503], [160.2575, 26.8618], [160.2588, 26.8734], [160.2603, 26.8849], [160.262, 26.8964], [160.264, 26.9079], [160.2662, 26.9194], [160.2686, 26.9308], [160.2712, 26.9422], [160.2741, 26.9535], [160.2771, 26.9648], [160.2804, 26.976], [160.284, 26.9872], [160.2877, 26.9983], [160.2917, 27.0094], [160.2959, 27.0204], [160.3002, 27.0313], [160.3048, 27.0422], [160.3097, 27.053], [160.3147, 27.0637], [160.3199, 27.0743], [160.3254, 27.0849], [160.331, 27.0954], [160.3369, 27.1057], [160.343, 27.116], [160.3492, 27.1262], [160.3557, 27.1363], [160.3623, 27.1463], [160.3692, 27.1562], [160.3763, 27.1659], [160.3835, 27.1756], [160.391, 27.1851], [160.3986, 27.1946], [160.4064, 27.2039], [160.4144, 27.2131], [160.4226, 27.2221], [160.4309, 27.2311], [160.4394, 27.2399], [160.4481, 27.2485], [160.457, 27.257], [160.466, 27.2654], [160.4752, 27.2737], [160.4846, 27.2818], [160.4941, 27.2897], [160.5038, 27.2975], [160.5136, 27.3052], [160.5236, 27.3127], [160.5337, 27.32], [160.544, 27.3272], [160.5544, 27.3342], [160.565, 27.3411], [160.5757, 27.3478], [160.5865, 27.3543], [160.5974, 27.3607], [160.6085, 27.3669], [160.6197, 27.3729], [160.631, 27.3787], [160.6424, 27.3844], [160.6539, 27.3899], [160.6656, 27.3952], [160.6773, 27.4003], [160.6891, 27.4052], [160.7011, 27.41], [160.7131, 27.4145], [160.7252, 27.4189], [160.7375, 27.4231], [160.7497, 27.4271], [160.7621, 27.4309], [160.7746, 27.4345], [160.787, 27.4379], [160.7996, 27.4411], [160.8123, 27.4442], [160.825, 27.447], [160.8377, 27.4496], [160.8505, 27.452], [160.8634, 27.4543], [160.8762, 27.4563], [160.8892, 27.4581], [160.9021, 27.4597], [160.9151, 27.4612], [160.9281, 27.4624], [160.9412, 27.4634], [160.9542, 27.4642], [160.9673, 27.4648], [160.9804, 27.4652], [160.9935, 27.4655], [161.0082, 27.6318]]]}, "properties": {"layer": "storm_track", "kind": "wind_radii_forecast", "storm_id": "ep152026", "storm_name": "Nolo", "wind_kt": 50, "label": "+120h", "valid_text": "2:00 AM HST October 07, 2026"}}, {"type": "Feature", "geometry": {"type": "LineString", "coordinates": [[-164.2, 21.0], [-164.2, 21.8], [-164.2, 22.4], [-164.7, 22.2], [-164.7, 21.9], [-164.7, 21.6], [-165.0, 21.7], [-165.2, 21.8], [-165.4, 22.0], [-165.9, 22.8], [-166.4, 23.0], [-167.0, 23.2]]}, "properties": {"layer": "storm_track", "kind": "past", "storm_id": "ep152026", "storm_name": "Nolo"}}, {"type": "Feature", "geometry": {"type": "Point", "coordinates": [-164.2, 21.0]}, "properties": {"layer": "storm_track", "kind": "past_point", "storm_id": "ep152026", "storm_name": "Nolo", "time_iso": "2026-09-29T18:00:00Z", "hours_ago": 71.3, "wind_kt": 90, "category": "Categoria 2"}}, {"type": "Feature", "geometry": {"type": "Point", "coordinates": [-164.2, 21.8]}, "properties": {"layer": "storm_track", "kind": "past_point", "storm_id": "ep152026", "storm_name": "Nolo", "time_iso": "2026-09-30T00:00:00Z", "hours_ago": 65.3, "wind_kt": 80, "category": "Categoria 1 (huracan)"}}, {"type": "Feature", "geometry": {"type": "Point", "coordinates": [-164.2, 22.4]}, "properties": {"layer": "storm_track", "kind": "past_point", "storm_id": "ep152026", "storm_name": "Nolo", "time_iso": "2026-09-30T06:00:00Z", "hours_ago": 59.3, "wind_kt": 65, "category": "Categoria 1 (huracan)"}}, {"type": "Feature", "geometry": {"type": "Point", "coordinates": [-164.7, 22.2]}, "properties": {"layer": "storm_track", "kind": "past_point", "storm_id": "ep152026", "storm_name": "Nolo", "time_iso": "2026-09-30T12:00:00Z", "hours_ago": 53.3, "wind_kt": 55, "category": "Tormenta tropical"}}, {"type": "Feature", "geometry": {"type": "Point", "coordinates": [-164.7, 21.9]}, "properties": {"layer": "storm_track", "kind": "past_point", "storm_id": "ep152026", "storm_name": "Nolo", "time_iso": "2026-09-30T18:00:00Z", "hours_ago": 47.3, "wind_kt": 50, "category": "Tormenta tropical"}}, {"type": "Feature", "geometry": {"type": "Point", "coordinates": [-164.7, 21.6]}, "properties": {"layer": "storm_track", "kind": "past_point", "storm_id": "ep152026", "storm_name": "Nolo", "time_iso": "2026-10-01T00:00:00Z", "hours_ago": 41.3, "wind_kt": 50, "category": "Tormenta tropical"}}, {"type": "Feature", "geometry": {"type": "Point", "coordinates": [-165.0, 21.7]}, "properties": {"layer": "storm_track", "kind": "past_point", "storm_id": "ep152026", "storm_name": "Nolo", "time_iso": "2026-10-01T06:00:00Z", "hours_ago": 35.3, "wind_kt": 50, "category": "Tormenta tropical"}}, {"type": "Feature", "geometry": {"type": "Point", "coordinates": [-165.2, 21.8]}, "properties": {"layer": "storm_track", "kind": "past_point", "storm_id": "ep152026", "storm_name": "Nolo", "time_iso": "2026-10-01T12:00:00Z", "hours_ago": 29.3, "wind_kt": 50, "category": "Tormenta tropical"}}, {"type": "Feature", "geometry": {"type": "Point", "coordinates": [-165.4, 22.0]}, "properties": {"layer": "storm_track", "kind": "past_point", "storm_id": "ep152026", "storm_name": "Nolo", "time_iso": "2026-10-01T18:00:00Z", "hours_ago": 23.3, "wind_kt": 50, "category": "Tormenta tropical"}}, {"type": "Feature", "geometry": {"type": "Point", "coordinates": [-165.9, 22.8]}, "properties": {"layer": "storm_track", "kind": "past_point", "storm_id": "ep152026", "storm_name": "Nolo", "time_iso": "2026-10-02T00:00:00Z", "hours_ago": 17.3, "wind_kt": 50, "category": "Tormenta tropical"}}, {"type": "Feature", "geometry": {"type": "Point", "coordinates": [-166.4, 23.0]}, "properties": {"layer": "storm_track", "kind": "past_point", "storm_id": "ep152026", "storm_name": "Nolo", "time_iso": "2026-10-02T06:00:00Z", "hours_ago": 11.3, "wind_kt": 55, "category": "Tormenta tropical"}}, {"type": "Feature", "geometry": {"type": "Point", "coordinates": [-167.0, 23.2]}, "properties": {"layer": "storm_track", "kind": "past_point", "storm_id": "ep152026", "storm_name": "Nolo", "time_iso": "2026-10-02T12:00:00Z", "hours_ago": 5.3, "wind_kt": 60, "category": "Tormenta tropical"}}]}